subject_id,hemi,parcel,n_vert,surf_area,gray_vol,thick_avg,thick_std,mean_curv,gaus_curv,fold_ind,curv_ind
10369,lh,bankssts,1857,1245.0,2924.0,2.495,0.454,0.103,0.017,14.0,1.5
10369,lh,caudalanteriorcingulate,1156,777.0,2323.0,2.573,0.802,0.132,0.019,17.0,1.1
10369,lh,caudalmiddlefrontal,4964,3029.0,8716.0,2.692,0.528,0.104,0.02,39.0,4.4
10369,lh,cuneus,2924,1989.0,3527.0,1.661,0.498,0.143,0.03,40.0,3.8
10369,lh,entorhinal,702,453.0,1677.0,2.83,0.852,0.1,0.019,5.0,0.6
10369,lh,fusiform,5718,3891.0,12608.0,2.823,0.647,0.117,0.023,58.0,5.3
10369,lh,inferiorparietal,6430,4351.0,10704.0,2.303,0.549,0.118,0.021,69.0,5.7
10369,lh,inferiortemporal,6246,4362.0,14588.0,2.778,0.7,0.119,0.023,74.0,5.9
10369,lh,isthmuscingulate,1289,876.0,2317.0,2.325,0.923,0.125,0.026,19.0,1.4
10369,lh,lateraloccipital,9519,6327.0,13332.0,1.974,0.61,0.141,0.032,129.0,13.4
10369,lh,lateralorbitofrontal,3857,2580.0,7451.0,2.624,0.699,0.133,0.03,47.0,4.9
10369,lh,lingual,4684,3240.0,5711.0,1.721,0.564,0.128,0.029,50.0,5.8
10369,lh,medialorbitofrontal,3035,2103.0,6382.0,2.527,0.883,0.128,0.033,47.0,3.9
10369,lh,middletemporal,5579,3899.0,13152.0,2.705,0.662,0.115,0.022,63.0,5.1
10369,lh,parahippocampal,1017,624.0,1658.0,2.396,0.6,0.067,0.008,6.0,0.3
10369,lh,paracentral,2060,1361.0,3601.0,2.371,0.595,0.115,0.022,24.0,1.9
10369,lh,parsopercularis,2193,1534.0,4435.0,2.65,0.49,0.122,0.023,23.0,2.1
10369,lh,parsorbitalis,1000,672.0,2178.0,2.66,0.434,0.118,0.024,12.0,1.0
10369,lh,parstriangularis,1645,1134.0,3035.0,2.422,0.539,0.113,0.02,17.0,1.5
10369,lh,pericalcarine,2279,1543.0,1857.0,1.373,0.324,0.137,0.029,27.0,2.8
10369,lh,postcentral,6809,4539.0,12224.0,2.416,0.523,0.117,0.02,76.0,6.0
10369,lh,posteriorcingulate,1769,1235.0,3381.0,2.477,0.82,0.139,0.027,28.0,2.2
10369,lh,precentral,10853,6791.0,16734.0,2.3,0.58,0.106,0.02,93.0,9.3
10369,lh,precuneus,4030,2711.0,6310.0,2.195,0.581,0.121,0.024,45.0,4.0
10369,lh,rostralanteriorcingulate,1164,840.0,2910.0,3.035,0.771,0.124,0.026,17.0,1.4
10369,lh,rostralmiddlefrontal,9514,6600.0,19808.0,2.631,0.661,0.134,0.033,119.0,12.9
10369,lh,superiorfrontal,14199,8984.0,28424.0,2.788,0.664,0.112,0.025,137.0,14.4
10369,lh,superiorparietal,6790,4328.0,9061.0,2.036,0.497,0.118,0.023,70.0,6.5
10369,lh,superiortemporal,6361,4330.0,13362.0,2.786,0.642,0.119,0.025,67.0,6.6
10369,lh,supramarginal,4486,3051.0,8407.0,2.489,0.528,0.121,0.022,55.0,4.1
10369,lh,frontalpole,421,351.0,1299.0,2.64,0.687,0.174,0.044,9.0,0.9
10369,lh,temporalpole,755,550.0,2616.0,3.168,0.95,0.135,0.047,12.0,1.4
10369,lh,transversetemporal,683,438.0,949.0,2.238,0.492,0.123,0.027,7.0,0.8
10369,lh,insula,3404,2288.0,7090.0,3.106,0.797,0.117,0.03,34.0,3.8
10369,rh,bankssts,1704,1134.0,2564.0,2.437,0.437,0.099,0.017,11.0,1.2
10369,rh,caudalanteriorcingulate,962,614.0,1480.0,2.233,0.661,0.12,0.013,13.0,0.5
10369,rh,caudalmiddlefrontal,4089,2570.0,7385.0,2.587,0.607,0.105,0.021,32.0,3.6
10369,rh,cuneus,1958,1308.0,2392.0,1.617,0.525,0.145,0.03,28.0,2.6
10369,rh,entorhinal,794,565.0,2167.0,2.804,0.874,0.132,0.033,8.0,1.0
10369,rh,fusiform,5568,3730.0,11239.0,2.689,0.67,0.12,0.024,61.0,5.6
10369,rh,inferiorparietal,8675,5683.0,15155.0,2.426,0.576,0.112,0.02,89.0,7.3
10369,rh,inferiortemporal,6081,4196.0,13167.0,2.757,0.647,0.123,0.027,73.0,7.1
10369,rh,isthmuscingulate,1577,1078.0,2845.0,2.304,0.738,0.115,0.024,20.0,1.5
10369,rh,lateraloccipital,8106,5372.0,10858.0,1.965,0.587,0.135,0.031,95.0,10.6
10369,rh,lateralorbitofrontal,3706,2621.0,7000.0,2.581,0.571,0.141,0.036,45.0,5.9
10369,rh,lingual,5264,3618.0,7506.0,1.914,0.691,0.128,0.028,59.0,6.6
10369,rh,medialorbitofrontal,2764,1959.0,5925.0,2.546,0.825,0.121,0.03,36.0,3.5
10369,rh,middletemporal,5920,4038.0,13806.0,2.736,0.664,0.112,0.022,61.0,5.3
10369,rh,parahippocampal,1140,706.0,2203.0,2.605,0.824,0.084,0.013,7.0,0.6
10369,rh,paracentral,3481,2303.0,5760.0,2.324,0.46,0.122,0.024,42.0,3.4
10369,rh,parsopercularis,2774,1891.0,5916.0,2.764,0.539,0.108,0.02,28.0,2.3
10369,rh,parsorbitalis,1176,841.0,2557.0,2.504,0.573,0.13,0.028,17.0,1.2
10369,rh,parstriangularis,2416,1649.0,4251.0,2.451,0.542,0.118,0.025,24.0,2.4
10369,rh,pericalcarine,2201,1510.0,1900.0,1.443,0.316,0.119,0.022,20.0,2.2
10369,rh,postcentral,6750,4355.0,12213.0,2.46,0.507,0.115,0.021,76.0,6.3
10369,rh,posteriorcingulate,1997,1405.0,3532.0,2.349,0.769,0.124,0.025,25.0,2.1
10369,rh,precentral,7535,4803.0,9771.0,1.991,0.605,0.107,0.021,67.0,6.6
10369,rh,precuneus,5098,3389.0,7364.0,2.088,0.535,0.114,0.021,52.0,4.4
10369,rh,rostralanteriorcingulate,748,502.0,1694.0,2.937,0.696,0.108,0.022,9.0,0.6
10369,rh,rostralmiddlefrontal,11551,8013.0,23274.0,2.594,0.577,0.128,0.028,135.0,13.6
10369,rh,superiorfrontal,14549,9385.0,28918.0,2.709,0.636,0.118,0.027,142.0,15.9
10369,rh,superiorparietal,7060,4324.0,9587.0,2.079,0.579,0.109,0.022,65.0,6.2
10369,rh,superiortemporal,5850,3916.0,12249.0,2.681,0.661,0.109,0.022,55.0,5.1
10369,rh,supramarginal,4923,3325.0,9141.0,2.509,0.569,0.111,0.019,49.0,4.1
10369,rh,frontalpole,611,451.0,2220.0,2.909,0.984,0.175,0.066,15.0,2.0
10369,rh,temporalpole,804,634.0,2820.0,3.323,0.911,0.181,0.061,17.0,2.2
10369,rh,transversetemporal,503,311.0,672.0,2.134,0.495,0.133,0.025,6.0,0.5
10369,rh,insula,3626,2530.0,7552.0,2.98,0.798,0.131,0.033,42.0,4.8
10418,lh,bankssts,1450,944.0,1823.0,2.112,0.487,0.09,0.015,6.0,1.0
10418,lh,caudalanteriorcingulate,657,397.0,1052.0,2.723,0.558,0.119,0.015,9.0,0.3
10418,lh,caudalmiddlefrontal,3349,2044.0,4337.0,2.082,0.458,0.104,0.017,27.0,2.4
10418,lh,cuneus,2254,1432.0,2209.0,1.537,0.37,0.128,0.023,26.0,2.4
10418,lh,entorhinal,716,451.0,1938.0,2.951,0.678,0.096,0.022,7.0,0.5
10418,lh,fusiform,4366,3100.0,8356.0,2.382,0.622,0.127,0.024,50.0,4.6
10418,lh,inferiorparietal,5045,3292.0,7918.0,2.23,0.56,0.115,0.021,49.0,4.5
10418,lh,inferiortemporal,4468,3190.0,10127.0,2.724,0.676,0.131,0.026,55.0,4.7
10418,lh,isthmuscingulate,1336,851.0,1917.0,1.986,0.751,0.111,0.025,18.0,1.4
10418,lh,lateraloccipital,7275,4728.0,9005.0,1.8,0.511,0.127,0.026,77.0,8.0
10418,lh,lateralorbitofrontal,4100,2716.0,7031.0,2.491,0.65,0.125,0.022,46.0,4.1
10418,lh,lingual,3529,2293.0,4498.0,1.851,0.56,0.12,0.023,35.0,3.5
10418,lh,medialorbitofrontal,2250,1525.0,3606.0,2.211,0.615,0.116,0.02,27.0,2.0
10418,lh,middletemporal,4219,2816.0,8071.0,2.534,0.74,0.119,0.024,44.0,4.2
10418,lh,parahippocampal,1238,736.0,1951.0,2.351,0.803,0.057,0.01,6.0,0.5
10418,lh,paracentral,1981,1184.0,2618.0,2.128,0.55,0.081,0.012,9.0,1.0
10418,lh,parsopercularis,2227,1475.0,3660.0,2.324,0.487,0.112,0.023,21.0,2.2
10418,lh,parsorbitalis,950,648.0,2044.0,2.771,0.777,0.132,0.034,13.0,1.3
10418,lh,parstriangularis,1899,1264.0,2709.0,2.002,0.537,0.121,0.022,18.0,1.9
10418,lh,pericalcarine,1471,986.0,1284.0,1.518,0.333,0.125,0.028,14.0,1.7
10418,lh,postcentral,6133,3767.0,7838.0,1.912,0.569,0.098,0.017,46.0,4.6
10418,lh,posteriorcingulate,1475,956.0,2428.0,2.319,0.676,0.112,0.017,14.0,1.2
10418,lh,precentral,7682,4633.0,10347.0,2.168,0.562,0.098,0.019,51.0,6.2
10418,lh,precuneus,5883,3864.0,8058.0,2.06,0.512,0.114,0.021,52.0,5.4
10418,lh,rostralanteriorcingulate,972,649.0,2167.0,2.838,0.919,0.143,0.036,17.0,1.7
10418,lh,rostralmiddlefrontal,7958,5262.0,11305.0,2.074,0.522,0.124,0.027,84.0,9.2
10418,lh,superiorfrontal,9780,6243.0,16118.0,2.377,0.59,0.11,0.022,82.0,9.1
10418,lh,superiorparietal,7790,4733.0,9219.0,1.881,0.484,0.103,0.018,63.0,5.9
10418,lh,superiortemporal,5990,3860.0,10852.0,2.568,0.682,0.107,0.019,51.0,5.2
10418,lh,supramarginal,6274,4169.0,9794.0,2.256,0.532,0.113,0.021,60.0,5.8
10418,lh,frontalpole,346,268.0,653.0,2.095,0.482,0.182,0.043,8.0,0.7
10418,lh,temporalpole,611,452.0,2466.0,3.635,0.593,0.132,0.03,7.0,0.8
10418,lh,transversetemporal,792,443.0,1000.0,2.108,0.368,0.103,0.016,6.0,0.5
10418,lh,insula,3383,2236.0,6556.0,2.802,0.891,0.116,0.034,36.0,5.4
10418,rh,bankssts,1649,1057.0,2044.0,2.08,0.439,0.087,0.013,9.0,0.7
10418,rh,caudalanteriorcingulate,953,604.0,1781.0,2.495,0.792,0.101,0.013,9.0,0.6
10418,rh,caudalmiddlefrontal,2776,1690.0,4421.0,2.344,0.539,0.096,0.017,20.0,1.9
10418,rh,cuneus,2208,1336.0,2439.0,1.69,0.468,0.111,0.022,21.0,2.2
10418,rh,entorhinal,634,401.0,1596.0,2.889,0.884,0.099,0.013,5.0,0.3
10418,rh,fusiform,4151,2869.0,7540.0,2.438,0.549,0.129,0.025,46.0,4.4
10418,rh,inferiorparietal,8321,5118.0,11852.0,2.195,0.523,0.109,0.021,74.0,7.2
10418,rh,inferiortemporal,4434,2981.0,8765.0,2.578,0.755,0.127,0.027,61.0,5.1
10418,rh,isthmuscingulate,1328,856.0,2274.0,2.334,0.812,0.106,0.022,12.0,1.0
10418,rh,lateraloccipital,7456,4854.0,10041.0,1.903,0.562,0.131,0.026,81.0,8.7
10418,rh,lateralorbitofrontal,4435,3041.0,7349.0,2.358,0.651,0.129,0.027,56.0,5.1
10418,rh,lingual,4048,2694.0,5436.0,1.872,0.631,0.136,0.027,47.0,4.9
10418,rh,medialorbitofrontal,2494,1830.0,4832.0,2.364,0.669,0.123,0.024,36.0,2.7
10418,rh,middletemporal,4576,3041.0,8696.0,2.473,0.687,0.11,0.021,46.0,4.1
10418,rh,parahippocampal,1154,713.0,2087.0,2.574,0.959,0.085,0.015,9.0,0.7
10418,rh,paracentral,2260,1306.0,2816.0,2.124,0.571,0.081,0.013,10.0,1.3
10418,rh,parsopercularis,1633,1096.0,2544.0,2.223,0.452,0.12,0.024,15.0,1.6
10418,rh,parsorbitalis,1043,698.0,2149.0,2.595,0.61,0.132,0.027,12.0,1.2
10418,rh,parstriangularis,2018,1323.0,3025.0,2.197,0.51,0.117,0.022,19.0,1.9
10418,rh,pericalcarine,1821,1196.0,1645.0,1.516,0.359,0.118,0.025,16.0,1.8
10418,rh,postcentral,6226,3752.0,8064.0,1.98,0.556,0.097,0.018,101.0,4.7
10418,rh,posteriorcingulate,1446,954.0,2583.0,2.395,0.763,0.116,0.02,16.0,1.3
10418,rh,precentral,7969,4840.0,11563.0,2.303,0.503,0.098,0.018,54.0,6.2
10418,rh,precuneus,5983,3860.0,8732.0,2.143,0.59,0.112,0.022,55.0,5.8
10418,rh,rostralanteriorcingulate,645,474.0,1743.0,2.893,0.778,0.136,0.028,10.0,0.8
10418,rh,rostralmiddlefrontal,7616,5194.0,11480.0,2.038,0.519,0.122,0.023,80.0,7.6
10418,rh,superiorfrontal,7941,5118.0,13968.0,2.518,0.602,0.115,0.023,68.0,7.5
10418,rh,superiorparietal,7785,4794.0,9206.0,1.883,0.478,0.105,0.019,58.0,6.5
10418,rh,superiortemporal,5850,3651.0,9832.0,2.473,0.668,0.105,0.019,47.0,4.9
10418,rh,supramarginal,4883,3108.0,7738.0,2.356,0.49,0.108,0.019,42.0,4.1
10418,rh,frontalpole,498,382.0,996.0,2.28,0.44,0.189,0.052,11.0,1.3
10418,rh,temporalpole,568,396.0,2088.0,3.559,0.706,0.12,0.026,6.0,0.6
10418,rh,transversetemporal,634,342.0,948.0,2.45,0.399,0.121,0.026,8.0,0.6
10418,rh,insula,3067,2030.0,6132.0,3.013,0.955,0.108,0.026,26.0,2.9
10541,lh,bankssts,2072,1363.0,3485.0,2.32,0.574,0.106,0.019,15.0,1.7
10541,lh,caudalanteriorcingulate,1495,964.0,2528.0,2.316,0.784,0.121,0.015,20.0,1.0
10541,lh,caudalmiddlefrontal,5130,3240.0,8175.0,2.299,0.594,0.1,0.018,38.0,4.1
10541,lh,cuneus,2608,1734.0,3321.0,1.743,0.568,0.132,0.029,32.0,3.4
10541,lh,entorhinal,764,510.0,1999.0,2.926,0.77,0.112,0.026,7.0,0.7
10541,lh,fusiform,5263,3626.0,11553.0,2.704,0.668,0.124,0.025,63.0,5.3
10541,lh,inferiorparietal,9120,6008.0,14174.0,2.233,0.533,0.116,0.024,87.0,9.1
10541,lh,inferiortemporal,5588,3793.0,12882.0,2.86,0.697,0.114,0.023,54.0,5.3
10541,lh,isthmuscingulate,1779,1222.0,2822.0,1.97,0.834,0.114,0.025,23.0,1.7
10541,lh,lateraloccipital,9833,6485.0,12990.0,1.873,0.532,0.132,0.03,112.0,12.9
10541,lh,lateralorbitofrontal,4400,2981.0,7588.0,2.455,0.573,0.124,0.025,53.0,4.7
10541,lh,lingual,5017,3325.0,6593.0,1.773,0.629,0.125,0.027,54.0,5.9
10541,lh,medialorbitofrontal,3556,2449.0,5808.0,2.229,0.643,0.122,0.024,45.0,3.4
10541,lh,middletemporal,5601,3703.0,11990.0,2.718,0.712,0.108,0.021,53.0,4.7
10541,lh,parahippocampal,991,613.0,1663.0,2.348,0.636,0.089,0.015,7.0,0.5
10541,lh,paracentral,2398,1549.0,3573.0,2.081,0.724,0.109,0.024,18.0,2.5
10541,lh,parsopercularis,2478,1652.0,4501.0,2.454,0.455,0.107,0.021,28.0,2.0
10541,lh,parsorbitalis,1109,746.0,2272.0,2.461,0.572,0.126,0.024,12.0,1.1
10541,lh,parstriangularis,2087,1353.0,3085.0,2.096,0.482,0.116,0.022,19.0,2.1
10541,lh,pericalcarine,2559,1784.0,2560.0,1.588,0.544,0.133,0.031,27.0,3.3
10541,lh,postcentral,7186,4476.0,8884.0,1.832,0.624,0.104,0.021,57.0,6.5
10541,lh,posteriorcingulate,1879,1303.0,3132.0,2.114,0.732,0.125,0.023,24.0,1.9
10541,lh,precentral,9013,5481.0,12202.0,2.145,0.692,0.102,0.021,67.0,8.2
10541,lh,precuneus,6191,4254.0,10215.0,2.262,0.609,0.129,0.028,71.0,7.4
10541,lh,rostralanteriorcingulate,1703,1184.0,3416.0,2.493,0.79,0.12,0.023,21.0,1.6
10541,lh,rostralmiddlefrontal,9867,6579.0,15373.0,2.158,0.535,0.125,0.027,105.0,11.1
10541,lh,superiorfrontal,12346,8284.0,24663.0,2.605,0.682,0.12,0.025,120.0,12.8
10541,lh,superiorparietal,9348,6094.0,14487.0,2.123,0.642,0.116,0.025,88.0,9.9
10541,lh,superiortemporal,6601,4127.0,11357.0,2.501,0.639,0.092,0.016,50.0,4.2
10541,lh,supramarginal,7497,4972.0,11514.0,2.191,0.558,0.112,0.02,68.0,6.6
10541,lh,frontalpole,489,360.0,1022.0,2.255,0.553,0.16,0.03,9.0,0.6
10541,lh,temporalpole,757,507.0,2484.0,3.349,0.621,0.111,0.025,8.0,0.8
10541,lh,transversetemporal,747,425.0,931.0,2.131,0.405,0.124,0.023,9.0,0.8
10541,lh,insula,3613,2420.0,6886.0,2.793,0.836,0.115,0.035,38.0,5.2
10541,rh,bankssts,1480,975.0,1895.0,2.183,0.422,0.096,0.014,7.0,1.0
10541,rh,caudalanteriorcingulate,1614,1092.0,2813.0,2.239,0.904,0.116,0.019,22.0,1.4
10541,rh,caudalmiddlefrontal,3489,2209.0,5655.0,2.392,0.492,0.101,0.02,25.0,2.9
10541,rh,cuneus,3268,2158.0,4146.0,1.744,0.572,0.138,0.029,42.0,4.3
10541,rh,entorhinal,723,459.0,1995.0,2.816,1.005,0.105,0.017,5.0,0.5
10541,rh,fusiform,5895,4099.0,11882.0,2.569,0.642,0.127,0.027,69.0,6.8
10541,rh,inferiorparietal,11496,7167.0,16674.0,2.247,0.562,0.107,0.023,102.0,11.1
10541,rh,inferiortemporal,5664,3771.0,12005.0,2.762,0.621,0.112,0.025,62.0,5.6
10541,rh,isthmuscingulate,1115,715.0,1642.0,2.082,0.802,0.115,0.024,14.0,1.1
10541,rh,lateraloccipital,10369,6916.0,13732.0,1.918,0.56,0.136,0.03,117.0,14.1
10541,rh,lateralorbitofrontal,4398,3009.0,7927.0,2.583,0.675,0.126,0.028,50.0,5.1
10541,rh,lingual,4270,2812.0,5105.0,1.653,0.598,0.124,0.029,44.0,5.5
10541,rh,medialorbitofrontal,3512,2490.0,6380.0,2.321,0.698,0.126,0.023,49.0,3.6
10541,rh,middletemporal,5494,3606.0,11497.0,2.731,0.733,0.107,0.023,52.0,5.2
10541,rh,parahippocampal,1017,635.0,1872.0,2.627,0.822,0.094,0.017,7.0,0.6
10541,rh,paracentral,2731,1776.0,4442.0,2.372,0.648,0.116,0.026,23.0,3.1
10541,rh,parsopercularis,2079,1347.0,3395.0,2.397,0.517,0.108,0.02,16.0,1.9
10541,rh,parsorbitalis,1199,809.0,2778.0,2.879,0.637,0.134,0.031,15.0,1.5
10541,rh,parstriangularis,2725,1816.0,4164.0,2.107,0.535,0.12,0.021,26.0,2.6
10541,rh,pericalcarine,2799,1888.0,2764.0,1.608,0.451,0.12,0.027,30.0,3.1
10541,rh,postcentral,7258,4439.0,9795.0,1.999,0.663,0.096,0.019,55.0,5.5
10541,rh,posteriorcingulate,2175,1560.0,4011.0,2.263,0.724,0.14,0.027,33.0,2.6
10541,rh,precentral,9000,5430.0,12000.0,2.139,0.652,0.098,0.02,62.0,7.7
10541,rh,precuneus,6809,4665.0,10856.0,2.262,0.608,0.121,0.025,69.0,7.2
10541,rh,rostralanteriorcingulate,910,668.0,1922.0,2.629,0.768,0.141,0.033,14.0,1.4
10541,rh,rostralmiddlefrontal,10626,7255.0,16396.0,2.076,0.529,0.123,0.024,117.0,10.7
10541,rh,superiorfrontal,13307,8793.0,24859.0,2.545,0.633,0.117,0.024,125.0,13.0
10541,rh,superiorparietal,9947,6299.0,13626.0,1.991,0.623,0.114,0.025,99.0,10.6
10541,rh,superiortemporal,6435,3875.0,11107.0,2.576,0.675,0.091,0.018,46.0,4.7
10541,rh,supramarginal,6471,4183.0,9743.0,2.205,0.568,0.11,0.022,64.0,6.0
10541,rh,frontalpole,518,387.0,1033.0,2.248,0.46,0.148,0.035,8.0,0.7
10541,rh,temporalpole,607,426.0,1986.0,3.307,0.813,0.118,0.03,5.0,0.7
10541,rh,transversetemporal,692,387.0,1014.0,2.294,0.368,0.114,0.016,8.0,0.4
10541,rh,insula,3171,2133.0,6396.0,2.913,0.916,0.116,0.023,28.0,3.2
10559,lh,bankssts,1621,1064.0,2311.0,2.296,0.409,0.083,0.012,9.0,0.8
10559,lh,caudalanteriorcingulate,940,611.0,1539.0,2.197,0.711,0.121,0.014,12.0,0.7
10559,lh,caudalmiddlefrontal,3311,2196.0,6282.0,2.641,0.473,0.111,0.021,31.0,2.8
10559,lh,cuneus,2539,1712.0,3288.0,1.856,0.487,0.133,0.029,31.0,3.3
10559,lh,entorhinal,717,439.0,1871.0,2.992,0.869,0.098,0.028,7.0,0.7
10559,lh,fusiform,5396,3655.0,11870.0,2.745,0.658,0.12,0.024,64.0,5.1
10559,lh,inferiorparietal,6948,4646.0,13428.0,2.595,0.504,0.111,0.018,73.0,5.5
10559,lh,inferiortemporal,5274,3550.0,10927.0,2.617,0.735,0.105,0.018,55.0,3.9
10559,lh,isthmuscingulate,1637,1066.0,2999.0,2.381,0.797,0.121,0.025,21.0,1.6
10559,lh,lateraloccipital,8598,5664.0,12802.0,2.115,0.528,0.126,0.024,97.0,9.3
10559,lh,lateralorbitofrontal,4128,2795.0,8332.0,2.686,0.666,0.122,0.024,53.0,4.1
10559,lh,lingual,4657,3232.0,6766.0,1.909,0.616,0.136,0.028,58.0,5.9
10559,lh,medialorbitofrontal,2677,1877.0,5444.0,2.53,0.804,0.138,0.032,46.0,3.6
10559,lh,middletemporal,4781,3277.0,11062.0,2.674,0.741,0.113,0.02,59.0,3.9
10559,lh,parahippocampal,905,567.0,1669.0,2.513,0.71,0.078,0.013,4.0,0.5
10559,lh,paracentral,2246,1389.0,4055.0,2.564,0.544,0.09,0.016,13.0,1.6
10559,lh,parsopercularis,2222,1460.0,3925.0,2.409,0.442,0.1,0.018,19.0,1.5
10559,lh,parsorbitalis,1097,733.0,2538.0,2.584,0.663,0.12,0.023,16.0,1.0
10559,lh,parstriangularis,2309,1537.0,3638.0,2.091,0.555,0.101,0.016,21.0,1.5
10559,lh,pericalcarine,2135,1445.0,1928.0,1.537,0.397,0.127,0.028,21.0,2.7
10559,lh,postcentral,6652,4274.0,9225.0,1.967,0.585,0.106,0.017,60.0,5.3
10559,lh,posteriorcingulate,1606,1049.0,2788.0,2.386,0.777,0.12,0.019,19.0,1.2
10559,lh,precentral,7707,4796.0,14153.0,2.625,0.607,0.098,0.018,58.0,5.8
10559,lh,precuneus,6390,4271.0,11928.0,2.528,0.541,0.114,0.02,69.0,5.5
10559,lh,rostralanteriorcingulate,1131,784.0,2527.0,2.905,0.853,0.122,0.028,14.0,1.3
10559,lh,rostralmiddlefrontal,9280,6446.0,15798.0,2.175,0.579,0.121,0.024,110.0,9.3
10559,lh,superiorfrontal,11168,7327.0,24052.0,2.782,0.687,0.114,0.023,109.0,10.5
10559,lh,superiorparietal,8675,5697.0,15469.0,2.347,0.593,0.116,0.021,89.0,7.6
10559,lh,superiortemporal,6470,4195.0,12450.0,2.579,0.656,0.096,0.015,56.0,4.1
10559,lh,supramarginal,6578,4503.0,12503.0,2.522,0.52,0.117,0.022,74.0,5.9
10559,lh,frontalpole,328,246.0,947.0,2.981,0.599,0.173,0.048,7.0,0.6
10559,lh,temporalpole,587,436.0,2521.0,3.508,0.961,0.133,0.029,8.0,0.7
10559,lh,transversetemporal,808,493.0,1214.0,2.244,0.391,0.113,0.018,8.0,0.5
10559,lh,insula,3375,2267.0,6817.0,2.988,0.757,0.116,0.029,32.0,4.0
10559,rh,bankssts,1415,931.0,2173.0,2.421,0.472,0.093,0.016,8.0,0.9
10559,rh,caudalanteriorcingulate,1470,995.0,2692.0,2.254,0.67,0.115,0.017,19.0,1.1
10559,rh,caudalmiddlefrontal,4528,2826.0,8508.0,2.691,0.644,0.095,0.017,30.0,3.3
10559,rh,cuneus,2809,1834.0,3607.0,1.855,0.515,0.128,0.023,36.0,3.0
10559,rh,entorhinal,689,436.0,1650.0,2.913,0.841,0.101,0.024,5.0,0.6
10559,rh,fusiform,5189,3428.0,10525.0,2.631,0.62,0.115,0.021,56.0,4.5
10559,rh,inferiorparietal,6991,4660.0,13627.0,2.557,0.522,0.106,0.017,76.0,5.0
10559,rh,inferiortemporal,4928,3300.0,10761.0,2.7,0.711,0.104,0.019,52.0,4.0
10559,rh,isthmuscingulate,1331,871.0,2480.0,2.465,0.778,0.118,0.024,15.0,1.2
10559,rh,lateraloccipital,9895,6436.0,15453.0,2.182,0.55,0.118,0.022,104.0,9.1
10559,rh,lateralorbitofrontal,3431,2397.0,7206.0,2.724,0.76,0.125,0.028,37.0,4.1
10559,rh,lingual,3695,2592.0,5802.0,2.047,0.619,0.145,0.035,51.0,5.6
10559,rh,medialorbitofrontal,2616,1801.0,5096.0,2.403,0.805,0.115,0.023,35.0,2.3
10559,rh,middletemporal,5689,3757.0,12945.0,2.733,0.718,0.101,0.017,52.0,4.3
10559,rh,parahippocampal,1040,631.0,1883.0,2.544,0.825,0.072,0.01,6.0,0.4
10559,rh,paracentral,2095,1329.0,3644.0,2.456,0.491,0.103,0.016,17.0,1.4
10559,rh,parsopercularis,2806,1857.0,5217.0,2.603,0.534,0.111,0.018,27.0,2.4
10559,rh,parsorbitalis,1211,853.0,2787.0,2.541,0.61,0.12,0.021,14.0,1.1
10559,rh,parstriangularis,2382,1639.0,4203.0,2.241,0.577,0.107,0.019,21.0,1.9
10559,rh,pericalcarine,2433,1646.0,2193.0,1.514,0.444,0.12,0.025,23.0,2.7
10559,rh,postcentral,4724,3139.0,8884.0,2.441,0.532,0.116,0.02,53.0,4.1
10559,rh,posteriorcingulate,1646,1117.0,3049.0,2.439,0.759,0.123,0.021,21.0,1.4
10559,rh,precentral,7493,4626.0,10011.0,2.044,0.615,0.101,0.018,61.0,6.0
10559,rh,precuneus,6096,4065.0,10917.0,2.509,0.472,0.108,0.019,60.0,4.9
10559,rh,rostralanteriorcingulate,1049,757.0,2330.0,2.546,0.675,0.128,0.028,18.0,1.0
10559,rh,rostralmiddlefrontal,11093,7613.0,21031.0,2.37,0.621,0.119,0.025,134.0,11.4
10559,rh,superiorfrontal,12800,8184.0,25652.0,2.738,0.571,0.11,0.022,112.0,11.7
10559,rh,superiorparietal,5443,3615.0,9584.0,2.34,0.596,0.117,0.02,59.0,4.5
10559,rh,superiortemporal,5706,3659.0,11213.0,2.677,0.668,0.095,0.015,46.0,3.5
10559,rh,supramarginal,3836,2594.0,6667.0,2.436,0.494,0.118,0.022,40.0,3.5
10559,rh,frontalpole,409,295.0,1321.0,2.798,0.766,0.143,0.033,12.0,0.4
10559,rh,temporalpole,693,510.0,2805.0,3.79,0.741,0.135,0.028,10.0,0.8
10559,rh,transversetemporal,652,407.0,950.0,2.153,0.398,0.115,0.018,7.0,0.4
10559,rh,insula,3368,2201.0,7120.0,3.208,0.783,0.099,0.021,24.0,2.7
10589,lh,bankssts,1116,726.0,1802.0,2.504,0.448,0.082,0.012,5.0,0.5
10589,lh,caudalanteriorcingulate,969,698.0,1790.0,2.376,0.556,0.141,0.023,16.0,1.0
10589,lh,caudalmiddlefrontal,3330,2159.0,6152.0,2.634,0.469,0.093,0.015,22.0,2.1
10589,lh,cuneus,2569,1769.0,3451.0,1.854,0.497,0.14,0.028,32.0,3.3
10589,lh,entorhinal,665,403.0,1941.0,3.218,0.958,0.103,0.037,15.0,0.9
10589,lh,fusiform,5188,3333.0,10801.0,2.815,0.596,0.105,0.018,44.0,3.9
10589,lh,inferiorparietal,6415,4286.0,11043.0,2.385,0.446,0.112,0.019,61.0,5.1
10589,lh,inferiortemporal,5311,3529.0,11254.0,2.765,0.648,0.112,0.02,50.0,4.6
10589,lh,isthmuscingulate,1521,993.0,2562.0,2.417,0.745,0.111,0.021,17.0,1.4
10589,lh,lateraloccipital,9532,6154.0,13408.0,2.019,0.513,0.115,0.022,99.0,9.3
10589,lh,lateralorbitofrontal,4057,2792.0,7462.0,2.559,0.517,0.124,0.023,47.0,4.1
10589,lh,lingual,5640,3849.0,7285.0,1.834,0.561,0.125,0.028,57.0,6.7
10589,lh,medialorbitofrontal,2862,1932.0,4839.0,2.287,0.648,0.113,0.019,34.0,2.2
10589,lh,middletemporal,4426,2991.0,10465.0,2.828,0.684,0.109,0.02,44.0,3.6
10589,lh,parahippocampal,1240,752.0,2054.0,2.364,0.545,0.07,0.013,15.0,0.6
10589,lh,paracentral,2220,1451.0,3917.0,2.389,0.526,0.114,0.021,19.0,2.0
10589,lh,parsopercularis,2572,1681.0,4665.0,2.55,0.37,0.097,0.016,20.0,1.7
10589,lh,parsorbitalis,946,646.0,2016.0,2.532,0.55,0.117,0.022,11.0,0.8
10589,lh,parstriangularis,1923,1272.0,3366.0,2.388,0.457,0.109,0.02,16.0,1.7
10589,lh,pericalcarine,2456,1690.0,2093.0,1.44,0.334,0.141,0.031,28.0,3.1
10589,lh,postcentral,5422,3448.0,7460.0,1.954,0.555,0.1,0.017,41.0,3.9
10589,lh,posteriorcingulate,1976,1363.0,3162.0,2.138,0.619,0.117,0.021,25.0,1.9
10589,lh,precentral,6883,4232.0,11946.0,2.627,0.568,0.099,0.018,47.0,5.2
10589,lh,precuneus,5115,3485.0,9397.0,2.429,0.561,0.125,0.025,56.0,5.2
10589,lh,rostralanteriorcingulate,1343,924.0,2427.0,2.446,0.715,0.114,0.018,17.0,1.1
10589,lh,rostralmiddlefrontal,8925,6154.0,15477.0,2.289,0.539,0.118,0.022,96.0,8.1
10589,lh,superiorfrontal,11302,7523.0,22289.0,2.633,0.546,0.111,0.02,94.0,9.4
10589,lh,superiorparietal,7870,5173.0,12981.0,2.288,0.466,0.115,0.02,72.0,6.6
10589,lh,superiortemporal,5920,3763.0,11089.0,2.652,0.543,0.096,0.015,45.0,3.9
10589,lh,supramarginal,6492,4355.0,11244.0,2.399,0.503,0.107,0.017,56.0,4.7
10589,lh,frontalpole,427,330.0,897.0,2.278,0.615,0.173,0.034,10.0,0.7
10589,lh,temporalpole,685,512.0,2568.0,3.743,0.698,0.106,0.025,6.0,0.6
10589,lh,transversetemporal,736,438.0,949.0,2.153,0.339,0.128,0.023,8.0,0.7
10589,lh,insula,3704,2476.0,6538.0,2.795,0.755,0.106,0.025,31.0,3.7
10589,rh,bankssts,1229,817.0,2036.0,2.688,0.488,0.096,0.016,6.0,0.9
10589,rh,caudalanteriorcingulate,1280,874.0,2035.0,2.087,0.727,0.108,0.014,16.0,0.9
10589,rh,caudalmiddlefrontal,3829,2535.0,6466.0,2.323,0.452,0.103,0.017,30.0,2.7
10589,rh,cuneus,3275,2214.0,5549.0,2.136,0.658,0.14,0.027,44.0,3.9
10589,rh,entorhinal,515,322.0,1729.0,3.401,0.789,0.076,0.018,3.0,0.3
10589,rh,fusiform,4327,2883.0,8390.0,2.733,0.603,0.115,0.021,50.0,3.9
10589,rh,inferiorparietal,6895,4601.0,12537.0,2.448,0.474,0.109,0.018,67.0,5.4
10589,rh,inferiortemporal,4582,3123.0,11074.0,2.867,0.753,0.119,0.022,52.0,4.2
10589,rh,isthmuscingulate,1518,1011.0,2599.0,2.275,0.773,0.103,0.019,16.0,1.1
10589,rh,lateraloccipital,9518,6263.0,14750.0,2.166,0.527,0.127,0.027,113.0,11.5
10589,rh,lateralorbitofrontal,4447,3036.0,7547.0,2.402,0.592,0.127,0.026,64.0,4.9
10589,rh,lingual,6029,4056.0,8074.0,1.893,0.62,0.13,0.028,69.0,7.6
10589,rh,medialorbitofrontal,2945,2027.0,4991.0,2.233,0.675,0.12,0.019,56.0,2.6
10589,rh,middletemporal,5242,3519.0,11733.0,2.819,0.668,0.108,0.02,49.0,4.2
10589,rh,parahippocampal,1127,695.0,2007.0,2.445,0.71,0.071,0.01,6.0,0.4
10589,rh,paracentral,2297,1415.0,3452.0,2.296,0.42,0.111,0.018,22.0,1.7
10589,rh,parsopercularis,2039,1371.0,3561.0,2.414,0.524,0.105,0.017,18.0,1.5
10589,rh,parsorbitalis,1160,818.0,2178.0,2.27,0.601,0.128,0.023,14.0,1.2
10589,rh,parstriangularis,2276,1558.0,4239.0,2.436,0.476,0.118,0.019,22.0,2.0
10589,rh,pericalcarine,3292,2264.0,3145.0,1.531,0.354,0.13,0.026,37.0,3.7
10589,rh,postcentral,5459,3344.0,7333.0,1.991,0.563,0.096,0.017,39.0,3.8
10589,rh,posteriorcingulate,1765,1239.0,2919.0,2.134,0.821,0.114,0.02,24.0,1.7
10589,rh,precentral,7217,4424.0,11782.0,2.543,0.498,0.096,0.016,49.0,5.0
10589,rh,precuneus,5429,3607.0,9293.0,2.411,0.498,0.116,0.02,52.0,4.5
10589,rh,rostralanteriorcingulate,942,694.0,2050.0,2.504,0.626,0.12,0.023,12.0,1.0
10589,rh,rostralmiddlefrontal,8048,5761.0,13369.0,2.097,0.533,0.123,0.025,95.0,8.0
10589,rh,superiorfrontal,10995,7439.0,21194.0,2.555,0.56,0.117,0.021,101.0,9.9
10589,rh,superiorparietal,8043,5293.0,13605.0,2.322,0.477,0.119,0.022,79.0,7.6
10589,rh,superiortemporal,5599,3638.0,11536.0,2.787,0.612,0.098,0.016,43.0,3.8
10589,rh,supramarginal,4737,3136.0,8454.0,2.455,0.468,0.115,0.021,46.0,4.2
10589,rh,frontalpole,536,390.0,1121.0,2.354,0.56,0.144,0.03,7.0,0.8
10589,rh,temporalpole,629,422.0,2507.0,3.919,0.766,0.105,0.023,5.0,0.6
10589,rh,transversetemporal,620,320.0,966.0,2.584,0.322,0.092,0.015,5.0,0.4
10589,rh,insula,3251,2151.0,6341.0,3.004,0.776,0.1,0.02,22.0,2.6
10590,lh,bankssts,1590,1067.0,2164.0,2.085,0.389,0.09,0.014,10.0,0.9
10590,lh,caudalanteriorcingulate,1342,848.0,2191.0,2.28,0.739,0.126,0.013,21.0,0.8
10590,lh,caudalmiddlefrontal,3720,2454.0,6040.0,2.337,0.39,0.111,0.018,32.0,2.9
10590,lh,cuneus,3041,2002.0,2842.0,1.415,0.354,0.134,0.025,40.0,3.6
10590,lh,entorhinal,779,495.0,1951.0,3.136,0.658,0.087,0.015,7.0,0.4
10590,lh,fusiform,5341,3671.0,11383.0,2.714,0.644,0.124,0.024,61.0,5.4
10590,lh,inferiorparietal,6619,4535.0,10720.0,2.242,0.467,0.123,0.023,74.0,6.5
10590,lh,inferiortemporal,5765,3861.0,12154.0,2.794,0.674,0.122,0.024,63.0,6.0
10590,lh,isthmuscingulate,1437,949.0,2309.0,2.091,0.907,0.121,0.022,20.0,1.3
10590,lh,lateraloccipital,7909,5337.0,11178.0,1.919,0.559,0.133,0.026,90.0,9.1
10590,lh,lateralorbitofrontal,4064,2742.0,7541.0,2.712,0.499,0.122,0.022,44.0,4.0
10590,lh,lingual,5111,3500.0,6212.0,1.697,0.581,0.13,0.024,61.0,5.4
10590,lh,medialorbitofrontal,2941,2022.0,5196.0,2.479,0.543,0.129,0.023,42.0,2.8
10590,lh,middletemporal,4590,3130.0,9829.0,2.726,0.661,0.119,0.022,53.0,4.1
10590,lh,parahippocampal,1140,726.0,2150.0,2.551,0.766,0.091,0.014,7.0,0.7
10590,lh,paracentral,2455,1428.0,3298.0,2.218,0.551,0.092,0.017,14.0,1.8
10590,lh,parsopercularis,2338,1560.0,3970.0,2.271,0.413,0.101,0.018,23.0,1.8
10590,lh,parsorbitalis,1186,814.0,2692.0,2.769,0.631,0.135,0.03,16.0,1.5
10590,lh,parstriangularis,1798,1174.0,3011.0,2.371,0.524,0.116,0.023,17.0,1.6
10590,lh,pericalcarine,2845,1919.0,2212.0,1.321,0.342,0.136,0.024,36.0,3.1
10590,lh,postcentral,7384,4595.0,9391.0,1.874,0.622,0.095,0.015,59.0,4.8
10590,lh,posteriorcingulate,1911,1296.0,3238.0,2.298,0.745,0.13,0.023,24.0,2.1
10590,lh,precentral,8240,5064.0,13650.0,2.502,0.535,0.095,0.016,58.0,5.4
10590,lh,precuneus,6047,3949.0,9477.0,2.297,0.547,0.108,0.018,52.0,4.8
10590,lh,rostralanteriorcingulate,1387,907.0,2842.0,2.674,0.747,0.116,0.017,19.0,1.0
10590,lh,rostralmiddlefrontal,8959,6277.0,14625.0,2.21,0.468,0.13,0.025,105.0,9.3
10590,lh,superiorfrontal,10700,7112.0,20673.0,2.636,0.454,0.116,0.021,104.0,9.4
10590,lh,superiorparietal,10418,6740.0,14608.0,2.008,0.504,0.112,0.018,100.0,8.3
10590,lh,superiortemporal,6823,4449.0,12913.0,2.613,0.67,0.103,0.016,62.0,4.8
10590,lh,supramarginal,7959,5519.0,13111.0,2.266,0.488,0.124,0.023,92.0,8.0
10590,lh,frontalpole,447,317.0,1152.0,2.77,0.282,0.153,0.033,8.0,0.6
10590,lh,temporalpole,709,500.0,2887.0,3.756,0.833,0.132,0.025,8.0,0.8
10590,lh,transversetemporal,941,561.0,1040.0,1.748,0.358,0.098,0.016,6.0,0.6
10590,lh,insula,3834,2521.0,6628.0,2.774,0.551,0.116,0.029,37.0,4.2
10590,rh,bankssts,1483,975.0,2298.0,2.586,0.365,0.103,0.016,9.0,1.1
10590,rh,caudalanteriorcingulate,1114,723.0,1925.0,2.437,0.565,0.127,0.013,17.0,0.7
10590,rh,caudalmiddlefrontal,4116,2723.0,7010.0,2.363,0.444,0.102,0.017,31.0,2.9
10590,rh,cuneus,3326,2158.0,3856.0,1.637,0.559,0.134,0.028,39.0,4.2
10590,rh,entorhinal,587,376.0,1709.0,3.507,0.756,0.102,0.016,4.0,0.4
10590,rh,fusiform,5238,3483.0,10762.0,2.701,0.66,0.118,0.02,55.0,4.5
10590,rh,inferiorparietal,9530,6225.0,15170.0,2.315,0.5,0.11,0.018,91.0,7.5
10590,rh,inferiortemporal,5495,3733.0,11718.0,2.769,0.606,0.118,0.021,59.0,5.0
10590,rh,isthmuscingulate,880,529.0,1415.0,2.522,0.529,0.1,0.017,7.0,0.6
10590,rh,lateraloccipital,8936,5917.0,13096.0,2.012,0.593,0.13,0.026,101.0,10.1
10590,rh,lateralorbitofrontal,4069,2834.0,7770.0,2.708,0.65,0.128,0.027,53.0,4.9
10590,rh,lingual,5845,3919.0,7331.0,1.756,0.56,0.132,0.026,72.0,6.8
10590,rh,medialorbitofrontal,3717,2491.0,6151.0,2.228,0.639,0.106,0.017,43.0,2.8
10590,rh,middletemporal,5720,3773.0,11905.0,2.674,0.59,0.113,0.019,55.0,4.9
10590,rh,parahippocampal,1154,677.0,1958.0,2.555,0.811,0.086,0.013,8.0,0.6
10590,rh,paracentral,2445,1388.0,3485.0,2.415,0.526,0.088,0.015,14.0,1.5
10590,rh,parsopercularis,2122,1386.0,3248.0,2.31,0.362,0.094,0.015,17.0,1.4
10590,rh,parsorbitalis,1083,767.0,2512.0,2.733,0.522,0.139,0.028,13.0,1.2
10590,rh,parstriangularis,2173,1437.0,3697.0,2.268,0.545,0.105,0.017,18.0,1.5
10590,rh,pericalcarine,3213,2123.0,3048.0,1.561,0.39,0.119,0.023,31.0,3.1
10590,rh,postcentral,6816,4183.0,8916.0,1.953,0.605,0.093,0.015,50.0,4.5
10590,rh,posteriorcingulate,1393,943.0,2500.0,2.52,0.528,0.131,0.029,25.0,1.6
10590,rh,precentral,8190,5021.0,12870.0,2.42,0.518,0.094,0.015,59.0,5.5
10590,rh,precuneus,6589,4376.0,10207.0,2.257,0.48,0.123,0.022,72.0,6.1
10590,rh,rostralanteriorcingulate,896,604.0,1757.0,2.508,0.619,0.109,0.02,11.0,0.7
10590,rh,rostralmiddlefrontal,9247,6448.0,15068.0,2.201,0.458,0.126,0.024,103.0,9.5
10590,rh,superiorfrontal,10197,6779.0,19877.0,2.649,0.478,0.116,0.022,95.0,9.4
10590,rh,superiorparietal,9274,5896.0,12503.0,1.99,0.475,0.109,0.019,80.0,7.5
10590,rh,superiortemporal,5923,3734.0,11066.0,2.584,0.69,0.086,0.013,38.0,3.3
10590,rh,supramarginal,5374,3549.0,9537.0,2.52,0.441,0.116,0.02,51.0,4.8
10590,rh,frontalpole,483,336.0,1113.0,2.429,0.529,0.147,0.033,9.0,0.7
10590,rh,temporalpole,630,407.0,2509.0,4.126,0.652,0.105,0.017,5.0,0.4
10590,rh,transversetemporal,478,280.0,577.0,2.063,0.327,0.111,0.015,5.0,0.3
10590,rh,insula,3570,2357.0,6565.0,2.805,0.542,0.11,0.021,31.0,2.9
10606,lh,bankssts,1678,1129.0,2811.0,2.415,0.506,0.101,0.018,13.0,1.4
10606,lh,caudalanteriorcingulate,981,627.0,1814.0,2.469,0.756,0.124,0.015,15.0,0.7
10606,lh,caudalmiddlefrontal,3312,2202.0,6321.0,2.663,0.466,0.099,0.017,24.0,2.4
10606,lh,cuneus,2902,1878.0,3652.0,1.765,0.487,0.137,0.029,40.0,3.8
10606,lh,entorhinal,603,415.0,1928.0,3.399,0.722,0.092,0.02,3.0,0.4
10606,lh,fusiform,4916,3355.0,10905.0,2.788,0.669,0.127,0.025,57.0,4.9
10606,lh,inferiorparietal,6389,4419.0,11971.0,2.507,0.537,0.117,0.022,70.0,6.0
10606,lh,inferiortemporal,5716,3987.0,13404.0,2.811,0.668,0.115,0.021,65.0,5.1
10606,lh,isthmuscingulate,1762,1168.0,2884.0,2.183,0.834,0.112,0.021,22.0,1.5
10606,lh,lateraloccipital,9296,6125.0,13491.0,2.006,0.584,0.136,0.029,113.0,11.8
10606,lh,lateralorbitofrontal,3819,2712.0,8178.0,2.882,0.635,0.133,0.029,59.0,4.6
10606,lh,lingual,5669,3975.0,7396.0,1.84,0.583,0.145,0.034,78.0,8.8
10606,lh,medialorbitofrontal,2769,1925.0,5035.0,2.442,0.603,0.125,0.03,45.0,3.4
10606,lh,middletemporal,5542,3810.0,13571.0,2.867,0.743,0.118,0.023,70.0,5.3
10606,lh,parahippocampal,1094,704.0,2556.0,2.877,0.991,0.092,0.016,7.0,0.8
10606,lh,paracentral,3019,1709.0,4387.0,2.409,0.522,0.092,0.015,20.0,2.0
10606,lh,parsopercularis,2661,1841.0,5420.0,2.69,0.454,0.117,0.022,29.0,2.4
10606,lh,parsorbitalis,1050,761.0,2866.0,2.921,0.674,0.128,0.026,14.0,1.2
10606,lh,parstriangularis,2342,1574.0,4292.0,2.476,0.437,0.116,0.018,25.0,1.9
10606,lh,pericalcarine,3060,2026.0,2961.0,1.594,0.403,0.122,0.023,33.0,3.0
10606,lh,postcentral,7594,4654.0,10109.0,1.96,0.554,0.091,0.016,59.0,5.2
10606,lh,posteriorcingulate,1968,1344.0,3621.0,2.449,0.739,0.118,0.02,25.0,1.6
10606,lh,precentral,8085,4976.0,13763.0,2.595,0.472,0.093,0.015,58.0,5.1
10606,lh,precuneus,5990,4053.0,10284.0,2.399,0.535,0.116,0.023,62.0,5.7
10606,lh,rostralanteriorcingulate,1372,929.0,3036.0,2.852,0.554,0.125,0.023,20.0,1.4
10606,lh,rostralmiddlefrontal,10115,7273.0,20271.0,2.508,0.517,0.129,0.027,143.0,11.4
10606,lh,superiorfrontal,13349,9056.0,29201.0,2.871,0.535,0.115,0.022,125.0,12.6
10606,lh,superiorparietal,8507,5531.0,12525.0,2.085,0.493,0.107,0.018,78.0,6.7
10606,lh,superiortemporal,6506,4283.0,14205.0,2.848,0.691,0.101,0.017,58.0,4.8
10606,lh,supramarginal,5846,4061.0,11394.0,2.6,0.507,0.126,0.023,70.0,5.7
10606,lh,frontalpole,481,369.0,1393.0,2.819,0.563,0.165,0.038,10.0,0.7
10606,lh,temporalpole,743,552.0,3154.0,3.683,0.819,0.134,0.028,10.0,0.8
10606,lh,transversetemporal,690,468.0,1094.0,2.228,0.422,0.114,0.022,7.0,0.6
10606,lh,insula,3521,2447.0,7629.0,3.085,0.734,0.122,0.029,40.0,3.8
10606,rh,bankssts,1226,798.0,2038.0,2.673,0.427,0.091,0.015,7.0,0.8
10606,rh,caudalanteriorcingulate,1223,805.0,2198.0,2.269,0.812,0.114,0.017,16.0,1.0
10606,rh,caudalmiddlefrontal,3954,2646.0,8180.0,2.73,0.499,0.107,0.02,32.0,3.4
10606,rh,cuneus,3194,2034.0,3964.0,1.735,0.533,0.133,0.025,41.0,3.6
10606,rh,entorhinal,566,368.0,1781.0,3.628,0.687,0.079,0.014,2.0,0.3
10606,rh,fusiform,4961,3375.0,10268.0,2.711,0.608,0.123,0.025,59.0,4.9
10606,rh,inferiorparietal,7414,4961.0,13262.0,2.474,0.445,0.109,0.018,77.0,5.7
10606,rh,inferiortemporal,5250,3624.0,11905.0,2.847,0.665,0.118,0.024,67.0,5.2
10606,rh,isthmuscingulate,1507,994.0,2758.0,2.293,0.852,0.113,0.023,19.0,1.4
10606,rh,lateraloccipital,10165,6732.0,15193.0,2.056,0.634,0.138,0.03,129.0,13.5
10606,rh,lateralorbitofrontal,3444,2451.0,7747.0,2.974,0.599,0.138,0.03,50.0,4.3
10606,rh,lingual,6060,4218.0,8218.0,1.826,0.63,0.137,0.027,77.0,7.3
10606,rh,medialorbitofrontal,3075,2149.0,6020.0,2.437,0.682,0.116,0.026,61.0,3.0
10606,rh,middletemporal,5886,4140.0,15036.0,2.962,0.616,0.121,0.024,70.0,5.9
10606,rh,parahippocampal,1128,685.0,2406.0,2.852,0.893,0.096,0.017,8.0,0.8
10606,rh,paracentral,2891,1630.0,4018.0,2.389,0.58,0.093,0.016,20.0,1.9
10606,rh,parsopercularis,1994,1336.0,4009.0,2.723,0.424,0.103,0.018,20.0,1.5
10606,rh,parsorbitalis,1256,917.0,3298.0,2.866,0.517,0.136,0.028,16.0,1.6
10606,rh,parstriangularis,2465,1649.0,4732.0,2.606,0.463,0.103,0.017,22.0,1.7
10606,rh,pericalcarine,3365,2229.0,3173.0,1.578,0.471,0.128,0.028,39.0,4.0
10606,rh,postcentral,7549,4546.0,10185.0,2.049,0.62,0.09,0.014,49.0,4.6
10606,rh,posteriorcingulate,1786,1209.0,3323.0,2.502,0.88,0.121,0.025,24.0,1.8
10606,rh,precentral,8967,5526.0,15095.0,2.541,0.507,0.098,0.018,66.0,7.1
10606,rh,precuneus,6454,4267.0,11050.0,2.425,0.516,0.116,0.022,66.0,6.3
10606,rh,rostralanteriorcingulate,933,695.0,2325.0,2.658,0.781,0.144,0.03,16.0,1.2
10606,rh,rostralmiddlefrontal,8786,6387.0,17409.0,2.474,0.528,0.137,0.027,119.0,10.1
10606,rh,superiorfrontal,12712,8731.0,27448.0,2.816,0.469,0.122,0.024,138.0,12.9
10606,rh,superiorparietal,8177,5228.0,12513.0,2.2,0.489,0.112,0.019,72.0,6.7
10606,rh,superiortemporal,6291,4130.0,14020.0,2.894,0.704,0.103,0.019,56.0,4.8
10606,rh,supramarginal,6568,4435.0,12797.0,2.646,0.462,0.116,0.02,74.0,5.6
10606,rh,frontalpole,445,335.0,1244.0,2.691,0.713,0.153,0.037,9.0,0.7
10606,rh,temporalpole,665,497.0,3032.0,3.779,0.75,0.136,0.029,11.0,0.8
10606,rh,transversetemporal,517,370.0,755.0,1.967,0.481,0.157,0.034,7.0,0.7
10606,rh,insula,3455,2310.0,7139.0,3.003,0.658,0.115,0.026,34.0,3.8
10608,lh,bankssts,1102,743.0,1762.0,2.388,0.352,0.107,0.022,7.0,1.0
10608,lh,caudalanteriorcingulate,710,441.0,1389.0,2.857,0.769,0.119,0.018,8.0,0.5
10608,lh,caudalmiddlefrontal,2963,1905.0,5078.0,2.471,0.423,0.103,0.019,23.0,2.4
10608,lh,cuneus,2648,1757.0,2900.0,1.651,0.341,0.141,0.03,33.0,3.5
10608,lh,entorhinal,584,384.0,1751.0,3.082,0.758,0.118,0.03,6.0,0.5
10608,lh,fusiform,5008,3224.0,9249.0,2.537,0.552,0.117,0.021,52.0,4.7
10608,lh,inferiorparietal,4844,3266.0,8502.0,2.391,0.434,0.12,0.02,52.0,4.1
10608,lh,inferiortemporal,4240,2926.0,8532.0,2.561,0.618,0.123,0.023,52.0,4.1
10608,lh,isthmuscingulate,1129,736.0,1694.0,2.185,0.75,0.116,0.024,12.0,1.1
10608,lh,lateraloccipital,8976,5827.0,11866.0,1.942,0.493,0.128,0.025,99.0,9.8
10608,lh,lateralorbitofrontal,3484,2358.0,6411.0,2.736,0.614,0.127,0.025,38.0,3.8
10608,lh,lingual,4331,2906.0,5357.0,1.795,0.505,0.14,0.029,57.0,5.5
10608,lh,medialorbitofrontal,2469,1656.0,4310.0,2.374,0.61,0.126,0.024,37.0,2.5
10608,lh,middletemporal,3695,2396.0,7343.0,2.559,0.593,0.105,0.02,34.0,3.2
10608,lh,parahippocampal,949,587.0,1985.0,2.878,0.842,0.078,0.014,5.0,0.5
10608,lh,paracentral,2224,1279.0,3336.0,2.43,0.615,0.084,0.013,11.0,1.3
10608,lh,parsopercularis,2010,1310.0,4103.0,2.732,0.485,0.105,0.017,17.0,1.4
10608,lh,parsorbitalis,1090,757.0,2396.0,2.613,0.474,0.14,0.03,17.0,1.4
10608,lh,parstriangularis,1889,1213.0,3222.0,2.338,0.541,0.098,0.016,14.0,1.3
10608,lh,pericalcarine,1842,1263.0,1584.0,1.469,0.383,0.149,0.031,25.0,2.5
10608,lh,postcentral,5195,3271.0,6721.0,1.912,0.599,0.107,0.019,43.0,4.2
10608,lh,posteriorcingulate,1461,962.0,2434.0,2.395,0.562,0.117,0.02,16.0,1.3
10608,lh,precentral,6623,4115.0,10963.0,2.506,0.621,0.105,0.019,52.0,5.3
10608,lh,precuneus,4697,3065.0,7747.0,2.354,0.504,0.112,0.018,43.0,3.7
10608,lh,rostralanteriorcingulate,843,557.0,1892.0,3.006,0.714,0.11,0.02,10.0,0.7
10608,lh,rostralmiddlefrontal,7702,5249.0,13930.0,2.367,0.504,0.123,0.024,84.0,7.7
10608,lh,superiorfrontal,9306,6186.0,19495.0,2.891,0.454,0.115,0.022,80.0,8.4
10608,lh,superiorparietal,6619,4306.0,9951.0,2.156,0.457,0.116,0.019,63.0,5.3
10608,lh,superiortemporal,5360,3479.0,11142.0,2.72,0.667,0.099,0.018,40.0,4.1
10608,lh,supramarginal,4637,3132.0,8663.0,2.583,0.463,0.125,0.024,50.0,4.8
10608,lh,frontalpole,341,243.0,808.0,2.611,0.471,0.167,0.045,8.0,0.6
10608,lh,temporalpole,671,510.0,2630.0,3.812,0.553,0.138,0.032,8.0,1.0
10608,lh,transversetemporal,629,413.0,993.0,2.209,0.345,0.114,0.02,6.0,0.5
10608,lh,insula,2933,1968.0,5687.0,2.921,0.771,0.116,0.029,27.0,3.3
10608,rh,bankssts,959,639.0,1532.0,2.544,0.461,0.109,0.022,7.0,0.8
10608,rh,caudalanteriorcingulate,1155,759.0,2582.0,2.853,0.718,0.118,0.02,13.0,1.1
10608,rh,caudalmiddlefrontal,2531,1684.0,4528.0,2.47,0.468,0.109,0.019,21.0,2.0
10608,rh,cuneus,2297,1499.0,2637.0,1.725,0.356,0.133,0.03,27.0,3.0
10608,rh,entorhinal,560,335.0,1284.0,2.775,1.023,0.126,0.038,9.0,1.0
10608,rh,fusiform,4307,2804.0,7899.0,2.571,0.613,0.124,0.027,60.0,4.9
10608,rh,inferiorparietal,6364,4263.0,11294.0,2.405,0.459,0.118,0.023,68.0,5.9
10608,rh,inferiortemporal,3661,2404.0,6842.0,2.531,0.644,0.115,0.022,44.0,3.1
10608,rh,isthmuscingulate,1107,724.0,1850.0,2.319,0.743,0.12,0.021,13.0,1.0
10608,rh,lateraloccipital,8930,5871.0,12082.0,1.99,0.448,0.133,0.025,105.0,9.9
10608,rh,lateralorbitofrontal,3225,2190.0,6050.0,2.78,0.59,0.125,0.025,33.0,3.2
10608,rh,lingual,4759,3264.0,6078.0,1.854,0.551,0.129,0.029,55.0,6.1
10608,rh,medialorbitofrontal,2417,1699.0,4604.0,2.459,0.595,0.128,0.028,41.0,3.0
10608,rh,middletemporal,4480,2952.0,9012.0,2.579,0.61,0.109,0.017,44.0,3.4
10608,rh,parahippocampal,848,528.0,1712.0,2.747,0.802,0.082,0.015,5.0,0.5
10608,rh,paracentral,2648,1517.0,3837.0,2.432,0.497,0.085,0.013,15.0,1.6
10608,rh,parsopercularis,1942,1286.0,3555.0,2.508,0.417,0.107,0.019,17.0,1.5
10608,rh,parsorbitalis,1317,907.0,2864.0,2.609,0.471,0.142,0.03,21.0,1.8
10608,rh,parstriangularis,2319,1586.0,4091.0,2.326,0.487,0.12,0.024,25.0,2.3
10608,rh,pericalcarine,2021,1366.0,1667.0,1.396,0.309,0.141,0.032,24.0,2.7
10608,rh,postcentral,5707,3549.0,7086.0,1.878,0.592,0.108,0.019,50.0,4.9
10608,rh,posteriorcingulate,1371,896.0,2527.0,2.732,0.527,0.12,0.02,18.0,1.1
10608,rh,precentral,6598,4113.0,10305.0,2.42,0.631,0.106,0.019,50.0,5.3
10608,rh,precuneus,5208,3385.0,8342.0,2.361,0.485,0.106,0.019,45.0,4.1
10608,rh,rostralanteriorcingulate,889,583.0,1737.0,2.536,0.796,0.119,0.022,10.0,0.8
10608,rh,rostralmiddlefrontal,7122,4984.0,13095.0,2.349,0.528,0.128,0.025,85.0,7.4
10608,rh,superiorfrontal,8758,5819.0,18179.0,2.832,0.476,0.116,0.023,81.0,8.0
10608,rh,superiorparietal,7509,4807.0,10590.0,2.094,0.434,0.12,0.023,72.0,7.4
10608,rh,superiortemporal,5390,3520.0,11062.0,2.744,0.7,0.104,0.018,47.0,4.2
10608,rh,supramarginal,4692,3183.0,8590.0,2.573,0.54,0.122,0.026,48.0,4.8
10608,rh,frontalpole,402,290.0,874.0,2.522,0.53,0.173,0.036,9.0,0.6
10608,rh,temporalpole,567,411.0,2486.0,3.859,0.606,0.13,0.036,7.0,0.9
10608,rh,transversetemporal,449,295.0,632.0,2.063,0.396,0.127,0.019,4.0,0.3
10608,rh,insula,2815,1904.0,5276.0,2.765,0.756,0.13,0.039,34.0,4.9
10617,lh,bankssts,1528,1004.0,2000.0,2.099,0.452,0.101,0.016,13.0,1.0
10617,lh,caudalanteriorcingulate,1119,753.0,1791.0,2.099,0.56,0.133,0.028,19.0,1.1
10617,lh,caudalmiddlefrontal,3141,2053.0,5451.0,2.414,0.467,0.108,0.019,27.0,2.6
10617,lh,cuneus,2007,1340.0,2402.0,1.693,0.433,0.14,0.028,25.0,2.5
10617,lh,entorhinal,682,437.0,1657.0,2.936,0.663,0.097,0.016,5.0,0.4
10617,lh,fusiform,4073,2750.0,8037.0,2.593,0.576,0.128,0.022,48.0,3.6
10617,lh,inferiorparietal,6131,4140.0,10933.0,2.416,0.554,0.125,0.023,67.0,6.4
10617,lh,inferiortemporal,4178,2865.0,8816.0,2.641,0.646,0.117,0.021,50.0,3.7
10617,lh,isthmuscingulate,1176,761.0,2020.0,2.341,0.787,0.115,0.024,14.0,1.1
10617,lh,lateraloccipital,6657,4391.0,10132.0,2.053,0.723,0.137,0.029,81.0,8.4
10617,lh,lateralorbitofrontal,3121,2153.0,6105.0,2.687,0.637,0.131,0.027,36.0,3.7
10617,lh,lingual,3953,2715.0,5268.0,1.843,0.565,0.131,0.029,47.0,5.0
10617,lh,medialorbitofrontal,2279,1577.0,4066.0,2.376,0.653,0.12,0.026,34.0,2.5
10617,lh,middletemporal,4068,2786.0,8684.0,2.616,0.672,0.115,0.021,43.0,3.5
10617,lh,parahippocampal,1131,653.0,1679.0,2.342,0.76,0.063,0.01,7.0,0.5
10617,lh,paracentral,2634,1423.0,3891.0,2.47,0.551,0.08,0.014,14.0,1.6
10617,lh,parsopercularis,1834,1200.0,3333.0,2.448,0.392,0.1,0.018,15.0,1.3
10617,lh,parsorbitalis,791,537.0,1689.0,2.519,0.563,0.137,0.028,11.0,0.9
10617,lh,parstriangularis,1577,1051.0,2794.0,2.274,0.667,0.119,0.02,15.0,1.3
10617,lh,pericalcarine,1743,1201.0,1446.0,1.4,0.351,0.143,0.032,23.0,2.3
10617,lh,postcentral,5845,3643.0,7872.0,1.945,0.621,0.096,0.016,42.0,4.1
10617,lh,posteriorcingulate,1635,1123.0,2663.0,2.202,0.593,0.129,0.022,21.0,1.8
10617,lh,precentral,7819,4860.0,12239.0,2.376,0.575,0.098,0.017,58.0,5.6
10617,lh,precuneus,4257,2861.0,7178.0,2.378,0.531,0.109,0.02,39.0,3.6
10617,lh,rostralanteriorcingulate,1432,988.0,2576.0,2.409,0.767,0.13,0.026,21.0,1.6
10617,lh,rostralmiddlefrontal,7085,4896.0,11493.0,2.174,0.497,0.126,0.024,83.0,7.2
10617,lh,superiorfrontal,11440,7649.0,21578.0,2.518,0.564,0.115,0.022,107.0,10.6
10617,lh,superiorparietal,8563,5346.0,12402.0,2.117,0.536,0.113,0.022,81.0,8.0
10617,lh,superiortemporal,5470,3481.0,10328.0,2.606,0.642,0.094,0.015,40.0,3.6
10617,lh,supramarginal,5102,3424.0,9004.0,2.449,0.504,0.115,0.022,47.0,4.6
10617,lh,frontalpole,343,248.0,913.0,2.682,0.434,0.163,0.029,7.0,0.4
10617,lh,temporalpole,629,421.0,1995.0,3.295,0.566,0.109,0.02,8.0,0.5
10617,lh,transversetemporal,655,410.0,809.0,1.952,0.544,0.108,0.015,5.0,0.3
10617,lh,insula,3294,2193.0,5526.0,2.499,0.7,0.116,0.026,36.0,3.4
10617,rh,bankssts,1500,977.0,2025.0,2.181,0.433,0.095,0.015,9.0,1.0
10617,rh,caudalanteriorcingulate,1226,813.0,2101.0,2.141,0.761,0.117,0.016,15.0,0.9
10617,rh,caudalmiddlefrontal,3830,2546.0,6451.0,2.329,0.486,0.111,0.019,31.0,3.1
10617,rh,cuneus,2196,1406.0,2677.0,1.753,0.52,0.128,0.024,27.0,2.4
10617,rh,entorhinal,586,377.0,1447.0,2.981,0.692,0.101,0.015,5.0,0.5
10617,rh,fusiform,4144,2729.0,8334.0,2.661,0.68,0.118,0.02,44.0,3.4
10617,rh,inferiorparietal,6954,4672.0,12305.0,2.435,0.587,0.119,0.023,73.0,7.0
10617,rh,inferiortemporal,3979,2669.0,8126.0,2.695,0.668,0.108,0.02,45.0,3.4
10617,rh,isthmuscingulate,1180,769.0,2038.0,2.281,0.748,0.099,0.018,13.0,0.8
10617,rh,lateraloccipital,6660,4298.0,10777.0,2.213,0.629,0.125,0.026,72.0,7.2
10617,rh,lateralorbitofrontal,2918,2043.0,5683.0,2.708,0.588,0.132,0.026,34.0,3.3
10617,rh,lingual,4700,3253.0,5658.0,1.713,0.518,0.142,0.029,62.0,6.3
10617,rh,medialorbitofrontal,2674,1905.0,4959.0,2.351,0.721,0.124,0.027,38.0,3.1
10617,rh,middletemporal,4503,2962.0,9126.0,2.595,0.65,0.096,0.015,37.0,3.1
10617,rh,parahippocampal,997,610.0,1731.0,2.48,0.784,0.071,0.01,5.0,0.4
10617,rh,paracentral,2746,1501.0,3943.0,2.467,0.506,0.092,0.018,19.0,1.9
10617,rh,parsopercularis,1499,1013.0,2658.0,2.342,0.448,0.103,0.015,13.0,1.0
10617,rh,parsorbitalis,993,692.0,2418.0,2.81,0.552,0.13,0.024,13.0,1.1
10617,rh,parstriangularis,1751,1158.0,2957.0,2.242,0.589,0.106,0.016,14.0,1.2
10617,rh,pericalcarine,2319,1554.0,1995.0,1.413,0.348,0.133,0.027,28.0,2.7
10617,rh,postcentral,6108,3688.0,8580.0,2.06,0.598,0.09,0.015,46.0,3.9
10617,rh,posteriorcingulate,1741,1202.0,2868.0,2.232,0.704,0.136,0.026,25.0,2.0
10617,rh,precentral,7943,4852.0,11969.0,2.339,0.528,0.092,0.017,54.0,6.4
10617,rh,precuneus,4781,3176.0,7832.0,2.379,0.534,0.113,0.019,45.0,3.9
10617,rh,rostralanteriorcingulate,1047,716.0,1768.0,2.137,0.63,0.126,0.022,17.0,1.0
10617,rh,rostralmiddlefrontal,7348,5178.0,12805.0,2.249,0.541,0.134,0.027,90.0,8.9
10617,rh,superiorfrontal,10403,7020.0,19142.0,2.496,0.517,0.118,0.021,101.0,9.3
10617,rh,superiorparietal,6882,4369.0,9615.0,2.037,0.531,0.111,0.02,63.0,5.9
10617,rh,superiortemporal,5491,3478.0,9661.0,2.464,0.638,0.091,0.014,43.0,3.3
10617,rh,supramarginal,5130,3410.0,8356.0,2.337,0.487,0.12,0.023,51.0,5.0
10617,rh,frontalpole,400,317.0,1180.0,2.817,0.418,0.174,0.038,9.0,0.6
10617,rh,temporalpole,614,420.0,2153.0,3.476,0.632,0.115,0.021,6.0,0.6
10617,rh,transversetemporal,495,292.0,622.0,1.945,0.345,0.119,0.02,6.0,0.4
10617,rh,insula,2852,1920.0,5286.0,2.736,0.762,0.111,0.023,25.0,2.8
10636,lh,bankssts,1373,908.0,2035.0,2.453,0.43,0.088,0.014,6.0,0.8
10636,lh,caudalanteriorcingulate,956,621.0,1555.0,2.211,0.684,0.115,0.014,11.0,0.6
10636,lh,caudalmiddlefrontal,3394,2284.0,6093.0,2.508,0.446,0.105,0.018,28.0,2.6
10636,lh,cuneus,2226,1469.0,2181.0,1.446,0.396,0.133,0.025,30.0,2.5
10636,lh,entorhinal,562,348.0,1678.0,3.504,0.702,0.072,0.016,2.0,0.3
10636,lh,fusiform,4479,3014.0,8234.0,2.533,0.591,0.12,0.028,47.0,4.8
10636,lh,inferiorparietal,6654,4552.0,10888.0,2.233,0.559,0.128,0.024,77.0,6.8
10636,lh,inferiortemporal,5056,3486.0,10974.0,2.675,0.708,0.125,0.03,58.0,5.7
10636,lh,isthmuscingulate,1395,931.0,2122.0,1.99,0.774,0.116,0.025,18.0,1.3
10636,lh,lateraloccipital,7422,4843.0,9409.0,1.845,0.581,0.135,0.03,88.0,9.5
10636,lh,lateralorbitofrontal,3954,2672.0,7030.0,2.476,0.663,0.132,0.031,47.0,5.1
10636,lh,lingual,4246,2810.0,5277.0,1.82,0.56,0.132,0.028,48.0,5.3
10636,lh,medialorbitofrontal,2138,1516.0,3987.0,2.371,0.729,0.121,0.025,30.0,2.2
10636,lh,middletemporal,4394,3039.0,9332.0,2.579,0.654,0.124,0.025,45.0,4.8
10636,lh,parahippocampal,1120,667.0,1921.0,2.496,0.606,0.067,0.009,5.0,0.4
10636,lh,paracentral,2027,1191.0,2899.0,2.319,0.533,0.088,0.014,10.0,1.3
10636,lh,parsopercularis,2234,1506.0,4016.0,2.345,0.464,0.109,0.02,23.0,2.0
10636,lh,parsorbitalis,837,604.0,1744.0,2.403,0.6,0.134,0.031,12.0,1.1
10636,lh,parstriangularis,1519,1031.0,2649.0,2.25,0.666,0.12,0.026,16.0,1.6
10636,lh,pericalcarine,2374,1681.0,2081.0,1.405,0.316,0.147,0.033,32.0,3.5
10636,lh,postcentral,5762,3632.0,7325.0,1.858,0.541,0.099,0.016,47.0,3.9
10636,lh,posteriorcingulate,1823,1209.0,3058.0,2.232,0.677,0.122,0.019,20.0,1.6
10636,lh,precentral,7382,4529.0,11662.0,2.391,0.507,0.096,0.015,52.0,4.6
10636,lh,precuneus,4781,3235.0,7569.0,2.187,0.52,0.121,0.023,49.0,4.9
10636,lh,rostralanteriorcingulate,1248,831.0,2516.0,2.608,0.613,0.117,0.02,16.0,1.0
10636,lh,rostralmiddlefrontal,7462,5244.0,12582.0,2.169,0.499,0.125,0.024,86.0,7.7
10636,lh,superiorfrontal,9736,6578.0,19477.0,2.678,0.487,0.119,0.025,95.0,9.9
10636,lh,superiorparietal,9050,5779.0,11747.0,1.887,0.481,0.104,0.017,85.0,6.7
10636,lh,superiortemporal,5222,3421.0,10880.0,2.714,0.709,0.095,0.015,38.0,3.5
10636,lh,supramarginal,5843,3987.0,10522.0,2.358,0.585,0.12,0.021,70.0,5.4
10636,lh,frontalpole,320,229.0,878.0,2.719,0.56,0.15,0.04,6.0,0.5
10636,lh,temporalpole,727,506.0,2372.0,3.583,0.701,0.123,0.03,7.0,0.9
10636,lh,transversetemporal,751,435.0,1105.0,2.25,0.306,0.106,0.015,8.0,0.4
10636,lh,insula,3453,2348.0,5926.0,2.668,0.744,0.126,0.031,41.0,4.2
10636,rh,bankssts,1457,946.0,2191.0,2.511,0.308,0.084,0.012,7.0,0.7
10636,rh,caudalanteriorcingulate,1214,798.0,2037.0,2.167,0.925,0.128,0.021,20.0,1.0
10636,rh,caudalmiddlefrontal,3134,2063.0,5329.0,2.429,0.381,0.114,0.019,30.0,2.5
10636,rh,cuneus,2948,1807.0,3399.0,1.768,0.589,0.126,0.025,38.0,3.2
10636,rh,entorhinal,746,481.0,2137.0,3.275,0.669,0.105,0.023,6.0,0.6
10636,rh,fusiform,4667,3126.0,8478.0,2.519,0.602,0.134,0.032,63.0,6.6
10636,rh,inferiorparietal,7323,4839.0,12349.0,2.332,0.48,0.111,0.02,71.0,6.1
10636,rh,inferiortemporal,5207,3548.0,11163.0,2.661,0.691,0.119,0.023,58.0,5.1
10636,rh,isthmuscingulate,1312,841.0,1941.0,2.01,0.779,0.112,0.022,15.0,1.0
10636,rh,lateraloccipital,7538,4713.0,9016.0,1.845,0.517,0.127,0.027,91.0,8.7
10636,rh,lateralorbitofrontal,3748,2596.0,6646.0,2.433,0.622,0.139,0.035,54.0,5.8
10636,rh,lingual,4426,3010.0,5485.0,1.753,0.544,0.135,0.03,55.0,5.8
10636,rh,medialorbitofrontal,2819,1943.0,5346.0,2.452,0.579,0.113,0.02,39.0,2.4
10636,rh,middletemporal,5086,3347.0,9911.0,2.507,0.62,0.113,0.021,53.0,4.4
10636,rh,parahippocampal,964,573.0,1756.0,2.702,0.749,0.071,0.009,5.0,0.3
10636,rh,paracentral,2492,1392.0,3396.0,2.37,0.525,0.092,0.016,18.0,1.7
10636,rh,parsopercularis,1714,1111.0,2980.0,2.569,0.399,0.102,0.019,14.0,1.2
10636,rh,parsorbitalis,1052,739.0,2188.0,2.496,0.548,0.128,0.027,12.0,1.2
10636,rh,parstriangularis,2090,1443.0,3906.0,2.385,0.562,0.123,0.024,25.0,2.3
10636,rh,pericalcarine,2650,1819.0,2250.0,1.397,0.323,0.136,0.029,33.0,3.4
10636,rh,postcentral,6031,3622.0,7713.0,1.977,0.576,0.093,0.017,47.0,4.3
10636,rh,posteriorcingulate,1887,1266.0,3178.0,2.28,0.68,0.138,0.023,28.0,1.9
10636,rh,precentral,7326,4518.0,11709.0,2.431,0.502,0.1,0.017,52.0,5.4
10636,rh,precuneus,5124,3353.0,7715.0,2.198,0.531,0.116,0.021,51.0,4.4
10636,rh,rostralanteriorcingulate,734,528.0,1707.0,2.716,0.619,0.122,0.029,10.0,0.9
10636,rh,rostralmiddlefrontal,7801,5526.0,13575.0,2.251,0.521,0.129,0.026,91.0,8.4
10636,rh,superiorfrontal,9310,6292.0,18460.0,2.695,0.539,0.12,0.024,90.0,9.2
10636,rh,superiorparietal,8360,5331.0,10946.0,1.897,0.475,0.109,0.018,78.0,6.6
10636,rh,superiortemporal,5230,3356.0,10079.0,2.599,0.669,0.094,0.015,38.0,3.4
10636,rh,supramarginal,5593,3663.0,9364.0,2.378,0.507,0.106,0.02,52.0,4.5
10636,rh,frontalpole,554,371.0,1153.0,2.437,0.561,0.149,0.038,8.0,0.9
10636,rh,temporalpole,816,554.0,2453.0,3.407,0.642,0.14,0.034,9.0,1.2
10636,rh,transversetemporal,522,326.0,759.0,2.135,0.351,0.118,0.018,5.0,0.4
10636,rh,insula,2963,1997.0,5666.0,2.933,0.748,0.113,0.024,29.0,2.4
10638,lh,bankssts,1404,914.0,1808.0,2.078,0.431,0.084,0.012,9.0,0.7
10638,lh,caudalanteriorcingulate,763,492.0,1204.0,2.35,0.62,0.122,0.014,9.0,0.5
10638,lh,caudalmiddlefrontal,2624,1767.0,4338.0,2.357,0.398,0.094,0.017,21.0,1.8
10638,lh,cuneus,2343,1494.0,2878.0,1.745,0.556,0.126,0.027,24.0,2.7
10638,lh,entorhinal,477,309.0,1640.0,3.551,0.704,0.078,0.018,3.0,0.3
10638,lh,fusiform,4093,2808.0,9233.0,2.844,0.59,0.122,0.021,52.0,3.4
10638,lh,inferiorparietal,5454,3711.0,9878.0,2.419,0.494,0.116,0.021,57.0,4.8
10638,lh,inferiortemporal,3557,2515.0,8414.0,2.829,0.686,0.118,0.02,42.0,3.2
10638,lh,isthmuscingulate,1362,884.0,1987.0,1.933,0.839,0.106,0.019,16.0,0.9
10638,lh,lateraloccipital,6662,4361.0,9486.0,2.077,0.595,0.126,0.026,68.0,7.5
10638,lh,lateralorbitofrontal,3262,2182.0,6110.0,2.642,0.53,0.125,0.029,254.0,4.8
10638,lh,lingual,4634,3056.0,5982.0,1.795,0.593,0.116,0.02,48.0,4.2
10638,lh,medialorbitofrontal,2360,1657.0,4336.0,2.453,0.708,0.128,0.025,33.0,2.4
10638,lh,middletemporal,3889,2558.0,8773.0,2.731,0.672,0.097,0.016,34.0,2.7
10638,lh,parahippocampal,1017,609.0,1953.0,2.698,0.665,0.061,0.008,5.0,0.2
10638,lh,paracentral,1677,944.0,2526.0,2.408,0.708,0.077,0.014,7.0,1.0
10638,lh,parsopercularis,1810,1197.0,3141.0,2.427,0.44,0.108,0.019,16.0,1.4
10638,lh,parsorbitalis,976,679.0,2173.0,2.593,0.57,0.135,0.027,14.0,1.1
10638,lh,parstriangularis,2028,1352.0,3226.0,2.147,0.522,0.111,0.02,19.0,1.7
10638,lh,pericalcarine,2100,1355.0,2047.0,1.659,0.454,0.118,0.024,21.0,2.1
10638,lh,postcentral,5532,3397.0,7399.0,1.991,0.625,0.09,0.015,37.0,3.5
10638,lh,posteriorcingulate,1256,825.0,2085.0,2.22,0.758,0.113,0.019,14.0,1.1
10638,lh,precentral,5277,3189.0,9034.0,2.59,0.559,0.088,0.018,38.0,4.1
10638,lh,precuneus,4644,3071.0,7486.0,2.269,0.619,0.107,0.017,43.0,3.5
10638,lh,rostralanteriorcingulate,734,484.0,1479.0,2.566,0.772,0.11,0.017,7.0,0.6
10638,lh,rostralmiddlefrontal,6859,4932.0,12170.0,2.243,0.531,0.125,0.025,80.0,7.2
10638,lh,superiorfrontal,8101,5607.0,16810.0,2.683,0.509,0.117,0.022,78.0,7.6
10638,lh,superiorparietal,7811,4933.0,11373.0,2.127,0.49,0.101,0.017,69.0,5.7
10638,lh,superiortemporal,5309,3444.0,10816.0,2.723,0.697,0.09,0.015,40.0,3.4
10638,lh,supramarginal,3709,2514.0,6925.0,2.482,0.534,0.117,0.022,37.0,3.5
10638,lh,frontalpole,306,253.0,1056.0,3.033,0.321,0.184,0.038,6.0,0.5
10638,lh,temporalpole,503,362.0,2094.0,3.907,0.56,0.116,0.025,5.0,0.5
10638,lh,transversetemporal,680,380.0,853.0,2.154,0.301,0.115,0.016,7.0,0.4
10638,lh,insula,3109,2040.0,5797.0,2.898,0.753,0.114,0.029,31.0,3.4
10638,rh,bankssts,1109,758.0,1599.0,2.235,0.523,0.104,0.017,7.0,0.8
10638,rh,caudalanteriorcingulate,833,547.0,1324.0,2.124,0.786,0.135,0.021,14.0,0.7
10638,rh,caudalmiddlefrontal,2376,1598.0,4140.0,2.375,0.512,0.102,0.017,19.0,1.9
10638,rh,cuneus,2119,1346.0,2600.0,1.678,0.55,0.133,0.025,25.0,2.4
10638,rh,entorhinal,431,283.0,1663.0,3.761,0.702,0.092,0.019,3.0,0.3
10638,rh,fusiform,3804,2616.0,8699.0,2.969,0.653,0.122,0.022,42.0,3.3
10638,rh,inferiorparietal,6335,4312.0,11297.0,2.431,0.606,0.12,0.024,66.0,6.2
10638,rh,inferiortemporal,3519,2523.0,8354.0,2.848,0.665,0.122,0.021,43.0,3.2
10638,rh,isthmuscingulate,1119,708.0,1765.0,2.21,0.813,0.105,0.019,12.0,0.7
10638,rh,lateraloccipital,6335,4139.0,10045.0,2.248,0.613,0.123,0.024,66.0,6.8
10638,rh,lateralorbitofrontal,3225,2186.0,5889.0,2.609,0.644,0.123,0.027,39.0,3.5
10638,rh,lingual,4503,3034.0,6840.0,2.004,0.747,0.128,0.024,54.0,5.0
10638,rh,medialorbitofrontal,1944,1449.0,3890.0,2.43,0.629,0.13,0.026,35.0,2.2
10638,rh,middletemporal,4416,2967.0,10805.0,2.939,0.718,0.094,0.016,36.0,2.8
10638,rh,parahippocampal,994,588.0,1925.0,2.712,0.758,0.064,0.01,6.0,0.3
10638,rh,paracentral,2352,1284.0,3342.0,2.415,0.61,0.074,0.012,11.0,1.1
10638,rh,parsopercularis,1645,1094.0,2696.0,2.332,0.436,0.108,0.021,14.0,1.4
10638,rh,parsorbitalis,1078,717.0,2338.0,2.572,0.602,0.121,0.019,12.0,0.9
10638,rh,parstriangularis,2043,1455.0,3791.0,2.266,0.576,0.13,0.027,24.0,2.2
10638,rh,pericalcarine,1773,1182.0,1922.0,1.788,0.517,0.107,0.021,14.0,1.5
10638,rh,postcentral,5567,3341.0,6952.0,1.925,0.663,0.083,0.014,33.0,3.5
10638,rh,posteriorcingulate,1376,894.0,2325.0,2.279,0.696,0.105,0.015,14.0,0.9
10638,rh,precentral,6431,3959.0,10859.0,2.542,0.613,0.095,0.017,49.0,4.5
10638,rh,precuneus,5046,3285.0,8279.0,2.344,0.627,0.107,0.018,50.0,3.8
10638,rh,rostralanteriorcingulate,644,456.0,1512.0,2.642,0.677,0.112,0.022,7.0,0.5
10638,rh,rostralmiddlefrontal,5823,4196.0,10907.0,2.359,0.573,0.13,0.028,67.0,6.9
10638,rh,superiorfrontal,8183,5683.0,17216.0,2.699,0.544,0.111,0.021,72.0,7.0
10638,rh,superiorparietal,7571,4701.0,10590.0,2.103,0.592,0.101,0.018,62.0,5.7
10638,rh,superiortemporal,4899,3132.0,9522.0,2.647,0.682,0.091,0.014,37.0,2.9
10638,rh,supramarginal,4300,2902.0,6919.0,2.272,0.588,0.118,0.024,44.0,4.2
10638,rh,frontalpole,334,294.0,1143.0,2.774,0.487,0.171,0.039,7.0,0.5
10638,rh,temporalpole,551,381.0,2206.0,3.824,0.557,0.117,0.027,6.0,0.7
10638,rh,transversetemporal,471,273.0,670.0,2.309,0.385,0.114,0.019,5.0,0.4
10638,rh,insula,2921,1933.0,5728.0,2.901,0.686,0.113,0.025,27.0,2.7
10641,lh,bankssts,1160,776.0,1695.0,2.327,0.434,0.102,0.017,7.0,0.9
10641,lh,caudalanteriorcingulate,774,491.0,1119.0,2.189,0.491,0.132,0.013,11.0,0.5
10641,lh,caudalmiddlefrontal,3130,2018.0,5266.0,2.445,0.39,0.098,0.016,24.0,2.1
10641,lh,cuneus,2078,1371.0,2105.0,1.539,0.411,0.126,0.024,22.0,2.4
10641,lh,entorhinal,641,417.0,2275.0,3.674,0.904,0.086,0.017,5.0,0.5
10641,lh,fusiform,4398,2966.0,8359.0,2.541,0.563,0.117,0.02,49.0,3.5
10641,lh,inferiorparietal,4948,3339.0,8377.0,2.33,0.49,0.116,0.019,52.0,4.2
10641,lh,inferiortemporal,4390,3053.0,9018.0,2.709,0.544,0.121,0.021,50.0,4.2
10641,lh,isthmuscingulate,1220,800.0,1721.0,2.01,0.711,0.11,0.02,14.0,0.9
10641,lh,lateraloccipital,6661,4358.0,9027.0,1.945,0.505,0.121,0.022,72.0,6.7
10641,lh,lateralorbitofrontal,3990,2647.0,7202.0,2.623,0.633,0.118,0.023,43.0,3.8
10641,lh,lingual,4217,2766.0,5187.0,1.817,0.591,0.12,0.025,48.0,4.7
10641,lh,medialorbitofrontal,2391,1678.0,4240.0,2.293,0.515,0.116,0.019,30.0,2.0
10641,lh,middletemporal,4322,2870.0,9470.0,2.666,0.591,0.112,0.021,50.0,3.7
10641,lh,parahippocampal,951,563.0,1549.0,2.548,0.674,0.086,0.016,6.0,0.4
10641,lh,paracentral,1912,1109.0,2553.0,2.2,0.558,0.086,0.015,11.0,1.3
10641,lh,parsopercularis,2907,1908.0,4968.0,2.385,0.374,0.104,0.018,28.0,2.1
10641,lh,parsorbitalis,1032,704.0,2283.0,2.565,0.566,0.124,0.022,12.0,1.0
10641,lh,parstriangularis,1965,1310.0,3286.0,2.277,0.508,0.114,0.02,18.0,1.7
10641,lh,pericalcarine,1699,1147.0,1331.0,1.34,0.383,0.134,0.025,19.0,1.8
10641,lh,postcentral,5548,3410.0,7226.0,1.945,0.598,0.09,0.014,35.0,3.5
10641,lh,posteriorcingulate,1630,1104.0,2639.0,2.159,0.691,0.122,0.019,21.0,1.4
10641,lh,precentral,7185,4230.0,11986.0,2.619,0.542,0.089,0.015,46.0,4.5
10641,lh,precuneus,4265,2845.0,6866.0,2.274,0.51,0.116,0.019,42.0,3.6
10641,lh,rostralanteriorcingulate,1217,810.0,2072.0,2.565,0.616,0.128,0.023,18.0,1.2
10641,lh,rostralmiddlefrontal,7551,5102.0,12906.0,2.33,0.479,0.121,0.022,81.0,7.1
10641,lh,superiorfrontal,10621,6934.0,20322.0,2.622,0.496,0.109,0.021,86.0,9.2
10641,lh,superiorparietal,6127,3882.0,9379.0,2.203,0.505,0.105,0.017,52.0,4.5
10641,lh,superiortemporal,6038,3955.0,12421.0,2.75,0.669,0.094,0.015,44.0,3.9
10641,lh,supramarginal,4910,3332.0,9028.0,2.517,0.474,0.117,0.022,49.0,4.6
10641,lh,frontalpole,368,264.0,828.0,2.502,0.456,0.143,0.026,5.0,0.5
10641,lh,temporalpole,624,470.0,2326.0,3.695,0.67,0.118,0.028,6.0,0.8
10641,lh,transversetemporal,760,429.0,1129.0,2.409,0.431,0.1,0.02,6.0,0.6
10641,lh,insula,3392,2231.0,6366.0,2.869,0.83,0.113,0.026,30.0,3.5
10641,rh,bankssts,1146,739.0,1679.0,2.357,0.316,0.089,0.012,6.0,0.7
10641,rh,caudalanteriorcingulate,1242,808.0,1960.0,2.101,0.746,0.109,0.015,14.0,0.8
10641,rh,caudalmiddlefrontal,2900,1920.0,4929.0,2.425,0.453,0.111,0.019,24.0,2.4
10641,rh,cuneus,2321,1517.0,2739.0,1.697,0.525,0.131,0.027,27.0,2.9
10641,rh,entorhinal,612,386.0,2077.0,3.532,0.875,0.089,0.018,4.0,0.5
10641,rh,fusiform,4045,2674.0,7685.0,2.59,0.574,0.115,0.021,42.0,3.5
10641,rh,inferiorparietal,6434,4286.0,11315.0,2.388,0.479,0.115,0.021,68.0,5.6
10641,rh,inferiortemporal,4863,3190.0,9369.0,2.625,0.568,0.106,0.019,49.0,4.2
10641,rh,isthmuscingulate,1194,750.0,1621.0,2.049,0.676,0.115,0.022,15.0,1.0
10641,rh,lateraloccipital,6739,4395.0,9367.0,2.04,0.581,0.13,0.028,76.0,8.3
10641,rh,lateralorbitofrontal,3557,2349.0,6361.0,2.627,0.6,0.119,0.026,40.0,3.8
10641,rh,lingual,4401,3024.0,5398.0,1.727,0.546,0.135,0.028,56.0,5.7
10641,rh,medialorbitofrontal,3041,2041.0,4761.0,2.152,0.522,0.116,0.021,45.0,2.5
10641,rh,middletemporal,4969,3367.0,10782.0,2.691,0.561,0.105,0.018,45.0,3.7
10641,rh,parahippocampal,981,584.0,1502.0,2.3,0.627,0.081,0.013,7.0,0.4
10641,rh,paracentral,2258,1241.0,3029.0,2.332,0.613,0.093,0.018,15.0,1.7
10641,rh,parsopercularis,1838,1202.0,3132.0,2.473,0.393,0.106,0.015,16.0,1.2
10641,rh,parsorbitalis,1337,902.0,2833.0,2.655,0.443,0.124,0.02,14.0,1.2
10641,rh,parstriangularis,2321,1571.0,3693.0,2.204,0.427,0.125,0.022,27.0,2.2
10641,rh,pericalcarine,1851,1317.0,1748.0,1.52,0.449,0.137,0.026,21.0,2.1
10641,rh,postcentral,5534,3328.0,6869.0,1.902,0.586,0.088,0.013,36.0,3.3
10641,rh,posteriorcingulate,1644,1111.0,2726.0,2.22,0.741,0.121,0.02,21.0,1.5
10641,rh,precentral,7491,4488.0,12140.0,2.507,0.547,0.093,0.016,51.0,5.2
10641,rh,precuneus,4439,2930.0,7432.0,2.421,0.502,0.119,0.023,43.0,4.2
10641,rh,rostralanteriorcingulate,977,677.0,1785.0,2.323,0.715,0.123,0.02,15.0,0.9
10641,rh,rostralmiddlefrontal,7588,5328.0,13144.0,2.279,0.467,0.135,0.028,95.0,9.0
10641,rh,superiorfrontal,9714,6438.0,18960.0,2.699,0.489,0.115,0.021,86.0,8.7
10641,rh,superiorparietal,6200,3921.0,9447.0,2.158,0.497,0.109,0.02,54.0,5.0
10641,rh,superiortemporal,5194,3311.0,10641.0,2.764,0.658,0.092,0.014,35.0,3.0
10641,rh,supramarginal,3967,2610.0,6660.0,2.411,0.462,0.113,0.019,33.0,3.4
10641,rh,frontalpole,456,335.0,953.0,2.389,0.396,0.177,0.036,9.0,0.8
10641,rh,temporalpole,618,482.0,2329.0,3.59,0.605,0.136,0.032,6.0,0.9
10641,rh,transversetemporal,553,291.0,818.0,2.453,0.448,0.096,0.019,4.0,0.4
10641,rh,insula,3678,2441.0,6671.0,2.777,0.79,0.11,0.023,32.0,3.3
10649,lh,bankssts,1546,1020.0,2400.0,2.306,0.356,0.077,0.01,7.0,0.7
10649,lh,caudalanteriorcingulate,944,600.0,1428.0,2.453,0.418,0.136,0.016,12.0,0.7
10649,lh,caudalmiddlefrontal,2370,1568.0,4171.0,2.561,0.464,0.116,0.02,19.0,2.1
10649,lh,cuneus,1902,1305.0,2135.0,1.65,0.359,0.148,0.033,26.0,2.7
10649,lh,entorhinal,661,415.0,1901.0,3.402,0.736,0.09,0.016,4.0,0.4
10649,lh,fusiform,5065,3330.0,9704.0,2.606,0.581,0.115,0.021,46.0,4.5
10649,lh,inferiorparietal,6576,4423.0,10510.0,2.267,0.447,0.121,0.02,71.0,5.9
10649,lh,inferiortemporal,4819,3303.0,9975.0,2.727,0.545,0.119,0.022,53.0,4.5
10649,lh,isthmuscingulate,1606,1082.0,2353.0,2.007,0.818,0.121,0.025,25.0,1.7
10649,lh,lateraloccipital,9279,6026.0,12698.0,2.0,0.542,0.132,0.027,113.0,11.1
10649,lh,lateralorbitofrontal,3764,2469.0,6598.0,2.587,0.476,0.122,0.025,43.0,4.2
10649,lh,lingual,4948,3354.0,6231.0,1.75,0.582,0.137,0.032,58.0,6.9
10649,lh,medialorbitofrontal,2484,1653.0,3865.0,2.187,0.564,0.117,0.02,31.0,2.1
10649,lh,middletemporal,4984,3295.0,10412.0,2.65,0.589,0.115,0.021,58.0,4.3
10649,lh,parahippocampal,1315,832.0,2670.0,2.564,0.825,0.103,0.021,14.0,1.0
10649,lh,paracentral,2055,1204.0,3121.0,2.401,0.5,0.108,0.026,17.0,2.3
10649,lh,parsopercularis,1970,1281.0,3401.0,2.437,0.466,0.101,0.016,20.0,1.2
10649,lh,parsorbitalis,1064,710.0,2134.0,2.516,0.558,0.123,0.023,14.0,1.0
10649,lh,parstriangularis,1779,1198.0,2911.0,2.185,0.49,0.106,0.016,17.0,1.3
10649,lh,pericalcarine,2247,1520.0,1640.0,1.275,0.317,0.144,0.03,29.0,2.8
10649,lh,postcentral,7037,4261.0,9821.0,2.111,0.6,0.104,0.017,61.0,5.3
10649,lh,posteriorcingulate,1911,1278.0,3004.0,2.26,0.675,0.135,0.028,26.0,2.3
10649,lh,precentral,7649,4606.0,11631.0,2.375,0.538,0.102,0.018,58.0,6.1
10649,lh,precuneus,5697,3793.0,8590.0,2.167,0.502,0.118,0.02,58.0,4.9
10649,lh,rostralanteriorcingulate,1505,983.0,2744.0,2.475,0.808,0.13,0.027,22.0,1.8
10649,lh,rostralmiddlefrontal,6621,4546.0,11510.0,2.268,0.521,0.125,0.024,76.0,6.6
10649,lh,superiorfrontal,10322,6766.0,19696.0,2.624,0.465,0.118,0.022,101.0,9.7
10649,lh,superiorparietal,7754,5180.0,12051.0,2.122,0.511,0.125,0.023,85.0,7.8
10649,lh,superiortemporal,5939,3873.0,11461.0,2.671,0.681,0.1,0.016,47.0,4.0
10649,lh,supramarginal,7096,4709.0,12382.0,2.379,0.5,0.11,0.018,67.0,5.4
10649,lh,frontalpole,348,274.0,842.0,2.596,0.608,0.174,0.039,7.0,0.6
10649,lh,temporalpole,657,432.0,2279.0,3.751,0.825,0.121,0.021,7.0,0.6
10649,lh,transversetemporal,971,545.0,1229.0,2.01,0.32,0.084,0.013,6.0,0.5
10649,lh,insula,3572,2347.0,6028.0,2.677,0.719,0.109,0.023,29.0,3.3
10649,rh,bankssts,1353,893.0,2081.0,2.444,0.413,0.102,0.016,9.0,1.0
10649,rh,caudalanteriorcingulate,1270,851.0,2095.0,2.266,0.565,0.111,0.016,14.0,1.0
10649,rh,caudalmiddlefrontal,2313,1501.0,3768.0,2.425,0.399,0.103,0.018,17.0,1.6
10649,rh,cuneus,2421,1576.0,2656.0,1.622,0.49,0.137,0.028,33.0,3.2
10649,rh,entorhinal,695,433.0,2248.0,3.747,0.82,0.089,0.014,4.0,0.4
10649,rh,fusiform,5110,3319.0,9790.0,2.648,0.59,0.115,0.02,51.0,4.6
10649,rh,inferiorparietal,7320,4920.0,12112.0,2.31,0.44,0.125,0.022,81.0,6.9
10649,rh,inferiortemporal,5387,3608.0,11063.0,2.737,0.579,0.117,0.022,57.0,4.9
10649,rh,isthmuscingulate,1349,909.0,1883.0,1.879,0.678,0.116,0.026,19.0,1.3
10649,rh,lateraloccipital,8432,5378.0,11783.0,2.098,0.534,0.127,0.024,96.0,9.0
10649,rh,lateralorbitofrontal,3269,2212.0,6011.0,2.633,0.611,0.134,0.031,39.0,4.3
10649,rh,lingual,4707,3043.0,6007.0,1.922,0.588,0.131,0.03,54.0,6.2
10649,rh,medialorbitofrontal,2687,1805.0,4305.0,2.203,0.565,0.114,0.02,39.0,2.3
10649,rh,middletemporal,5047,3347.0,10427.0,2.639,0.573,0.112,0.019,51.0,4.0
10649,rh,parahippocampal,981,602.0,1780.0,2.504,0.868,0.107,0.017,11.0,0.6
10649,rh,paracentral,2537,1392.0,3393.0,2.39,0.54,0.096,0.019,19.0,2.1
10649,rh,parsopercularis,1700,1108.0,3038.0,2.565,0.424,0.112,0.021,15.0,1.5
10649,rh,parsorbitalis,1172,825.0,2399.0,2.446,0.607,0.139,0.028,13.0,1.5
10649,rh,parstriangularis,1940,1314.0,3509.0,2.42,0.561,0.122,0.022,19.0,1.8
10649,rh,pericalcarine,2275,1531.0,1674.0,1.264,0.352,0.132,0.029,27.0,2.9
10649,rh,postcentral,6852,4210.0,9556.0,2.07,0.61,0.106,0.019,57.0,5.8
10649,rh,posteriorcingulate,1700,1121.0,2657.0,2.247,0.56,0.119,0.022,19.0,1.6
10649,rh,precentral,7772,4668.0,12347.0,2.483,0.632,0.105,0.022,64.0,7.4
10649,rh,precuneus,6362,4188.0,9645.0,2.219,0.501,0.118,0.021,64.0,5.9
10649,rh,rostralanteriorcingulate,1017,683.0,1841.0,2.473,0.502,0.116,0.02,13.0,0.9
10649,rh,rostralmiddlefrontal,7900,5608.0,13317.0,2.202,0.492,0.131,0.024,98.0,8.3
10649,rh,superiorfrontal,9685,6327.0,18267.0,2.621,0.47,0.116,0.021,88.0,8.7
10649,rh,superiorparietal,8719,5674.0,12881.0,2.112,0.49,0.118,0.021,92.0,8.0
10649,rh,superiortemporal,5537,3484.0,10713.0,2.745,0.555,0.093,0.014,38.0,3.3
10649,rh,supramarginal,6447,4244.0,11087.0,2.406,0.51,0.106,0.018,57.0,4.9
10649,rh,frontalpole,444,314.0,1059.0,2.533,0.455,0.149,0.027,8.0,0.5
10649,rh,temporalpole,680,448.0,2794.0,4.141,0.578,0.115,0.025,6.0,0.7
10649,rh,transversetemporal,610,344.0,856.0,2.251,0.422,0.099,0.02,5.0,0.4
10649,rh,insula,3151,2094.0,5891.0,2.907,0.798,0.118,0.026,30.0,3.2
10656,lh,bankssts,1504,1016.0,2258.0,2.306,0.48,0.098,0.016,10.0,1.0
10656,lh,caudalanteriorcingulate,732,456.0,1130.0,2.3,0.484,0.092,0.009,5.0,0.3
10656,lh,caudalmiddlefrontal,3987,2696.0,8607.0,2.821,0.58,0.107,0.02,35.0,3.3
10656,lh,cuneus,2351,1566.0,3160.0,1.875,0.461,0.15,0.032,34.0,3.3
10656,lh,entorhinal,624,397.0,1540.0,2.966,0.688,0.101,0.017,5.0,0.5
10656,lh,fusiform,5092,3580.0,11931.0,2.823,0.693,0.129,0.027,68.0,5.9
10656,lh,inferiorparietal,5996,4133.0,11596.0,2.578,0.495,0.119,0.023,68.0,6.0
10656,lh,inferiortemporal,4537,3154.0,9954.0,2.718,0.678,0.11,0.021,53.0,3.9
10656,lh,isthmuscingulate,1675,1117.0,2974.0,2.305,0.907,0.121,0.025,21.0,1.5
10656,lh,lateraloccipital,7687,4971.0,11824.0,2.159,0.596,0.128,0.026,93.0,8.4
10656,lh,lateralorbitofrontal,3939,2693.0,8505.0,2.834,0.638,0.123,0.028,45.0,4.4
10656,lh,lingual,5208,3578.0,6846.0,1.873,0.584,0.134,0.028,64.0,6.7
10656,lh,medialorbitofrontal,2714,1905.0,5291.0,2.431,0.782,0.129,0.03,47.0,3.3
10656,lh,middletemporal,4842,3410.0,13265.0,2.958,0.739,0.113,0.021,56.0,4.3
10656,lh,parahippocampal,1288,810.0,2186.0,2.327,0.772,0.077,0.012,8.0,0.6
10656,lh,paracentral,2389,1409.0,4109.0,2.549,0.508,0.101,0.017,18.0,1.8
10656,lh,parsopercularis,1897,1288.0,3858.0,2.618,0.474,0.099,0.017,20.0,1.3
10656,lh,parsorbitalis,963,672.0,2356.0,2.714,0.694,0.13,0.027,14.0,1.0
10656,lh,parstriangularis,1879,1245.0,3911.0,2.664,0.59,0.11,0.018,17.0,1.6
10656,lh,pericalcarine,2720,1802.0,2690.0,1.63,0.431,0.116,0.022,26.0,2.5
10656,lh,postcentral,7141,4591.0,10435.0,2.067,0.599,0.107,0.019,63.0,5.7
10656,lh,posteriorcingulate,1461,959.0,2640.0,2.556,0.563,0.102,0.015,14.0,1.0
10656,lh,precentral,7417,4559.0,13570.0,2.683,0.621,0.1,0.018,58.0,5.8
10656,lh,precuneus,5417,3753.0,10366.0,2.561,0.611,0.125,0.025,64.0,6.0
10656,lh,rostralanteriorcingulate,1448,963.0,2974.0,2.631,0.758,0.108,0.018,17.0,1.1
10656,lh,rostralmiddlefrontal,9326,6660.0,20100.0,2.604,0.617,0.122,0.025,108.0,9.6
10656,lh,superiorfrontal,11471,7750.0,26917.0,2.984,0.625,0.111,0.02,103.0,9.6
10656,lh,superiorparietal,8707,5851.0,14739.0,2.27,0.517,0.116,0.02,92.0,7.7
10656,lh,superiortemporal,7147,4706.0,16271.0,2.992,0.677,0.102,0.017,62.0,5.5
10656,lh,supramarginal,6221,4339.0,12673.0,2.616,0.535,0.123,0.022,78.0,5.7
10656,lh,frontalpole,356,292.0,1237.0,2.909,0.683,0.16,0.039,8.0,0.6
10656,lh,temporalpole,703,519.0,2489.0,3.455,0.603,0.136,0.034,9.0,0.9
10656,lh,transversetemporal,818,532.0,1494.0,2.522,0.392,0.099,0.018,6.0,0.5
10656,lh,insula,3644,2474.0,7847.0,3.142,0.718,0.119,0.03,36.0,4.3
10656,rh,bankssts,1659,1135.0,2876.0,2.586,0.477,0.107,0.019,13.0,1.3
10656,rh,caudalanteriorcingulate,1361,901.0,2872.0,2.466,0.859,0.093,0.013,11.0,0.8
10656,rh,caudalmiddlefrontal,3750,2506.0,7658.0,2.693,0.575,0.104,0.018,31.0,2.9
10656,rh,cuneus,2887,1851.0,4317.0,1.981,0.578,0.132,0.028,36.0,3.4
10656,rh,entorhinal,582,390.0,1698.0,3.119,0.808,0.114,0.028,7.0,0.6
10656,rh,fusiform,5429,3575.0,12243.0,2.964,0.63,0.116,0.025,72.0,5.8
10656,rh,inferiorparietal,7277,5013.0,14325.0,2.607,0.489,0.123,0.022,90.0,7.0
10656,rh,inferiortemporal,5076,3413.0,11538.0,2.935,0.681,0.104,0.019,48.0,3.8
10656,rh,isthmuscingulate,1480,966.0,2680.0,2.419,0.828,0.117,0.025,18.0,1.3
10656,rh,lateraloccipital,7535,4984.0,11313.0,2.144,0.526,0.127,0.026,89.0,8.4
10656,rh,lateralorbitofrontal,3557,2456.0,8057.0,2.985,0.627,0.131,0.03,49.0,4.6
10656,rh,lingual,6639,4570.0,9361.0,1.902,0.613,0.139,0.032,93.0,10.0
10656,rh,medialorbitofrontal,2787,1939.0,5796.0,2.671,0.761,0.122,0.032,42.0,3.8
10656,rh,middletemporal,5494,3735.0,13780.0,2.939,0.634,0.105,0.018,56.0,4.3
10656,rh,parahippocampal,1257,758.0,1824.0,2.179,0.744,0.066,0.012,6.0,0.5
10656,rh,paracentral,2561,1530.0,3943.0,2.489,0.614,0.103,0.018,18.0,2.0
10656,rh,parsopercularis,2222,1501.0,4613.0,2.73,0.467,0.107,0.019,27.0,2.0
10656,rh,parsorbitalis,1042,769.0,2867.0,2.865,0.693,0.138,0.029,14.0,1.3
10656,rh,parstriangularis,2590,1778.0,5683.0,2.701,0.641,0.115,0.02,26.0,2.2
10656,rh,pericalcarine,3323,2231.0,3508.0,1.733,0.486,0.12,0.025,29.0,3.6
10656,rh,postcentral,6566,4076.0,9366.0,2.086,0.688,0.103,0.018,55.0,5.1
10656,rh,posteriorcingulate,1870,1261.0,3659.0,2.537,0.68,0.125,0.021,22.0,1.7
10656,rh,precentral,6913,4156.0,12247.0,2.688,0.678,0.1,0.019,55.0,5.6
10656,rh,precuneus,6106,4134.0,11813.0,2.579,0.624,0.122,0.023,67.0,6.0
10656,rh,rostralanteriorcingulate,1033,740.0,2445.0,2.731,0.732,0.119,0.022,14.0,1.0
10656,rh,rostralmiddlefrontal,9343,6772.0,20766.0,2.624,0.625,0.129,0.027,118.0,10.4
10656,rh,superiorfrontal,10240,6861.0,23748.0,3.068,0.613,0.113,0.023,94.0,9.8
10656,rh,superiorparietal,8863,5760.0,14988.0,2.347,0.552,0.117,0.021,89.0,8.2
10656,rh,superiortemporal,6418,4211.0,14649.0,3.0,0.689,0.105,0.017,57.0,4.7
10656,rh,supramarginal,5847,4003.0,11554.0,2.645,0.569,0.118,0.022,67.0,5.5
10656,rh,frontalpole,502,390.0,1509.0,2.732,0.797,0.157,0.039,11.0,0.8
10656,rh,temporalpole,776,564.0,3128.0,3.9,0.648,0.117,0.027,8.0,0.9
10656,rh,transversetemporal,570,357.0,1074.0,2.618,0.433,0.123,0.021,7.0,0.4
10656,rh,insula,3713,2463.0,8078.0,3.191,0.734,0.103,0.023,29.0,3.4
10661,lh,bankssts,1609,1095.0,2447.0,2.294,0.379,0.097,0.017,9.0,1.0
10661,lh,caudalanteriorcingulate,992,641.0,1853.0,2.513,0.612,0.102,0.015,8.0,0.7
10661,lh,caudalmiddlefrontal,3402,2233.0,5908.0,2.549,0.45,0.109,0.021,29.0,3.3
10661,lh,cuneus,2628,1686.0,3030.0,1.667,0.449,0.127,0.026,30.0,3.0
10661,lh,entorhinal,636,420.0,1966.0,3.406,0.627,0.094,0.021,4.0,0.5
10661,lh,fusiform,5568,3755.0,11227.0,2.661,0.694,0.113,0.023,56.0,5.0
10661,lh,inferiorparietal,7946,5401.0,13425.0,2.296,0.492,0.121,0.028,97.0,10.0
10661,lh,inferiortemporal,6482,4421.0,13923.0,2.662,0.655,0.115,0.023,72.0,6.4
10661,lh,isthmuscingulate,1576,1039.0,2804.0,2.324,0.768,0.123,0.026,20.0,1.7
10661,lh,lateraloccipital,9511,6095.0,13231.0,1.966,0.575,0.126,0.026,100.0,10.7
10661,lh,lateralorbitofrontal,4516,3055.0,8539.0,2.665,0.556,0.128,0.026,50.0,4.7
10661,lh,lingual,5596,3736.0,7030.0,1.796,0.554,0.117,0.023,60.0,5.7
10661,lh,medialorbitofrontal,3325,2208.0,5640.0,2.314,0.611,0.11,0.02,42.0,2.6
10661,lh,middletemporal,5743,3956.0,12094.0,2.633,0.708,0.123,0.026,69.0,6.7
10661,lh,parahippocampal,1284,761.0,2138.0,2.391,0.51,0.067,0.012,5.0,0.5
10661,lh,paracentral,2827,1535.0,4164.0,2.534,0.535,0.08,0.014,15.0,1.6
10661,lh,parsopercularis,2384,1577.0,4495.0,2.502,0.481,0.101,0.018,21.0,1.7
10661,lh,parsorbitalis,1111,725.0,2282.0,2.652,0.456,0.108,0.018,9.0,0.8
10661,lh,parstriangularis,1689,1060.0,2531.0,2.258,0.458,0.098,0.017,13.0,1.1
10661,lh,pericalcarine,2408,1671.0,2211.0,1.489,0.31,0.127,0.025,24.0,2.6
10661,lh,postcentral,7834,4777.0,10133.0,1.981,0.575,0.099,0.017,62.0,5.6
10661,lh,posteriorcingulate,1547,997.0,2677.0,2.51,0.443,0.101,0.017,13.0,1.1
10661,lh,precentral,8607,5169.0,14524.0,2.62,0.52,0.092,0.017,60.0,6.4
10661,lh,precuneus,6338,4187.0,10191.0,2.327,0.512,0.107,0.019,54.0,5.0
10661,lh,rostralanteriorcingulate,1432,999.0,3058.0,2.702,0.535,0.113,0.019,17.0,1.3
10661,lh,rostralmiddlefrontal,8969,6141.0,15869.0,2.352,0.466,0.125,0.025,103.0,9.4
10661,lh,superiorfrontal,13681,9111.0,26854.0,2.671,0.516,0.113,0.022,126.0,12.3
10661,lh,superiorparietal,10060,6488.0,14582.0,2.126,0.425,0.111,0.02,95.0,8.3
10661,lh,superiortemporal,6766,4303.0,12990.0,2.715,0.657,0.089,0.015,47.0,4.5
10661,lh,supramarginal,7030,4740.0,12429.0,2.458,0.479,0.122,0.024,84.0,7.1
10661,lh,frontalpole,403,283.0,986.0,2.604,0.476,0.152,0.034,7.0,0.6
10661,lh,temporalpole,601,494.0,2793.0,3.747,0.948,0.162,0.045,10.0,1.3
10661,lh,transversetemporal,799,488.0,1047.0,2.072,0.45,0.098,0.017,6.0,0.5
10661,lh,insula,3844,2586.0,7081.0,2.658,0.739,0.121,0.03,39.0,5.2
10661,rh,bankssts,1635,1062.0,2236.0,2.241,0.357,0.096,0.02,11.0,1.4
10661,rh,caudalanteriorcingulate,1420,924.0,2473.0,2.306,0.773,0.102,0.016,13.0,0.9
10661,rh,caudalmiddlefrontal,2904,1933.0,5176.0,2.446,0.448,0.108,0.019,23.0,2.4
10661,rh,cuneus,2573,1627.0,2894.0,1.713,0.403,0.13,0.027,29.0,3.0
10661,rh,entorhinal,687,438.0,2328.0,3.309,0.701,0.094,0.019,4.0,0.6
10661,rh,fusiform,5201,3435.0,11209.0,2.768,0.668,0.11,0.022,50.0,4.9
10661,rh,inferiorparietal,8897,5835.0,14522.0,2.324,0.483,0.118,0.022,94.0,8.1
10661,rh,inferiortemporal,6079,4191.0,13597.0,2.716,0.733,0.128,0.031,76.0,8.2
10661,rh,isthmuscingulate,1703,1135.0,3333.0,2.439,0.848,0.119,0.023,19.0,1.5
10661,rh,lateraloccipital,9341,5947.0,13544.0,2.064,0.604,0.126,0.026,101.0,10.7
10661,rh,lateralorbitofrontal,4412,2996.0,8072.0,2.596,0.596,0.125,0.027,55.0,5.1
10661,rh,lingual,5273,3591.0,6661.0,1.802,0.574,0.133,0.029,60.0,6.9
10661,rh,medialorbitofrontal,3286,2233.0,5752.0,2.328,0.694,0.107,0.022,37.0,3.0
10661,rh,middletemporal,5968,4040.0,11977.0,2.655,0.65,0.119,0.024,67.0,5.9
10661,rh,parahippocampal,1296,772.0,2199.0,2.514,0.642,0.082,0.011,8.0,0.5
10661,rh,paracentral,3147,1733.0,4418.0,2.465,0.462,0.093,0.019,23.0,2.5
10661,rh,parsopercularis,1849,1216.0,3542.0,2.748,0.411,0.112,0.019,16.0,1.5
10661,rh,parsorbitalis,1401,935.0,2782.0,2.531,0.49,0.121,0.019,16.0,1.1
10661,rh,parstriangularis,1975,1321.0,3350.0,2.439,0.432,0.108,0.018,18.0,1.5
10661,rh,pericalcarine,2304,1564.0,2134.0,1.535,0.404,0.119,0.024,19.0,2.4
10661,rh,postcentral,7589,4621.0,10066.0,2.014,0.524,0.098,0.022,77.0,5.8
10661,rh,posteriorcingulate,1809,1214.0,3074.0,2.317,0.574,0.107,0.019,19.0,1.7
10661,rh,precentral,7939,4828.0,13580.0,2.637,0.535,0.096,0.019,56.0,6.5
10661,rh,precuneus,6414,4241.0,10566.0,2.36,0.535,0.114,0.021,66.0,5.4
10661,rh,rostralanteriorcingulate,1289,892.0,2549.0,2.456,0.674,0.128,0.023,22.0,1.2
10661,rh,rostralmiddlefrontal,10093,7036.0,17995.0,2.322,0.48,0.123,0.023,111.0,9.8
10661,rh,superiorfrontal,13156,8833.0,25224.0,2.59,0.547,0.115,0.023,135.0,12.7
10661,rh,superiorparietal,9331,6023.0,13547.0,2.109,0.451,0.111,0.021,101.0,8.0
10661,rh,superiortemporal,6292,4020.0,11974.0,2.671,0.674,0.1,0.017,47.0,4.5
10661,rh,supramarginal,7181,4685.0,12497.0,2.473,0.499,0.109,0.02,69.0,6.3
10661,rh,frontalpole,448,347.0,1097.0,2.467,0.494,0.161,0.042,10.0,0.8
10661,rh,temporalpole,807,565.0,2964.0,3.787,0.585,0.123,0.026,8.0,0.9
10661,rh,transversetemporal,639,360.0,908.0,2.332,0.449,0.11,0.019,6.0,0.5
10661,rh,insula,3495,2326.0,7139.0,2.957,0.657,0.114,0.027,32.0,3.8
10716,lh,bankssts,1531,985.0,1907.0,2.095,0.359,0.085,0.014,7.0,0.9
10716,lh,caudalanteriorcingulate,1228,795.0,1894.0,2.22,0.547,0.12,0.018,17.0,1.0
10716,lh,caudalmiddlefrontal,3381,2210.0,4932.0,2.223,0.387,0.116,0.022,29.0,3.2
10716,lh,cuneus,2464,1588.0,2676.0,1.671,0.396,0.133,0.026,29.0,2.8
10716,lh,entorhinal,706,487.0,2549.0,3.47,0.971,0.107,0.032,7.0,0.9
10716,lh,fusiform,4637,3102.0,9063.0,2.552,0.581,0.12,0.025,49.0,4.8
10716,lh,inferiorparietal,8247,5575.0,12403.0,2.131,0.476,0.109,0.019,82.0,6.7
10716,lh,inferiortemporal,6076,4231.0,12775.0,2.615,0.66,0.122,0.024,70.0,6.0
10716,lh,isthmuscingulate,1689,1130.0,2463.0,1.943,0.885,0.109,0.025,25.0,1.6
10716,lh,lateraloccipital,8505,5530.0,11888.0,1.982,0.524,0.13,0.027,95.0,9.9
10716,lh,lateralorbitofrontal,4161,2849.0,7555.0,2.57,0.507,0.125,0.025,46.0,4.4
10716,lh,lingual,4520,2956.0,5967.0,1.838,0.58,0.119,0.024,53.0,4.7
10716,lh,medialorbitofrontal,2973,2130.0,5223.0,2.321,0.567,0.126,0.028,40.0,3.8
10716,lh,middletemporal,4688,3085.0,8947.0,2.508,0.619,0.109,0.02,47.0,3.7
10716,lh,parahippocampal,977,589.0,2034.0,2.72,0.971,0.075,0.014,5.0,0.4
10716,lh,paracentral,2260,1271.0,2745.0,2.024,0.531,0.099,0.019,21.0,1.8
10716,lh,parsopercularis,2304,1524.0,3713.0,2.277,0.368,0.108,0.02,23.0,1.9
10716,lh,parsorbitalis,940,648.0,1963.0,2.563,0.588,0.136,0.03,11.0,1.1
10716,lh,parstriangularis,1576,1017.0,2433.0,2.167,0.545,0.117,0.021,15.0,1.4
10716,lh,pericalcarine,1893,1241.0,1763.0,1.618,0.41,0.103,0.019,14.0,1.5
10716,lh,postcentral,7668,4574.0,9602.0,1.925,0.532,0.093,0.017,59.0,5.3
10716,lh,posteriorcingulate,1870,1212.0,2804.0,2.182,0.704,0.113,0.021,20.0,1.6
10716,lh,precentral,8743,5261.0,12690.0,2.254,0.482,0.096,0.017,62.0,6.4
10716,lh,precuneus,6207,4079.0,9250.0,2.172,0.541,0.112,0.02,58.0,5.3
10716,lh,rostralanteriorcingulate,1302,904.0,2374.0,2.398,0.587,0.124,0.022,20.0,1.2
10716,lh,rostralmiddlefrontal,7949,5495.0,12709.0,2.148,0.439,0.124,0.023,85.0,8.0
10716,lh,superiorfrontal,10173,6796.0,17567.0,2.36,0.493,0.121,0.025,104.0,11.1
10716,lh,superiorparietal,8381,5348.0,11339.0,1.973,0.477,0.1,0.017,65.0,6.0
10716,lh,superiortemporal,6058,3962.0,10995.0,2.434,0.67,0.095,0.016,45.0,4.2
10716,lh,supramarginal,5350,3605.0,8701.0,2.26,0.501,0.115,0.02,58.0,4.6
10716,lh,frontalpole,344,250.0,866.0,2.684,0.334,0.156,0.03,6.0,0.4
10716,lh,temporalpole,749,560.0,2524.0,3.411,0.828,0.128,0.033,7.0,0.9
10716,lh,transversetemporal,801,454.0,948.0,1.947,0.377,0.095,0.016,6.0,0.5
10716,lh,insula,3578,2378.0,6372.0,2.639,0.718,0.113,0.024,31.0,3.8
10716,rh,bankssts,1542,1014.0,2252.0,2.327,0.38,0.096,0.015,10.0,1.0
10716,rh,caudalanteriorcingulate,1141,798.0,2023.0,2.173,0.802,0.103,0.015,12.0,0.9
10716,rh,caudalmiddlefrontal,3689,2453.0,6213.0,2.299,0.479,0.112,0.02,34.0,3.2
10716,rh,cuneus,2753,1700.0,3073.0,1.74,0.43,0.122,0.025,31.0,3.1
10716,rh,entorhinal,468,324.0,1975.0,3.607,0.907,0.087,0.024,3.0,0.3
10716,rh,fusiform,4519,3000.0,8900.0,2.602,0.648,0.116,0.024,47.0,4.3
10716,rh,inferiorparietal,9579,6328.0,15103.0,2.239,0.476,0.109,0.02,90.0,8.2
10716,rh,inferiortemporal,4547,3165.0,9623.0,2.718,0.582,0.125,0.025,48.0,4.8
10716,rh,isthmuscingulate,1539,985.0,2196.0,1.943,0.851,0.106,0.021,17.0,1.3
10716,rh,lateraloccipital,8807,5675.0,12156.0,1.95,0.557,0.126,0.026,100.0,9.7
10716,rh,lateralorbitofrontal,4170,2969.0,7479.0,2.536,0.592,0.132,0.03,54.0,5.8
10716,rh,lingual,5094,3417.0,7118.0,1.934,0.628,0.131,0.028,60.0,6.3
10716,rh,medialorbitofrontal,3300,2318.0,5918.0,2.357,0.525,0.118,0.021,42.0,3.0
10716,rh,middletemporal,5005,3351.0,10131.0,2.548,0.631,0.117,0.025,54.0,5.1
10716,rh,parahippocampal,1025,601.0,1658.0,2.335,0.728,0.083,0.013,6.0,0.5
10716,rh,paracentral,2488,1432.0,3916.0,2.378,0.633,0.105,0.023,18.0,2.5
10716,rh,parsopercularis,1777,1178.0,2933.0,2.33,0.416,0.096,0.017,14.0,1.2
10716,rh,parsorbitalis,1313,905.0,2484.0,2.548,0.542,0.142,0.03,17.0,1.8
10716,rh,parstriangularis,1783,1173.0,2847.0,2.162,0.47,0.107,0.018,14.0,1.4
10716,rh,pericalcarine,2481,1621.0,2238.0,1.528,0.394,0.115,0.026,20.0,2.7
10716,rh,postcentral,7293,4347.0,8854.0,1.908,0.508,0.095,0.017,53.0,5.4
10716,rh,posteriorcingulate,1900,1326.0,3014.0,2.088,0.703,0.121,0.023,25.0,2.0
10716,rh,precentral,7489,4433.0,10578.0,2.261,0.5,0.099,0.019,55.0,6.2
10716,rh,precuneus,6158,4022.0,9191.0,2.182,0.538,0.115,0.023,62.0,5.9
10716,rh,rostralanteriorcingulate,829,582.0,1374.0,2.282,0.625,0.105,0.018,8.0,0.6
10716,rh,rostralmiddlefrontal,8745,6049.0,14074.0,2.159,0.422,0.123,0.023,96.0,8.4
10716,rh,superiorfrontal,10272,6730.0,17737.0,2.436,0.45,0.112,0.022,100.0,9.4
10716,rh,superiorparietal,8338,5220.0,11296.0,2.021,0.475,0.101,0.018,83.0,6.1
10716,rh,superiortemporal,6487,4164.0,11790.0,2.546,0.6,0.098,0.016,47.0,4.6
10716,rh,supramarginal,6037,4052.0,9965.0,2.323,0.481,0.109,0.02,57.0,5.0
10716,rh,frontalpole,468,343.0,1046.0,2.471,0.452,0.16,0.03,9.0,0.6
10716,rh,temporalpole,649,472.0,2705.0,3.668,0.971,0.14,0.041,7.0,1.2
10716,rh,transversetemporal,712,373.0,840.0,1.97,0.301,0.08,0.01,5.0,0.3
10716,rh,insula,3321,2261.0,5943.0,2.654,0.689,0.121,0.027,32.0,3.9
10804,lh,bankssts,1749,1157.0,2669.0,2.368,0.377,0.092,0.014,10.0,1.0
10804,lh,caudalanteriorcingulate,822,527.0,1389.0,2.491,0.479,0.093,0.009,6.0,0.3
10804,lh,caudalmiddlefrontal,2624,1725.0,4796.0,2.603,0.393,0.094,0.014,17.0,1.5
10804,lh,cuneus,2350,1523.0,2128.0,1.398,0.283,0.12,0.024,24.0,2.5
10804,lh,entorhinal,650,388.0,1580.0,3.074,0.82,0.113,0.036,8.0,1.1
10804,lh,fusiform,4680,3097.0,9094.0,2.595,0.651,0.115,0.021,49.0,4.1
10804,lh,inferiorparietal,6430,4331.0,11345.0,2.408,0.473,0.111,0.018,63.0,4.9
10804,lh,inferiortemporal,5402,3662.0,11697.0,2.757,0.576,0.109,0.019,56.0,3.9
10804,lh,isthmuscingulate,1290,815.0,1986.0,2.227,0.681,0.116,0.022,16.0,1.0
10804,lh,lateraloccipital,8359,5254.0,10540.0,1.89,0.486,0.118,0.022,88.0,8.2
10804,lh,lateralorbitofrontal,3556,2437.0,6601.0,2.6,0.551,0.127,0.024,42.0,3.8
10804,lh,lingual,4857,3265.0,6048.0,1.795,0.583,0.128,0.028,54.0,5.5
10804,lh,medialorbitofrontal,2665,1815.0,4588.0,2.287,0.634,0.122,0.024,41.0,2.8
10804,lh,middletemporal,5004,3403.0,11254.0,2.742,0.542,0.114,0.02,54.0,4.2
10804,lh,parahippocampal,1117,651.0,1733.0,2.32,0.623,0.067,0.011,6.0,0.4
10804,lh,paracentral,2290,1388.0,3194.0,2.246,0.429,0.082,0.014,10.0,1.4
10804,lh,parsopercularis,2341,1530.0,4359.0,2.559,0.444,0.108,0.018,21.0,1.7
10804,lh,parsorbitalis,999,676.0,2215.0,2.638,0.608,0.126,0.024,12.0,0.9
10804,lh,parstriangularis,1890,1261.0,3335.0,2.345,0.492,0.119,0.021,20.0,1.6
10804,lh,pericalcarine,1937,1311.0,1618.0,1.396,0.325,0.128,0.023,22.0,2.0
10804,lh,postcentral,6745,4318.0,9054.0,1.925,0.563,0.104,0.017,57.0,5.1
10804,lh,posteriorcingulate,1845,1219.0,3179.0,2.341,0.535,0.108,0.017,20.0,1.5
10804,lh,precentral,7309,4560.0,12115.0,2.503,0.526,0.098,0.016,53.0,4.9
10804,lh,precuneus,5489,3731.0,8745.0,2.266,0.446,0.111,0.019,54.0,4.3
10804,lh,rostralanteriorcingulate,1048,727.0,2198.0,2.712,0.513,0.107,0.015,13.0,0.8
10804,lh,rostralmiddlefrontal,7059,4999.0,12720.0,2.261,0.533,0.126,0.025,84.0,7.2
10804,lh,superiorfrontal,9577,6417.0,19443.0,2.708,0.513,0.107,0.017,83.0,7.1
10804,lh,superiorparietal,7698,5077.0,11577.0,2.125,0.42,0.113,0.018,77.0,5.9
10804,lh,superiortemporal,5868,3852.0,11767.0,2.703,0.568,0.096,0.016,46.0,4.0
10804,lh,supramarginal,5611,3782.0,10137.0,2.474,0.512,0.115,0.019,58.0,4.6
10804,lh,frontalpole,394,291.0,839.0,2.191,0.563,0.147,0.029,8.0,0.4
10804,lh,temporalpole,684,500.0,2454.0,3.587,0.742,0.125,0.026,9.0,0.7
10804,lh,transversetemporal,714,423.0,930.0,2.167,0.367,0.123,0.02,8.0,0.6
10804,lh,insula,3398,2347.0,6169.0,2.772,0.699,0.118,0.027,35.0,3.4
10804,rh,bankssts,1410,922.0,2282.0,2.52,0.335,0.091,0.014,9.0,0.9
10804,rh,caudalanteriorcingulate,1076,712.0,2068.0,2.641,0.529,0.119,0.014,12.0,0.7
10804,rh,caudalmiddlefrontal,4105,2531.0,7380.0,2.678,0.536,0.086,0.013,22.0,2.2
10804,rh,cuneus,2590,1698.0,2830.0,1.599,0.427,0.128,0.024,29.0,2.8
10804,rh,entorhinal,670,426.0,1406.0,2.668,0.885,0.115,0.036,8.0,1.1
10804,rh,fusiform,4863,3138.0,9382.0,2.597,0.588,0.106,0.019,50.0,3.5
10804,rh,inferiorparietal,7139,4710.0,12592.0,2.44,0.473,0.114,0.02,73.0,5.8
10804,rh,inferiortemporal,4963,3283.0,9847.0,2.693,0.517,0.113,0.02,47.0,4.1
10804,rh,isthmuscingulate,1317,833.0,1949.0,2.138,0.724,0.118,0.027,18.0,1.1
10804,rh,lateraloccipital,7962,5126.0,10035.0,1.884,0.457,0.122,0.025,87.0,8.5
10804,rh,lateralorbitofrontal,3764,2536.0,6474.0,2.47,0.723,0.131,0.03,51.0,4.8
10804,rh,lingual,5153,3455.0,6471.0,1.822,0.605,0.129,0.026,62.0,6.0
10804,rh,medialorbitofrontal,2979,2065.0,5193.0,2.199,0.624,0.111,0.022,36.0,2.7
10804,rh,middletemporal,5562,3722.0,12184.0,2.749,0.551,0.106,0.017,48.0,4.2
10804,rh,parahippocampal,938,548.0,1395.0,2.281,0.587,0.083,0.018,8.0,0.4
10804,rh,paracentral,1989,1264.0,2988.0,2.184,0.435,0.1,0.015,17.0,1.3
10804,rh,parsopercularis,2108,1386.0,3940.0,2.598,0.346,0.1,0.016,15.0,1.4
10804,rh,parsorbitalis,1074,737.0,2232.0,2.51,0.461,0.122,0.02,13.0,0.9
10804,rh,parstriangularis,2350,1601.0,4249.0,2.361,0.499,0.117,0.02,25.0,1.9
10804,rh,pericalcarine,2723,1769.0,2161.0,1.345,0.355,0.11,0.021,25.0,2.5
10804,rh,postcentral,3979,2608.0,6680.0,2.426,0.416,0.115,0.021,39.0,3.5
10804,rh,posteriorcingulate,1763,1166.0,3244.0,2.54,0.611,0.12,0.021,20.0,1.5
10804,rh,precentral,8697,5474.0,12312.0,2.092,0.606,0.102,0.017,71.0,6.4
10804,rh,precuneus,4822,3171.0,8055.0,2.437,0.461,0.115,0.02,46.0,4.0
10804,rh,rostralanteriorcingulate,950,666.0,2087.0,2.718,0.536,0.128,0.02,14.0,0.8
10804,rh,rostralmiddlefrontal,8153,5803.0,14085.0,2.2,0.533,0.127,0.023,96.0,7.9
10804,rh,superiorfrontal,12484,8039.0,24335.0,2.731,0.52,0.106,0.018,103.0,9.7
10804,rh,superiorparietal,5861,3708.0,8173.0,2.135,0.445,0.104,0.016,47.0,4.1
10804,rh,superiortemporal,6157,3917.0,11846.0,2.718,0.583,0.09,0.014,43.0,3.7
10804,rh,supramarginal,3925,2638.0,7647.0,2.584,0.523,0.108,0.018,42.0,3.2
10804,rh,frontalpole,492,370.0,1122.0,2.404,0.556,0.159,0.032,9.0,0.7
10804,rh,temporalpole,591,464.0,2454.0,3.767,0.57,0.145,0.042,12.0,0.9
10804,rh,transversetemporal,625,365.0,901.0,2.418,0.478,0.138,0.025,9.0,0.7
10804,rh,insula,3177,2148.0,6434.0,3.001,0.7,0.11,0.023,29.0,2.8
10809,lh,bankssts,1505,985.0,1910.0,2.086,0.429,0.088,0.012,7.0,0.8
10809,lh,caudalanteriorcingulate,1655,1090.0,2514.0,2.168,0.628,0.124,0.015,23.0,1.2
10809,lh,caudalmiddlefrontal,4140,2589.0,5903.0,2.18,0.596,0.106,0.021,31.0,3.6
10809,lh,cuneus,2582,1678.0,2615.0,1.464,0.409,0.116,0.021,26.0,2.4
10809,lh,entorhinal,982,650.0,2791.0,2.951,1.078,0.103,0.028,10.0,1.0
10809,lh,fusiform,4733,3303.0,8694.0,2.393,0.582,0.125,0.026,51.0,5.0
10809,lh,inferiorparietal,6369,4262.0,9695.0,2.196,0.521,0.126,0.025,65.0,6.9
10809,lh,inferiortemporal,5883,4135.0,12695.0,2.567,0.675,0.129,0.025,71.0,6.3
10809,lh,isthmuscingulate,1850,1191.0,2524.0,2.004,0.794,0.101,0.017,19.0,1.3
10809,lh,lateraloccipital,8492,5785.0,11507.0,1.837,0.615,0.137,0.028,98.0,10.7
10809,lh,lateralorbitofrontal,4401,2958.0,7643.0,2.453,0.565,0.122,0.024,46.0,4.4
10809,lh,lingual,5982,3975.0,7504.0,1.687,0.594,0.117,0.022,56.0,5.6
10809,lh,medialorbitofrontal,3028,2099.0,4918.0,2.195,0.721,0.114,0.024,32.0,3.2
10809,lh,middletemporal,4953,3419.0,9974.0,2.519,0.61,0.118,0.022,53.0,4.5
10809,lh,parahippocampal,1191,731.0,1982.0,2.297,0.779,0.081,0.012,6.0,0.5
10809,lh,paracentral,2199,1414.0,2732.0,1.839,0.59,0.113,0.022,17.0,1.9
10809,lh,parsopercularis,2689,1686.0,4784.0,2.526,0.56,0.106,0.02,23.0,2.2
10809,lh,parsorbitalis,1147,735.0,2131.0,2.372,0.598,0.124,0.022,14.0,1.1
10809,lh,parstriangularis,2772,1784.0,3895.0,2.056,0.477,0.11,0.019,24.0,2.4
10809,lh,pericalcarine,2404,1610.0,1895.0,1.335,0.237,0.127,0.024,28.0,2.5
10809,lh,postcentral,7533,4782.0,9704.0,1.907,0.618,0.109,0.019,60.0,6.2
10809,lh,posteriorcingulate,2273,1606.0,3215.0,1.998,0.69,0.144,0.025,34.0,2.6
10809,lh,precentral,8797,5246.0,12669.0,2.274,0.734,0.104,0.022,66.0,8.1
10809,lh,precuneus,6400,4354.0,9230.0,2.061,0.519,0.126,0.024,63.0,6.8
10809,lh,rostralanteriorcingulate,1558,1032.0,2610.0,2.297,0.609,0.113,0.019,17.0,1.3
10809,lh,rostralmiddlefrontal,12341,8060.0,15890.0,1.901,0.485,0.127,0.025,128.0,13.2
10809,lh,superiorfrontal,13686,8865.0,22351.0,2.332,0.58,0.115,0.023,115.0,13.3
10809,lh,superiorparietal,9258,6023.0,13980.0,2.041,0.659,0.122,0.022,88.0,9.0
10809,lh,superiortemporal,6801,4328.0,12164.0,2.571,0.683,0.099,0.016,52.0,4.8
10809,lh,supramarginal,7742,5090.0,12339.0,2.271,0.563,0.111,0.021,69.0,7.1
10809,lh,frontalpole,410,295.0,749.0,1.981,0.506,0.149,0.035,6.0,0.6
10809,lh,temporalpole,682,468.0,2060.0,3.301,0.671,0.105,0.018,7.0,0.5
10809,lh,transversetemporal,1117,673.0,1451.0,1.993,0.547,0.083,0.013,7.0,0.6
10809,lh,insula,3929,2507.0,6725.0,2.653,0.774,0.102,0.022,32.0,3.4
10809,rh,bankssts,1135,741.0,1582.0,2.31,0.41,0.084,0.013,5.0,0.6
10809,rh,caudalanteriorcingulate,1544,1041.0,2536.0,2.321,0.804,0.109,0.015,17.0,1.1
10809,rh,caudalmiddlefrontal,3717,2350.0,5520.0,2.218,0.489,0.105,0.019,28.0,2.9
10809,rh,cuneus,3104,2036.0,3618.0,1.658,0.54,0.129,0.025,35.0,3.4
10809,rh,entorhinal,695,443.0,2169.0,3.199,0.974,0.111,0.017,7.0,0.4
10809,rh,fusiform,4744,3221.0,8922.0,2.483,0.688,0.121,0.022,50.0,4.5
10809,rh,inferiorparietal,10077,6553.0,14972.0,2.212,0.575,0.117,0.024,97.0,10.1
10809,rh,inferiortemporal,5371,3691.0,11346.0,2.614,0.68,0.115,0.023,51.0,5.1
10809,rh,isthmuscingulate,1722,1049.0,2118.0,1.814,0.787,0.101,0.021,19.0,1.4
10809,rh,lateraloccipital,9295,6013.0,12781.0,1.972,0.656,0.13,0.029,97.0,11.6
10809,rh,lateralorbitofrontal,4068,2826.0,7026.0,2.428,0.559,0.127,0.026,48.0,4.4
10809,rh,lingual,6142,4055.0,6934.0,1.604,0.507,0.12,0.024,65.0,6.8
10809,rh,medialorbitofrontal,3038,2200.0,5096.0,2.168,0.698,0.13,0.026,48.0,3.6
10809,rh,middletemporal,5740,3796.0,11200.0,2.56,0.598,0.109,0.021,56.0,4.9
10809,rh,parahippocampal,1096,646.0,1936.0,2.499,0.871,0.076,0.011,6.0,0.4
10809,rh,paracentral,2632,1781.0,3474.0,1.938,0.558,0.126,0.025,23.0,2.6
10809,rh,parsopercularis,2315,1487.0,3507.0,2.213,0.443,0.102,0.016,22.0,1.6
10809,rh,parsorbitalis,1286,851.0,2512.0,2.455,0.664,0.119,0.023,14.0,1.3
10809,rh,parstriangularis,3003,1999.0,4560.0,2.115,0.492,0.119,0.021,30.0,2.7
10809,rh,pericalcarine,2594,1708.0,2195.0,1.416,0.275,0.117,0.021,26.0,2.4
10809,rh,postcentral,7060,4364.0,9813.0,2.024,0.726,0.102,0.018,54.0,5.6
10809,rh,posteriorcingulate,2194,1516.0,3470.0,2.137,0.682,0.14,0.024,31.0,2.4
10809,rh,precentral,9445,5712.0,13178.0,2.239,0.715,0.098,0.019,66.0,8.0
10809,rh,precuneus,6395,4231.0,9260.0,2.199,0.558,0.12,0.024,62.0,6.6
10809,rh,rostralanteriorcingulate,1113,773.0,2127.0,2.561,0.554,0.112,0.019,11.0,0.9
10809,rh,rostralmiddlefrontal,10830,7406.0,16121.0,1.972,0.532,0.125,0.025,114.0,11.8
10809,rh,superiorfrontal,12969,8562.0,22125.0,2.347,0.614,0.112,0.022,110.0,12.0
10809,rh,superiorparietal,8171,5313.0,12567.0,2.106,0.679,0.121,0.023,79.0,8.1
10809,rh,superiortemporal,5738,3624.0,10547.0,2.599,0.703,0.096,0.015,42.0,3.9
10809,rh,supramarginal,5586,3637.0,8967.0,2.327,0.582,0.114,0.02,52.0,4.8
10809,rh,frontalpole,548,405.0,1180.0,2.387,0.624,0.163,0.034,9.0,0.7
10809,rh,temporalpole,774,557.0,2932.0,3.576,0.877,0.113,0.022,7.0,0.7
10809,rh,transversetemporal,575,341.0,975.0,2.534,0.414,0.107,0.017,6.0,0.3
10809,rh,insula,4243,2693.0,6987.0,2.49,0.827,0.099,0.019,30.0,3.2
10810,lh,bankssts,1562,999.0,1732.0,1.855,0.489,0.081,0.013,7.0,0.8
10810,lh,caudalanteriorcingulate,1018,683.0,1700.0,2.343,0.571,0.118,0.016,14.0,0.9
10810,lh,caudalmiddlefrontal,4386,2671.0,6144.0,2.181,0.53,0.106,0.02,34.0,3.9
10810,lh,cuneus,2051,1390.0,2420.0,1.613,0.509,0.132,0.027,22.0,2.5
10810,lh,entorhinal,878,580.0,2794.0,3.316,0.848,0.104,0.019,7.0,0.7
10810,lh,fusiform,4617,3259.0,9536.0,2.595,0.596,0.133,0.027,56.0,5.3
10810,lh,inferiorparietal,6897,4234.0,9108.0,2.076,0.552,0.103,0.018,57.0,5.5
10810,lh,inferiortemporal,5308,3805.0,10867.0,2.595,0.655,0.124,0.024,65.0,5.3
10810,lh,isthmuscingulate,1420,945.0,2122.0,1.996,0.852,0.114,0.023,17.0,1.6
10810,lh,lateraloccipital,8917,5698.0,11006.0,1.864,0.595,0.125,0.025,99.0,9.6
10810,lh,lateralorbitofrontal,3878,2603.0,7386.0,2.703,0.531,0.121,0.024,41.0,3.9
10810,lh,lingual,4657,3153.0,6107.0,1.807,0.608,0.125,0.027,50.0,5.7
10810,lh,medialorbitofrontal,2812,1925.0,4896.0,2.324,0.648,0.119,0.024,36.0,2.8
10810,lh,middletemporal,4823,3258.0,9997.0,2.615,0.665,0.123,0.025,56.0,5.0
10810,lh,parahippocampal,936,605.0,2020.0,2.866,1.003,0.101,0.022,10.0,0.8
10810,lh,paracentral,2365,1384.0,3412.0,2.173,0.606,0.108,0.022,19.0,2.3
10810,lh,parsopercularis,2744,1751.0,4148.0,2.276,0.541,0.109,0.023,24.0,2.8
10810,lh,parsorbitalis,895,600.0,1863.0,2.464,0.531,0.118,0.025,11.0,0.8
10810,lh,parstriangularis,1911,1244.0,2730.0,2.156,0.516,0.115,0.024,17.0,2.0
10810,lh,pericalcarine,1905,1376.0,1665.0,1.411,0.293,0.142,0.032,21.0,2.9
10810,lh,postcentral,6708,4080.0,7334.0,1.694,0.584,0.097,0.017,47.0,5.0
10810,lh,posteriorcingulate,2037,1376.0,2809.0,1.913,0.726,0.131,0.024,30.0,2.1
10810,lh,precentral,7784,4639.0,10260.0,2.138,0.613,0.099,0.02,55.0,6.8
10810,lh,precuneus,4451,3082.0,6612.0,2.032,0.566,0.123,0.025,46.0,4.7
10810,lh,rostralanteriorcingulate,1565,1064.0,2814.0,2.368,0.65,0.115,0.018,22.0,1.2
10810,lh,rostralmiddlefrontal,8652,5728.0,13675.0,2.228,0.557,0.124,0.026,88.0,9.6
10810,lh,superiorfrontal,12144,7579.0,19795.0,2.446,0.576,0.107,0.022,96.0,11.0
10810,lh,superiorparietal,8015,5001.0,10153.0,1.901,0.576,0.113,0.023,71.0,8.0
10810,lh,superiortemporal,6471,4036.0,10200.0,2.302,0.649,0.089,0.015,48.0,4.1
10810,lh,supramarginal,5770,3724.0,8069.0,2.148,0.554,0.121,0.024,56.0,5.9
10810,lh,frontalpole,386,270.0,895.0,2.664,0.387,0.16,0.04,7.0,0.7
10810,lh,temporalpole,693,511.0,2436.0,3.472,0.699,0.114,0.02,7.0,0.7
10810,lh,transversetemporal,659,414.0,646.0,1.506,0.275,0.09,0.014,4.0,0.4
10810,lh,insula,3272,2100.0,6620.0,3.16,0.94,0.108,0.027,25.0,3.5
10810,rh,bankssts,1658,1067.0,2192.0,2.174,0.508,0.101,0.017,12.0,1.2
10810,rh,caudalanteriorcingulate,1234,799.0,1994.0,2.299,0.689,0.123,0.021,18.0,1.2
10810,rh,caudalmiddlefrontal,3341,2142.0,5328.0,2.338,0.432,0.1,0.017,23.0,2.5
10810,rh,cuneus,2193,1458.0,2661.0,1.725,0.547,0.141,0.027,32.0,3.0
10810,rh,entorhinal,544,377.0,2247.0,3.551,0.966,0.091,0.026,5.0,0.5
10810,rh,fusiform,4424,3009.0,7777.0,2.467,0.583,0.127,0.032,50.0,5.5
10810,rh,inferiorparietal,8750,5537.0,11352.0,2.01,0.515,0.104,0.02,77.0,7.3
10810,rh,inferiortemporal,4791,3425.0,9282.0,2.479,0.655,0.127,0.025,58.0,5.0
10810,rh,isthmuscingulate,1448,963.0,2054.0,1.942,0.772,0.124,0.028,23.0,1.8
10810,rh,lateraloccipital,8657,5562.0,11918.0,1.976,0.569,0.129,0.028,94.0,10.8
10810,rh,lateralorbitofrontal,3993,2727.0,7190.0,2.556,0.615,0.127,0.027,51.0,4.5
10810,rh,lingual,4472,3042.0,6052.0,1.801,0.553,0.131,0.026,53.0,5.3
10810,rh,medialorbitofrontal,2980,2027.0,5499.0,2.548,0.592,0.118,0.023,40.0,2.7
10810,rh,middletemporal,5917,3960.0,12404.0,2.657,0.655,0.113,0.021,69.0,5.3
10810,rh,parahippocampal,960,581.0,1650.0,2.349,0.806,0.086,0.017,7.0,0.5
10810,rh,paracentral,2714,1556.0,3567.0,2.082,0.583,0.102,0.022,21.0,2.6
10810,rh,parsopercularis,1776,1171.0,2848.0,2.245,0.617,0.117,0.031,17.0,2.5
10810,rh,parsorbitalis,1054,706.0,2226.0,2.59,0.532,0.131,0.025,14.0,0.9
10810,rh,parstriangularis,2062,1341.0,3254.0,2.226,0.544,0.108,0.022,17.0,1.8
10810,rh,pericalcarine,1916,1300.0,1696.0,1.475,0.293,0.126,0.024,21.0,2.0
10810,rh,postcentral,6491,3814.0,7302.0,1.788,0.592,0.092,0.017,45.0,4.7
10810,rh,posteriorcingulate,1788,1187.0,2642.0,2.143,0.678,0.12,0.019,22.0,1.5
10810,rh,precentral,8395,4949.0,11232.0,2.177,0.603,0.089,0.016,51.0,5.6
10810,rh,precuneus,5439,3670.0,8156.0,2.147,0.654,0.12,0.023,53.0,5.6
10810,rh,rostralanteriorcingulate,788,543.0,1649.0,2.67,0.646,0.118,0.021,11.0,0.7
10810,rh,rostralmiddlefrontal,8205,5633.0,14190.0,2.3,0.507,0.128,0.026,88.0,9.4
10810,rh,superiorfrontal,12474,7812.0,21033.0,2.451,0.605,0.112,0.025,113.0,13.3
10810,rh,superiorparietal,7529,4594.0,8861.0,1.871,0.539,0.109,0.023,66.0,7.4
10810,rh,superiortemporal,6491,3923.0,9871.0,2.344,0.608,0.082,0.013,44.0,3.6
10810,rh,supramarginal,6463,3988.0,8835.0,2.099,0.532,0.103,0.018,57.0,5.1
10810,rh,frontalpole,475,341.0,1178.0,2.676,0.516,0.17,0.035,9.0,0.7
10810,rh,temporalpole,664,444.0,2283.0,3.729,0.694,0.118,0.022,7.0,0.6
10810,rh,transversetemporal,693,384.0,930.0,2.065,0.382,0.084,0.013,6.0,0.3
10810,rh,insula,3368,2165.0,6427.0,2.906,0.836,0.113,0.029,40.0,4.1
10862,lh,bankssts,1626,1058.0,2144.0,2.175,0.459,0.086,0.013,8.0,0.9
10862,lh,caudalanteriorcingulate,963,663.0,1874.0,2.651,0.569,0.124,0.015,12.0,0.7
10862,lh,caudalmiddlefrontal,3038,1851.0,4360.0,2.286,0.548,0.095,0.019,18.0,2.4
10862,lh,cuneus,2281,1519.0,2676.0,1.613,0.49,0.125,0.022,24.0,2.3
10862,lh,entorhinal,551,347.0,2125.0,3.547,0.747,0.097,0.025,6.0,0.5
10862,lh,fusiform,4724,3142.0,9752.0,2.611,0.739,0.115,0.02,45.0,4.0
10862,lh,inferiorparietal,6382,4131.0,9802.0,2.254,0.552,0.106,0.018,55.0,5.0
10862,lh,inferiortemporal,5445,3809.0,13081.0,2.907,0.629,0.13,0.024,67.0,5.5
10862,lh,isthmuscingulate,1742,1132.0,3004.0,2.352,0.763,0.11,0.018,17.0,1.4
10862,lh,lateraloccipital,7283,4852.0,10239.0,1.98,0.639,0.135,0.028,80.0,9.0
10862,lh,lateralorbitofrontal,4037,2715.0,8198.0,2.794,0.705,0.12,0.023,38.0,4.0
10862,lh,lingual,4692,3379.0,6981.0,1.926,0.632,0.143,0.032,53.0,7.1
10862,lh,medialorbitofrontal,2675,1799.0,4739.0,2.369,0.622,0.1,0.017,24.0,1.9
10862,lh,middletemporal,4532,3091.0,9949.0,2.751,0.745,0.108,0.019,46.0,3.5
10862,lh,parahippocampal,900,545.0,1413.0,2.309,0.702,0.079,0.012,6.0,0.4
10862,lh,paracentral,2187,1281.0,2609.0,2.007,0.627,0.089,0.014,12.0,1.3
10862,lh,parsopercularis,2072,1363.0,3518.0,2.397,0.49,0.101,0.019,16.0,1.7
10862,lh,parsorbitalis,1240,823.0,2356.0,2.424,0.578,0.13,0.026,15.0,1.4
10862,lh,parstriangularis,1923,1217.0,2668.0,2.037,0.614,0.11,0.02,15.0,1.6
10862,lh,pericalcarine,2772,1931.0,2380.0,1.455,0.308,0.134,0.029,30.0,3.9
10862,lh,postcentral,6926,4242.0,8041.0,1.78,0.579,0.103,0.018,51.0,5.6
10862,lh,posteriorcingulate,1501,1005.0,2654.0,2.427,0.667,0.118,0.02,18.0,1.3
10862,lh,precentral,7976,4612.0,11936.0,2.435,0.668,0.095,0.018,67.0,6.1
10862,lh,precuneus,5413,3606.0,8549.0,2.256,0.672,0.11,0.019,49.0,4.3
10862,lh,rostralanteriorcingulate,1358,921.0,2711.0,2.733,0.885,0.133,0.034,18.0,2.3
10862,lh,rostralmiddlefrontal,8518,5689.0,13411.0,2.185,0.561,0.116,0.021,78.0,7.8
10862,lh,superiorfrontal,10183,6690.0,19226.0,2.599,0.601,0.11,0.021,83.0,9.0
10862,lh,superiorparietal,8238,5138.0,10890.0,1.993,0.556,0.104,0.018,63.0,6.3
10862,lh,superiortemporal,5983,3790.0,10125.0,2.425,0.696,0.089,0.013,40.0,3.5
10862,lh,supramarginal,5707,3816.0,9674.0,2.456,0.588,0.122,0.022,59.0,5.5
10862,lh,frontalpole,344,252.0,904.0,2.593,0.414,0.148,0.024,5.0,0.4
10862,lh,temporalpole,639,427.0,2020.0,3.337,0.595,0.1,0.018,6.0,0.5
10862,lh,transversetemporal,678,382.0,928.0,2.18,0.435,0.086,0.013,4.0,0.3
10862,lh,insula,3658,2452.0,7050.0,2.879,0.877,0.112,0.028,35.0,4.5
10862,rh,bankssts,1306,850.0,1729.0,2.211,0.441,0.082,0.01,5.0,0.6
10862,rh,caudalanteriorcingulate,961,602.0,1585.0,2.352,0.763,0.111,0.012,10.0,0.5
10862,rh,caudalmiddlefrontal,3010,1903.0,4729.0,2.33,0.491,0.099,0.016,23.0,2.1
10862,rh,cuneus,2556,1695.0,3560.0,1.834,0.56,0.132,0.029,25.0,3.4
10862,rh,entorhinal,762,480.0,2947.0,3.826,0.632,0.1,0.02,6.0,0.5
10862,rh,fusiform,4376,2890.0,9246.0,2.769,0.661,0.117,0.023,47.0,4.2
10862,rh,inferiorparietal,8498,5568.0,14415.0,2.405,0.513,0.117,0.022,83.0,7.7
10862,rh,inferiortemporal,4952,3394.0,11254.0,2.829,0.745,0.123,0.023,53.0,4.8
10862,rh,isthmuscingulate,1507,985.0,2380.0,2.128,0.83,0.104,0.018,14.0,1.1
10862,rh,lateraloccipital,7346,4794.0,9728.0,1.948,0.507,0.125,0.025,71.0,7.8
10862,rh,lateralorbitofrontal,3755,2498.0,7494.0,2.75,0.731,0.11,0.018,34.0,2.9
10862,rh,lingual,5076,3511.0,8082.0,2.051,0.713,0.141,0.031,59.0,7.1
10862,rh,medialorbitofrontal,2775,1900.0,4883.0,2.32,0.607,0.118,0.024,34.0,2.7
10862,rh,middletemporal,5126,3361.0,11233.0,2.789,0.679,0.103,0.017,45.0,3.8
10862,rh,parahippocampal,951,566.0,1828.0,2.531,0.925,0.077,0.013,6.0,0.3
10862,rh,paracentral,2968,1603.0,3861.0,2.264,0.593,0.087,0.017,19.0,2.1
10862,rh,parsopercularis,1969,1268.0,3182.0,2.361,0.454,0.09,0.013,14.0,1.1
10862,rh,parsorbitalis,1137,739.0,2470.0,2.672,0.752,0.123,0.022,13.0,1.0
10862,rh,parstriangularis,2381,1548.0,3516.0,2.158,0.479,0.115,0.023,20.0,2.3
10862,rh,pericalcarine,2786,1883.0,2547.0,1.55,0.378,0.128,0.028,29.0,3.2
10862,rh,postcentral,6475,3907.0,7231.0,1.758,0.554,0.09,0.015,42.0,4.1
10862,rh,posteriorcingulate,1823,1254.0,3167.0,2.323,0.809,0.126,0.023,21.0,1.9
10862,rh,precentral,8071,4794.0,11652.0,2.367,0.567,0.088,0.015,54.0,5.3
10862,rh,precuneus,5738,3737.0,9012.0,2.274,0.601,0.107,0.019,46.0,4.3
10862,rh,rostralanteriorcingulate,827,607.0,1866.0,2.644,0.713,0.116,0.023,10.0,0.9
10862,rh,rostralmiddlefrontal,7381,5108.0,11863.0,2.172,0.472,0.119,0.021,79.0,6.7
10862,rh,superiorfrontal,11208,7317.0,21228.0,2.563,0.598,0.107,0.019,95.0,8.8
10862,rh,superiorparietal,9269,5831.0,11850.0,1.926,0.465,0.103,0.017,71.0,6.8
10862,rh,superiortemporal,5238,3208.0,7865.0,2.297,0.677,0.079,0.01,29.0,2.5
10862,rh,supramarginal,4680,3008.0,7039.0,2.244,0.51,0.108,0.018,39.0,3.7
10862,rh,frontalpole,402,298.0,1005.0,2.511,0.645,0.175,0.034,8.0,0.6
10862,rh,temporalpole,699,446.0,2177.0,3.532,0.589,0.102,0.024,6.0,0.7
10862,rh,transversetemporal,457,266.0,514.0,1.848,0.461,0.101,0.015,4.0,0.3
10862,rh,insula,3274,2194.0,6122.0,2.839,0.868,0.117,0.028,35.0,3.8
10866,lh,bankssts,1454,959.0,1917.0,2.181,0.383,0.083,0.015,7.0,0.9
10866,lh,caudalanteriorcingulate,800,482.0,891.0,1.934,0.473,0.083,0.009,6.0,0.3
10866,lh,caudalmiddlefrontal,2816,1779.0,4641.0,2.458,0.465,0.095,0.016,18.0,1.8
10866,lh,cuneus,1836,1246.0,2134.0,1.716,0.395,0.146,0.029,26.0,2.4
10866,lh,entorhinal,853,559.0,2392.0,3.274,0.86,0.104,0.019,33.0,0.6
10866,lh,fusiform,4487,3127.0,9362.0,2.642,0.721,0.128,0.024,52.0,4.5
10866,lh,inferiorparietal,7808,5173.0,13268.0,2.387,0.545,0.116,0.025,78.0,7.9
10866,lh,inferiortemporal,5374,3759.0,12116.0,2.706,0.752,0.118,0.021,59.0,5.0
10866,lh,isthmuscingulate,1191,770.0,1706.0,2.284,0.621,0.102,0.019,15.0,1.0
10866,lh,lateraloccipital,8461,5656.0,13588.0,2.075,0.685,0.129,0.025,91.0,9.1
10866,lh,lateralorbitofrontal,4055,2730.0,7795.0,2.671,0.672,0.124,0.025,43.0,4.3
10866,lh,lingual,4242,2856.0,5050.0,1.682,0.509,0.12,0.022,54.0,4.1
10866,lh,medialorbitofrontal,2668,1920.0,4532.0,2.111,0.746,0.125,0.023,35.0,2.4
10866,lh,middletemporal,5091,3506.0,10869.0,2.637,0.735,0.111,0.02,50.0,4.1
10866,lh,parahippocampal,1011,635.0,1873.0,2.535,0.904,0.072,0.013,5.0,0.5
10866,lh,paracentral,2351,1406.0,3419.0,2.276,0.519,0.095,0.017,15.0,1.7
10866,lh,parsopercularis,2614,1652.0,4795.0,2.515,0.608,0.105,0.024,21.0,2.7
10866,lh,parsorbitalis,1137,733.0,2174.0,2.425,0.592,0.125,0.023,13.0,1.2
10866,lh,parstriangularis,2215,1456.0,3501.0,2.17,0.549,0.107,0.019,19.0,1.7
10866,lh,pericalcarine,1679,1167.0,1543.0,1.491,0.352,0.127,0.027,16.0,2.3
10866,lh,postcentral,6843,4327.0,8998.0,1.914,0.605,0.107,0.02,53.0,5.9
10866,lh,posteriorcingulate,1021,653.0,1470.0,2.255,0.515,0.099,0.016,10.0,0.7
10866,lh,precentral,6612,3859.0,9823.0,2.374,0.597,0.092,0.018,38.0,5.0
10866,lh,precuneus,6233,4592.0,10864.0,2.338,0.668,0.145,0.032,81.0,9.5
10866,lh,rostralanteriorcingulate,1707,1145.0,3225.0,2.564,0.629,0.115,0.02,19.0,1.5
10866,lh,rostralmiddlefrontal,9773,6552.0,15716.0,2.211,0.535,0.12,0.023,98.0,9.8
10866,lh,superiorfrontal,10413,6971.0,19186.0,2.514,0.619,0.119,0.024,96.0,10.6
10866,lh,superiorparietal,8064,5235.0,12549.0,2.205,0.611,0.11,0.019,65.0,6.5
10866,lh,superiortemporal,5926,3749.0,10814.0,2.482,0.807,0.087,0.015,39.0,3.9
10866,lh,supramarginal,5949,4071.0,10672.0,2.381,0.549,0.118,0.023,61.0,5.9
10866,lh,frontalpole,401,272.0,1078.0,2.841,0.547,0.117,0.024,5.0,0.4
10866,lh,temporalpole,685,533.0,3068.0,3.958,0.701,0.14,0.04,11.0,1.1
10866,lh,transversetemporal,687,408.0,897.0,2.09,0.428,0.11,0.016,7.0,0.4
10866,lh,insula,3578,2408.0,7062.0,2.724,0.966,0.104,0.025,27.0,3.8
10866,rh,bankssts,1463,943.0,2079.0,2.397,0.572,0.077,0.012,4.0,0.8
10866,rh,caudalanteriorcingulate,968,623.0,1552.0,2.188,0.646,0.105,0.013,11.0,0.5
10866,rh,caudalmiddlefrontal,2749,1710.0,3943.0,2.164,0.556,0.099,0.016,17.0,1.9
10866,rh,cuneus,2140,1445.0,2655.0,1.691,0.408,0.138,0.029,25.0,2.7
10866,rh,entorhinal,775,518.0,2323.0,3.08,0.807,0.108,0.02,8.0,0.7
10866,rh,fusiform,4770,3301.0,10652.0,2.651,0.763,0.122,0.022,59.0,4.4
10866,rh,inferiorparietal,9836,6664.0,17929.0,2.487,0.562,0.123,0.026,106.0,11.1
10866,rh,inferiortemporal,4876,3432.0,11729.0,2.842,0.744,0.122,0.024,56.0,4.9
10866,rh,isthmuscingulate,1058,660.0,1452.0,2.108,0.67,0.103,0.022,13.0,1.0
10866,rh,lateraloccipital,7150,4722.0,10103.0,1.953,0.535,0.125,0.023,82.0,6.8
10866,rh,lateralorbitofrontal,4003,2767.0,7813.0,2.62,0.672,0.125,0.024,45.0,4.1
10866,rh,lingual,4542,2932.0,5132.0,1.695,0.468,0.113,0.023,46.0,4.5
10866,rh,medialorbitofrontal,2917,2039.0,5461.0,2.404,0.682,0.123,0.025,37.0,3.0
10866,rh,middletemporal,5481,3570.0,11485.0,2.679,0.771,0.105,0.018,51.0,4.1
10866,rh,parahippocampal,964,613.0,1806.0,2.508,1.137,0.09,0.016,9.0,0.7
10866,rh,paracentral,2564,1589.0,3520.0,2.193,0.497,0.111,0.022,20.0,2.6
10866,rh,parsopercularis,2278,1495.0,4133.0,2.542,0.575,0.113,0.022,20.0,2.1
10866,rh,parsorbitalis,1372,926.0,2859.0,2.44,0.716,0.123,0.023,14.0,1.3
10866,rh,parstriangularis,2189,1421.0,3639.0,2.24,0.65,0.108,0.02,19.0,1.9
10866,rh,pericalcarine,1832,1222.0,1718.0,1.581,0.354,0.125,0.026,18.0,1.9
10866,rh,postcentral,6740,4196.0,9255.0,2.035,0.65,0.105,0.02,50.0,5.6
10866,rh,posteriorcingulate,954,632.0,1327.0,2.232,0.568,0.093,0.02,9.0,0.7
10866,rh,precentral,7601,4584.0,10838.0,2.284,0.64,0.096,0.018,44.0,6.5
10866,rh,precuneus,6513,4454.0,10730.0,2.332,0.616,0.128,0.026,71.0,7.3
10866,rh,rostralanteriorcingulate,699,520.0,1694.0,2.656,0.653,0.12,0.023,9.0,0.7
10866,rh,rostralmiddlefrontal,8376,5794.0,14368.0,2.214,0.568,0.127,0.026,90.0,9.1
10866,rh,superiorfrontal,10706,7123.0,19237.0,2.467,0.582,0.118,0.024,102.0,10.8
10866,rh,superiorparietal,8469,5690.0,14449.0,2.231,0.65,0.121,0.023,79.0,8.0
10866,rh,superiortemporal,5815,3597.0,10333.0,2.537,0.839,0.086,0.016,36.0,4.0
10866,rh,supramarginal,6189,4068.0,10988.0,2.436,0.6,0.109,0.021,56.0,5.6
10866,rh,frontalpole,549,403.0,1165.0,2.324,0.567,0.168,0.035,10.0,0.9
10866,rh,temporalpole,729,533.0,3329.0,3.979,0.57,0.134,0.036,10.0,1.1
10866,rh,transversetemporal,491,296.0,729.0,2.286,0.358,0.116,0.02,5.0,0.4
10866,rh,insula,4051,2678.0,6833.0,2.441,0.795,0.107,0.025,44.0,4.2
10886,lh,bankssts,1208,793.0,1671.0,2.269,0.397,0.088,0.015,5.0,0.8
10886,lh,caudalanteriorcingulate,996,693.0,1748.0,2.303,0.607,0.115,0.016,12.0,0.8
10886,lh,caudalmiddlefrontal,3103,2010.0,5250.0,2.455,0.413,0.098,0.017,25.0,2.2
10886,lh,cuneus,2905,1897.0,3241.0,1.63,0.465,0.132,0.026,36.0,3.5
10886,lh,entorhinal,686,467.0,2318.0,3.44,0.925,0.104,0.026,6.0,0.7
10886,lh,fusiform,3884,2718.0,8871.0,2.773,0.564,0.117,0.023,38.0,3.7
10886,lh,inferiorparietal,5526,3687.0,9325.0,2.373,0.415,0.107,0.018,50.0,4.3
10886,lh,inferiortemporal,3790,2658.0,8058.0,2.682,0.551,0.121,0.022,40.0,3.5
10886,lh,isthmuscingulate,1546,991.0,2626.0,2.383,0.746,0.116,0.021,18.0,1.3
10886,lh,lateraloccipital,8959,5827.0,12488.0,1.969,0.617,0.123,0.024,96.0,9.4
10886,lh,lateralorbitofrontal,4052,2704.0,7420.0,2.556,0.64,0.12,0.023,40.0,4.2
10886,lh,lingual,5883,4009.0,8557.0,1.897,0.636,0.128,0.024,70.0,6.0
10886,lh,medialorbitofrontal,2864,2050.0,5324.0,2.449,0.622,0.133,0.025,46.0,3.1
10886,lh,middletemporal,4187,2891.0,9146.0,2.629,0.643,0.12,0.019,50.0,3.6
10886,lh,parahippocampal,1046,639.0,2146.0,2.772,0.77,0.085,0.015,6.0,0.6
10886,lh,paracentral,2257,1277.0,3235.0,2.393,0.567,0.071,0.012,9.0,1.1
10886,lh,parsopercularis,2322,1543.0,4154.0,2.443,0.389,0.104,0.019,20.0,1.9
10886,lh,parsorbitalis,1071,714.0,2230.0,2.506,0.672,0.127,0.029,14.0,1.3
10886,lh,parstriangularis,1962,1290.0,3033.0,2.26,0.412,0.112,0.019,17.0,1.5
10886,lh,pericalcarine,2472,1665.0,2318.0,1.552,0.409,0.13,0.029,27.0,3.2
10886,lh,postcentral,5971,3633.0,7450.0,1.865,0.536,0.094,0.016,42.0,4.1
10886,lh,posteriorcingulate,2009,1360.0,3513.0,2.432,0.596,0.121,0.02,25.0,1.8
10886,lh,precentral,7065,4314.0,11290.0,2.472,0.54,0.094,0.018,49.0,5.0
10886,lh,precuneus,5456,3593.0,8778.0,2.318,0.547,0.107,0.017,48.0,3.9
10886,lh,rostralanteriorcingulate,1095,749.0,2308.0,2.766,0.888,0.121,0.022,16.0,1.1
10886,lh,rostralmiddlefrontal,7539,5064.0,13037.0,2.309,0.534,0.112,0.02,70.0,6.7
10886,lh,superiorfrontal,10385,6798.0,19368.0,2.529,0.513,0.104,0.019,83.0,8.3
10886,lh,superiorparietal,8457,5260.0,11370.0,2.032,0.491,0.101,0.016,66.0,5.9
10886,lh,superiortemporal,6091,3949.0,11983.0,2.707,0.652,0.096,0.015,45.0,3.7
10886,lh,supramarginal,6820,4642.0,12305.0,2.437,0.478,0.116,0.025,75.0,7.5
10886,lh,frontalpole,374,266.0,1001.0,2.697,0.426,0.153,0.027,6.0,0.5
10886,lh,temporalpole,800,594.0,2797.0,3.435,0.638,0.135,0.031,9.0,1.1
10886,lh,transversetemporal,856,459.0,1199.0,2.356,0.427,0.089,0.015,5.0,0.5
10886,lh,insula,3394,2210.0,6488.0,2.94,0.776,0.102,0.024,24.0,3.1
10886,rh,bankssts,1220,800.0,1770.0,2.384,0.397,0.083,0.013,6.0,0.7
10886,rh,caudalanteriorcingulate,896,557.0,1426.0,2.349,0.634,0.136,0.017,16.0,0.6
10886,rh,caudalmiddlefrontal,3197,2090.0,5684.0,2.439,0.459,0.104,0.016,26.0,2.2
10886,rh,cuneus,3065,1943.0,3729.0,1.78,0.507,0.124,0.023,35.0,3.3
10886,rh,entorhinal,742,493.0,2532.0,3.393,0.863,0.086,0.021,4.0,0.5
10886,rh,fusiform,4279,2939.0,8492.0,2.606,0.632,0.117,0.021,40.0,3.8
10886,rh,inferiorparietal,8015,5335.0,13752.0,2.406,0.512,0.113,0.021,81.0,7.2
10886,rh,inferiortemporal,4149,2767.0,8783.0,2.789,0.602,0.113,0.024,40.0,4.0
10886,rh,isthmuscingulate,1647,1067.0,2567.0,2.166,0.699,0.116,0.02,18.0,1.3
10886,rh,lateraloccipital,7837,5275.0,10936.0,1.941,0.535,0.132,0.028,89.0,9.6
10886,rh,lateralorbitofrontal,3688,2618.0,7079.0,2.631,0.631,0.125,0.026,37.0,4.3
10886,rh,lingual,6576,4412.0,9134.0,1.88,0.643,0.131,0.025,77.0,7.4
10886,rh,medialorbitofrontal,2603,1881.0,5154.0,2.544,0.65,0.124,0.028,35.0,3.0
10886,rh,middletemporal,4679,3071.0,10051.0,2.775,0.614,0.103,0.017,40.0,3.3
10886,rh,parahippocampal,1010,644.0,2105.0,2.723,0.953,0.091,0.017,7.0,0.7
10886,rh,paracentral,2658,1484.0,3581.0,2.353,0.55,0.073,0.013,13.0,1.3
10886,rh,parsopercularis,2076,1358.0,3676.0,2.508,0.449,0.091,0.015,17.0,1.4
10886,rh,parsorbitalis,1376,911.0,2716.0,2.5,0.629,0.131,0.027,16.0,1.6
10886,rh,parstriangularis,2187,1406.0,4007.0,2.516,0.592,0.099,0.018,15.0,1.6
10886,rh,pericalcarine,3068,2061.0,3267.0,1.719,0.577,0.126,0.027,31.0,3.6
10886,rh,postcentral,6061,3686.0,7358.0,1.882,0.607,0.099,0.018,47.0,4.8
10886,rh,posteriorcingulate,1807,1189.0,2886.0,2.288,0.66,0.106,0.014,17.0,1.1
10886,rh,precentral,7083,4227.0,11144.0,2.498,0.556,0.085,0.014,39.0,4.4
10886,rh,precuneus,6411,4190.0,10133.0,2.292,0.541,0.104,0.017,56.0,4.6
10886,rh,rostralanteriorcingulate,925,643.0,2199.0,2.723,0.665,0.126,0.023,14.0,1.0
10886,rh,rostralmiddlefrontal,8371,5802.0,14367.0,2.234,0.503,0.115,0.021,83.0,7.8
10886,rh,superiorfrontal,8741,5706.0,16639.0,2.577,0.528,0.102,0.018,65.0,6.7
10886,rh,superiorparietal,8685,5475.0,11641.0,2.057,0.472,0.1,0.017,68.0,6.4
10886,rh,superiortemporal,5659,3549.0,10615.0,2.657,0.65,0.085,0.014,35.0,3.5
10886,rh,supramarginal,5167,3435.0,8451.0,2.32,0.568,0.108,0.021,47.0,4.9
10886,rh,frontalpole,449,333.0,1177.0,2.668,0.514,0.158,0.031,8.0,0.6
10886,rh,temporalpole,775,623.0,2818.0,3.564,0.698,0.152,0.042,9.0,1.7
10886,rh,transversetemporal,533,301.0,759.0,2.322,0.256,0.103,0.014,5.0,0.3
10886,rh,insula,3191,2071.0,6669.0,3.162,0.793,0.1,0.021,24.0,2.7
10898,lh,bankssts,1387,888.0,1826.0,2.148,0.424,0.065,0.007,4.0,0.5
10898,lh,caudalanteriorcingulate,751,474.0,976.0,2.036,0.434,0.116,0.012,10.0,0.4
10898,lh,caudalmiddlefrontal,3182,2062.0,5879.0,2.61,0.504,0.101,0.017,23.0,2.4
10898,lh,cuneus,2266,1448.0,2667.0,1.746,0.411,0.115,0.02,23.0,2.1
10898,lh,entorhinal,637,399.0,1782.0,3.258,0.756,0.084,0.011,3.0,0.3
10898,lh,fusiform,4804,3206.0,10727.0,2.74,0.675,0.11,0.02,49.0,3.7
10898,lh,inferiorparietal,6259,4147.0,10337.0,2.315,0.55,0.11,0.02,58.0,5.2
10898,lh,inferiortemporal,4365,2992.0,9395.0,2.732,0.662,0.114,0.02,46.0,4.0
10898,lh,isthmuscingulate,1516,1003.0,2363.0,2.081,0.763,0.113,0.022,17.0,1.4
10898,lh,lateraloccipital,6847,4554.0,10111.0,2.077,0.56,0.12,0.022,76.0,6.5
10898,lh,lateralorbitofrontal,3180,2171.0,6230.0,2.669,0.587,0.121,0.021,40.0,2.8
10898,lh,lingual,4233,2862.0,5726.0,1.837,0.682,0.129,0.025,50.0,4.7
10898,lh,medialorbitofrontal,2190,1501.0,3733.0,2.339,0.657,0.107,0.021,27.0,1.9
10898,lh,middletemporal,4451,2894.0,10051.0,2.724,0.746,0.105,0.017,42.0,3.2
10898,lh,parahippocampal,1018,603.0,1939.0,2.704,0.79,0.073,0.01,4.0,0.4
10898,lh,paracentral,1671,993.0,2734.0,2.475,0.545,0.098,0.016,12.0,1.1
10898,lh,parsopercularis,2044,1357.0,3792.0,2.416,0.561,0.113,0.018,21.0,1.6
10898,lh,parsorbitalis,813,533.0,2091.0,2.848,0.741,0.111,0.022,9.0,0.7
10898,lh,parstriangularis,1617,1069.0,2652.0,2.194,0.531,0.103,0.017,15.0,1.2
10898,lh,pericalcarine,1966,1268.0,1765.0,1.52,0.403,0.113,0.02,19.0,1.7
10898,lh,postcentral,5870,3611.0,9663.0,2.31,0.704,0.095,0.016,44.0,4.0
10898,lh,posteriorcingulate,1607,1112.0,2628.0,2.175,0.629,0.128,0.022,23.0,1.6
10898,lh,precentral,7892,4776.0,12991.0,2.502,0.65,0.093,0.016,53.0,5.4
10898,lh,precuneus,4549,2997.0,7972.0,2.415,0.575,0.106,0.018,40.0,3.4
10898,lh,rostralanteriorcingulate,1029,668.0,2045.0,2.613,0.633,0.117,0.019,13.0,0.9
10898,lh,rostralmiddlefrontal,6904,4796.0,12102.0,2.251,0.536,0.129,0.027,80.0,7.8
10898,lh,superiorfrontal,9835,6448.0,19671.0,2.63,0.642,0.11,0.019,88.0,8.1
10898,lh,superiorparietal,6221,4103.0,10373.0,2.295,0.571,0.118,0.022,61.0,5.9
10898,lh,superiortemporal,5423,3484.0,11692.0,2.779,0.802,0.092,0.015,35.0,3.6
10898,lh,supramarginal,4222,2862.0,7814.0,2.403,0.598,0.117,0.021,44.0,3.8
10898,lh,frontalpole,337,239.0,764.0,2.489,0.497,0.168,0.037,7.0,0.6
10898,lh,temporalpole,529,371.0,2529.0,3.978,0.877,0.133,0.041,7.0,0.8
10898,lh,transversetemporal,640,373.0,838.0,2.16,0.366,0.118,0.018,7.0,0.4
10898,lh,insula,2933,1980.0,6009.0,2.97,0.784,0.108,0.027,27.0,3.1
10898,rh,bankssts,1442,949.0,2169.0,2.484,0.461,0.095,0.014,7.0,0.9
10898,rh,caudalanteriorcingulate,837,545.0,1402.0,2.264,0.558,0.112,0.013,10.0,0.5
10898,rh,caudalmiddlefrontal,3191,2094.0,5501.0,2.384,0.544,0.109,0.02,26.0,2.8
10898,rh,cuneus,2321,1454.0,2386.0,1.6,0.469,0.121,0.022,26.0,2.3
10898,rh,entorhinal,521,328.0,1505.0,2.925,0.794,0.091,0.012,3.0,0.3
10898,rh,fusiform,3189,2148.0,6781.0,2.836,0.652,0.117,0.024,31.0,3.3
10898,rh,inferiorparietal,7805,5226.0,13408.0,2.325,0.537,0.113,0.02,79.0,6.7
10898,rh,inferiortemporal,3932,2706.0,9717.0,2.956,0.697,0.12,0.025,50.0,3.9
10898,rh,isthmuscingulate,1291,825.0,2235.0,2.377,0.829,0.109,0.021,13.0,1.1
10898,rh,lateraloccipital,6734,4496.0,10686.0,2.14,0.583,0.13,0.025,78.0,7.1
10898,rh,lateralorbitofrontal,3042,2088.0,5796.0,2.638,0.613,0.119,0.023,36.0,3.0
10898,rh,lingual,4632,3061.0,6445.0,1.908,0.603,0.129,0.024,56.0,5.0
10898,rh,medialorbitofrontal,2308,1625.0,4221.0,2.394,0.695,0.123,0.024,31.0,2.2
10898,rh,middletemporal,4982,3294.0,11088.0,2.784,0.668,0.104,0.019,42.0,4.0
10898,rh,parahippocampal,921,539.0,1796.0,2.727,0.943,0.076,0.011,5.0,0.4
10898,rh,paracentral,2480,1366.0,3621.0,2.399,0.579,0.088,0.017,17.0,1.7
10898,rh,parsopercularis,1742,1155.0,3123.0,2.438,0.549,0.116,0.02,21.0,1.5
10898,rh,parsorbitalis,957,645.0,2264.0,2.782,0.659,0.125,0.026,11.0,1.0
10898,rh,parstriangularis,1823,1242.0,3266.0,2.292,0.529,0.101,0.017,17.0,1.3
10898,rh,pericalcarine,1859,1209.0,1557.0,1.432,0.324,0.134,0.028,22.0,2.2
10898,rh,postcentral,5473,3361.0,9008.0,2.32,0.635,0.092,0.015,38.0,3.5
10898,rh,posteriorcingulate,1538,1058.0,2697.0,2.213,0.739,0.12,0.019,20.0,1.3
10898,rh,precentral,7270,4338.0,11924.0,2.53,0.619,0.09,0.015,44.0,4.8
10898,rh,precuneus,5172,3379.0,8661.0,2.343,0.583,0.106,0.018,44.0,4.0
10898,rh,rostralanteriorcingulate,754,555.0,1853.0,2.783,0.58,0.137,0.031,14.0,0.9
10898,rh,rostralmiddlefrontal,7048,4880.0,11681.0,2.158,0.568,0.129,0.026,84.0,7.8
10898,rh,superiorfrontal,9501,6270.0,18926.0,2.623,0.613,0.112,0.022,83.0,8.6
10898,rh,superiorparietal,6596,4200.0,9839.0,2.194,0.563,0.11,0.02,59.0,5.4
10898,rh,superiortemporal,5011,3171.0,10773.0,2.853,0.737,0.099,0.016,41.0,3.4
10898,rh,supramarginal,4101,2746.0,7112.0,2.454,0.6,0.116,0.019,44.0,3.5
10898,rh,frontalpole,450,323.0,1099.0,2.55,0.599,0.153,0.03,9.0,0.6
10898,rh,temporalpole,602,378.0,2329.0,3.882,0.608,0.111,0.023,6.0,0.6
10898,rh,transversetemporal,504,287.0,659.0,2.19,0.344,0.121,0.018,11.0,0.3
10898,rh,insula,3044,2047.0,5857.0,2.873,0.736,0.115,0.029,30.0,3.6
10950,lh,bankssts,1465,968.0,2143.0,2.295,0.428,0.084,0.013,8.0,0.7
10950,lh,caudalanteriorcingulate,997,666.0,1875.0,2.603,0.505,0.13,0.017,13.0,0.7
10950,lh,caudalmiddlefrontal,2636,1725.0,4723.0,2.6,0.468,0.107,0.019,21.0,2.2
10950,lh,cuneus,2059,1367.0,2260.0,1.633,0.427,0.13,0.023,24.0,1.9
10950,lh,entorhinal,581,357.0,2150.0,3.768,0.839,0.073,0.022,2.0,0.4
10950,lh,fusiform,4754,3276.0,9821.0,2.786,0.61,0.121,0.025,55.0,5.1
10950,lh,inferiorparietal,5580,3758.0,10040.0,2.438,0.565,0.106,0.019,48.0,4.4
10950,lh,inferiortemporal,4861,3358.0,10872.0,2.777,0.687,0.109,0.018,50.0,3.6
10950,lh,isthmuscingulate,1361,860.0,2303.0,2.22,0.891,0.105,0.02,15.0,1.0
10950,lh,lateraloccipital,7865,5150.0,12143.0,2.209,0.572,0.13,0.025,87.0,8.7
10950,lh,lateralorbitofrontal,3654,2561.0,7696.0,2.81,0.657,0.125,0.026,42.0,4.2
10950,lh,lingual,3939,2697.0,5393.0,1.915,0.506,0.124,0.026,39.0,4.4
10950,lh,medialorbitofrontal,2398,1781.0,5263.0,2.6,0.78,0.131,0.03,32.0,3.0
10950,lh,middletemporal,4784,3328.0,12238.0,2.881,0.679,0.118,0.023,56.0,4.6
10950,lh,parahippocampal,1226,750.0,2399.0,2.701,0.65,0.073,0.012,6.0,0.5
10950,lh,paracentral,1993,1241.0,3123.0,2.345,0.512,0.091,0.016,11.0,1.3
10950,lh,parsopercularis,2259,1535.0,4964.0,2.733,0.579,0.094,0.016,17.0,1.5
10950,lh,parsorbitalis,1113,788.0,2656.0,2.658,0.677,0.126,0.021,14.0,1.0
10950,lh,parstriangularis,2076,1468.0,4353.0,2.494,0.542,0.11,0.021,24.0,1.9
10950,lh,pericalcarine,1350,909.0,1052.0,1.363,0.383,0.117,0.023,13.0,1.4
10950,lh,postcentral,5504,3510.0,8745.0,2.208,0.67,0.098,0.016,43.0,3.7
10950,lh,posteriorcingulate,1489,1002.0,2697.0,2.522,0.665,0.124,0.021,17.0,1.4
10950,lh,precentral,6488,4035.0,11386.0,2.624,0.53,0.094,0.015,45.0,4.1
10950,lh,precuneus,5811,3905.0,10104.0,2.429,0.576,0.113,0.02,55.0,5.0
10950,lh,rostralanteriorcingulate,873,583.0,1775.0,2.674,0.683,0.114,0.02,9.0,0.8
10950,lh,rostralmiddlefrontal,9991,7110.0,20145.0,2.543,0.592,0.124,0.024,114.0,10.9
10950,lh,superiorfrontal,10825,7499.0,25256.0,2.883,0.576,0.118,0.023,107.0,10.3
10950,lh,superiorparietal,7034,4687.0,12160.0,2.302,0.536,0.115,0.02,77.0,5.8
10950,lh,superiortemporal,6079,3977.0,13909.0,3.021,0.706,0.097,0.015,48.0,4.0
10950,lh,supramarginal,5137,3574.0,10170.0,2.547,0.573,0.114,0.021,54.0,4.6
10950,lh,frontalpole,377,302.0,1194.0,2.93,0.556,0.181,0.053,9.0,0.8
10950,lh,temporalpole,567,435.0,2403.0,3.679,0.753,0.128,0.031,7.0,0.7
10950,lh,transversetemporal,745,452.0,1075.0,2.301,0.495,0.107,0.016,7.0,0.5
10950,lh,insula,3440,2304.0,6932.0,3.018,0.719,0.111,0.025,33.0,3.2
10950,rh,bankssts,1438,962.0,2191.0,2.31,0.416,0.098,0.016,10.0,1.0
10950,rh,caudalanteriorcingulate,1180,779.0,2206.0,2.401,0.765,0.115,0.016,14.0,0.8
10950,rh,caudalmiddlefrontal,2936,1971.0,5598.0,2.528,0.565,0.106,0.018,27.0,2.1
10950,rh,cuneus,2129,1380.0,2641.0,1.791,0.471,0.128,0.023,22.0,2.3
10950,rh,entorhinal,908,577.0,2559.0,3.263,0.954,0.092,0.027,10.0,0.7
10950,rh,fusiform,5396,3605.0,11147.0,2.817,0.645,0.115,0.023,51.0,5.0
10950,rh,inferiorparietal,7713,5219.0,14207.0,2.455,0.512,0.114,0.021,79.0,7.0
10950,rh,inferiortemporal,4590,3113.0,10370.0,2.786,0.687,0.109,0.019,48.0,3.7
10950,rh,isthmuscingulate,1315,844.0,2055.0,2.15,0.747,0.116,0.024,17.0,1.3
10950,rh,lateraloccipital,7811,5107.0,12136.0,2.227,0.516,0.125,0.027,82.0,9.2
10950,rh,lateralorbitofrontal,3816,2651.0,7348.0,2.673,0.67,0.133,0.032,46.0,5.5
10950,rh,lingual,3610,2345.0,4841.0,1.909,0.58,0.117,0.023,34.0,3.8
10950,rh,medialorbitofrontal,2889,2094.0,6406.0,2.711,0.797,0.131,0.035,58.0,4.3
10950,rh,middletemporal,4877,3275.0,11277.0,2.791,0.719,0.11,0.02,49.0,4.0
10950,rh,parahippocampal,1020,622.0,1935.0,2.606,0.725,0.074,0.011,4.0,0.4
10950,rh,paracentral,2132,1288.0,3683.0,2.665,0.508,0.102,0.017,15.0,1.7
10950,rh,parsopercularis,2384,1613.0,4559.0,2.527,0.529,0.104,0.018,27.0,1.7
10950,rh,parsorbitalis,1199,848.0,2603.0,2.467,0.621,0.131,0.033,18.0,1.7
10950,rh,parstriangularis,2582,1748.0,5606.0,2.639,0.54,0.109,0.019,26.0,2.0
10950,rh,pericalcarine,1637,1065.0,1354.0,1.398,0.341,0.113,0.022,15.0,1.4
10950,rh,postcentral,5453,3419.0,8517.0,2.17,0.615,0.086,0.013,40.0,2.9
10950,rh,posteriorcingulate,1538,1028.0,2836.0,2.462,0.726,0.123,0.023,18.0,1.5
10950,rh,precentral,7314,4541.0,13170.0,2.678,0.593,0.092,0.015,50.0,4.8
10950,rh,precuneus,5528,3687.0,9711.0,2.441,0.55,0.11,0.019,49.0,4.4
10950,rh,rostralanteriorcingulate,782,542.0,1727.0,2.696,0.868,0.108,0.019,9.0,0.6
10950,rh,rostralmiddlefrontal,9268,6639.0,18841.0,2.481,0.586,0.129,0.027,110.0,10.8
10950,rh,superiorfrontal,9887,6639.0,22319.0,2.914,0.589,0.113,0.021,89.0,8.6
10950,rh,superiorparietal,7866,5206.0,13278.0,2.312,0.517,0.109,0.019,74.0,6.4
10950,rh,superiortemporal,5984,3860.0,12637.0,2.843,0.728,0.093,0.015,44.0,3.8
10950,rh,supramarginal,4539,3035.0,8910.0,2.613,0.601,0.11,0.019,44.0,3.6
10950,rh,frontalpole,470,391.0,1529.0,2.73,0.813,0.182,0.048,9.0,1.0
10950,rh,temporalpole,604,442.0,2155.0,3.364,0.659,0.138,0.036,7.0,0.9
10950,rh,transversetemporal,611,371.0,992.0,2.409,0.394,0.109,0.017,7.0,0.4
10950,rh,insula,3540,2320.0,7152.0,3.016,0.654,0.105,0.02,30.0,2.7
10961,lh,bankssts,1769,1169.0,2700.0,2.355,0.428,0.107,0.017,14.0,1.4
10961,lh,caudalanteriorcingulate,938,634.0,1826.0,2.51,0.59,0.111,0.014,10.0,0.6
10961,lh,caudalmiddlefrontal,3848,2526.0,7023.0,2.59,0.41,0.104,0.017,32.0,2.9
10961,lh,cuneus,2663,1800.0,3150.0,1.785,0.488,0.142,0.029,36.0,3.4
10961,lh,entorhinal,761,460.0,2112.0,3.324,0.705,0.075,0.016,4.0,0.4
10961,lh,fusiform,4471,2982.0,8867.0,2.758,0.523,0.107,0.021,43.0,4.1
10961,lh,inferiorparietal,6697,4582.0,11978.0,2.35,0.437,0.116,0.021,73.0,5.6
10961,lh,inferiortemporal,5279,3759.0,11206.0,2.694,0.642,0.121,0.023,68.0,5.3
10961,lh,isthmuscingulate,1787,1159.0,2919.0,2.193,0.886,0.11,0.019,21.0,1.4
10961,lh,lateraloccipital,8992,5770.0,11540.0,1.911,0.472,0.123,0.025,100.0,9.4
10961,lh,lateralorbitofrontal,4628,3155.0,9296.0,2.744,0.582,0.119,0.023,58.0,4.3
10961,lh,lingual,4725,3259.0,6677.0,1.959,0.649,0.129,0.03,56.0,5.9
10961,lh,medialorbitofrontal,2808,1894.0,4942.0,2.379,0.558,0.108,0.022,36.0,2.3
10961,lh,middletemporal,5025,3483.0,11442.0,2.695,0.577,0.114,0.02,54.0,4.0
10961,lh,parahippocampal,1125,685.0,2256.0,2.755,0.647,0.078,0.016,17.0,0.9
10961,lh,paracentral,2210,1373.0,3777.0,2.545,0.557,0.093,0.017,14.0,1.6
10961,lh,parsopercularis,2392,1617.0,4962.0,2.697,0.498,0.112,0.021,24.0,1.9
10961,lh,parsorbitalis,1300,920.0,2819.0,2.467,0.628,0.121,0.019,19.0,1.0
10961,lh,parstriangularis,2262,1536.0,4172.0,2.339,0.492,0.102,0.017,19.0,1.6
10961,lh,pericalcarine,2062,1367.0,1576.0,1.352,0.381,0.13,0.03,25.0,2.6
10961,lh,postcentral,6102,3898.0,8675.0,1.99,0.581,0.101,0.018,53.0,4.4
10961,lh,posteriorcingulate,1783,1144.0,3156.0,2.443,0.673,0.11,0.016,19.0,1.3
10961,lh,precentral,7427,4611.0,12874.0,2.588,0.52,0.096,0.016,52.0,5.1
10961,lh,precuneus,6365,4157.0,10680.0,2.335,0.522,0.102,0.016,59.0,4.2
10961,lh,rostralanteriorcingulate,1391,954.0,2925.0,2.638,0.641,0.115,0.023,20.0,1.2
10961,lh,rostralmiddlefrontal,9469,6863.0,17751.0,2.308,0.471,0.126,0.023,124.0,9.2
10961,lh,superiorfrontal,13566,9287.0,28313.0,2.75,0.551,0.112,0.02,135.0,11.2
10961,lh,superiorparietal,8986,5971.0,13469.0,2.126,0.438,0.114,0.02,89.0,7.5
10961,lh,superiortemporal,6500,4283.0,13364.0,2.796,0.592,0.098,0.016,53.0,4.4
10961,lh,supramarginal,5845,3991.0,10503.0,2.398,0.477,0.106,0.018,53.0,4.5
10961,lh,frontalpole,414,322.0,1205.0,2.883,0.515,0.152,0.031,6.0,0.6
10961,lh,temporalpole,631,463.0,2469.0,3.561,0.805,0.12,0.023,7.0,0.6
10961,lh,transversetemporal,744,503.0,1121.0,2.145,0.481,0.143,0.025,11.0,0.7
10961,lh,insula,3583,2378.0,7303.0,2.967,0.859,0.113,0.03,39.0,4.5
10961,rh,bankssts,1317,849.0,2108.0,2.44,0.516,0.101,0.017,10.0,1.0
10961,rh,caudalanteriorcingulate,1127,750.0,2273.0,2.369,0.819,0.109,0.013,12.0,0.7
10961,rh,caudalmiddlefrontal,3284,2147.0,6145.0,2.639,0.425,0.098,0.016,24.0,2.2
10961,rh,cuneus,3246,2068.0,4036.0,1.861,0.494,0.122,0.022,39.0,3.2
10961,rh,entorhinal,564,350.0,1930.0,3.471,0.69,0.087,0.024,4.0,0.5
10961,rh,fusiform,4254,2767.0,7535.0,2.689,0.498,0.108,0.022,40.0,3.7
10961,rh,inferiorparietal,7852,5248.0,13505.0,2.407,0.437,0.118,0.021,85.0,7.2
10961,rh,inferiortemporal,4951,3277.0,10151.0,2.664,0.612,0.111,0.021,56.0,4.2
10961,rh,isthmuscingulate,1541,988.0,2715.0,2.288,0.777,0.109,0.02,17.0,1.3
10961,rh,lateraloccipital,8885,5626.0,12436.0,2.039,0.565,0.121,0.025,96.0,9.6
10961,rh,lateralorbitofrontal,4192,2861.0,7944.0,2.621,0.667,0.126,0.026,63.0,4.5
10961,rh,lingual,5506,3679.0,8288.0,2.125,0.676,0.128,0.03,62.0,7.0
10961,rh,medialorbitofrontal,3216,2170.0,5426.0,2.129,0.673,0.111,0.019,49.0,2.5
10961,rh,middletemporal,5243,3526.0,11326.0,2.732,0.611,0.111,0.02,54.0,4.3
10961,rh,parahippocampal,974,608.0,1971.0,2.709,0.755,0.096,0.017,8.0,0.6
10961,rh,paracentral,2350,1361.0,3791.0,2.56,0.504,0.096,0.018,17.0,1.7
10961,rh,parsopercularis,1985,1336.0,3865.0,2.689,0.397,0.102,0.019,17.0,1.5
10961,rh,parsorbitalis,1324,967.0,3082.0,2.601,0.505,0.133,0.028,24.0,1.3
10961,rh,parstriangularis,2299,1520.0,4398.0,2.527,0.528,0.109,0.018,20.0,1.8
10961,rh,pericalcarine,2564,1744.0,2289.0,1.472,0.504,0.13,0.028,29.0,3.1
10961,rh,postcentral,5771,3607.0,7184.0,1.84,0.537,0.093,0.015,41.0,3.7
10961,rh,posteriorcingulate,1513,1045.0,2506.0,2.168,0.611,0.124,0.022,20.0,1.4
10961,rh,precentral,7842,4887.0,13406.0,2.523,0.49,0.096,0.016,56.0,5.4
10961,rh,precuneus,6776,4468.0,10917.0,2.275,0.554,0.111,0.018,65.0,5.2
10961,rh,rostralanteriorcingulate,983,702.0,2138.0,2.618,0.641,0.127,0.03,19.0,1.0
10961,rh,rostralmiddlefrontal,10126,7263.0,19136.0,2.255,0.556,0.126,0.025,136.0,10.1
10961,rh,superiorfrontal,12032,8237.0,25114.0,2.706,0.591,0.115,0.022,124.0,10.7
10961,rh,superiorparietal,8954,5746.0,13546.0,2.112,0.505,0.109,0.018,82.0,6.9
10961,rh,superiortemporal,6143,3921.0,12673.0,2.859,0.653,0.093,0.016,47.0,4.1
10961,rh,supramarginal,6827,4548.0,11933.0,2.429,0.476,0.111,0.02,71.0,5.7
10961,rh,frontalpole,484,363.0,1077.0,2.214,0.673,0.144,0.029,9.0,0.7
10961,rh,temporalpole,588,422.0,2227.0,3.638,0.775,0.118,0.021,6.0,0.5
10961,rh,transversetemporal,595,352.0,909.0,2.262,0.342,0.113,0.019,5.0,0.4
10961,rh,insula,3536,2366.0,7273.0,2.984,0.808,0.106,0.026,32.0,3.1
10998,lh,bankssts,1509,989.0,2269.0,2.38,0.438,0.072,0.01,5.0,0.6
10998,lh,caudalanteriorcingulate,1513,1036.0,3232.0,2.603,0.828,0.104,0.015,13.0,1.0
10998,lh,caudalmiddlefrontal,4102,2727.0,8402.0,2.776,0.481,0.103,0.016,31.0,2.7
10998,lh,cuneus,2307,1556.0,2844.0,1.756,0.48,0.134,0.024,25.0,2.6
10998,lh,entorhinal,821,517.0,2136.0,2.954,0.982,0.101,0.02,10.0,0.5
10998,lh,fusiform,4646,3078.0,8903.0,2.638,0.551,0.106,0.017,43.0,3.2
10998,lh,inferiorparietal,7745,5399.0,15072.0,2.572,0.493,0.11,0.018,77.0,5.9
10998,lh,inferiortemporal,6598,4555.0,15591.0,2.922,0.705,0.107,0.019,73.0,5.1
10998,lh,isthmuscingulate,1709,1134.0,3214.0,2.404,0.968,0.11,0.024,19.0,1.5
10998,lh,lateraloccipital,8461,5479.0,12759.0,2.146,0.546,0.126,0.026,95.0,9.7
10998,lh,lateralorbitofrontal,4594,3132.0,9856.0,2.902,0.657,0.115,0.022,45.0,4.2
10998,lh,lingual,4261,2970.0,6025.0,1.945,0.581,0.131,0.027,46.0,5.1
10998,lh,medialorbitofrontal,3576,2419.0,6734.0,2.503,0.723,0.11,0.023,43.0,3.3
10998,lh,middletemporal,4819,3285.0,11664.0,2.867,0.706,0.108,0.019,46.0,4.0
10998,lh,parahippocampal,1176,750.0,2809.0,3.043,0.804,0.091,0.017,8.0,0.8
10998,lh,paracentral,2383,1419.0,4263.0,2.84,0.565,0.089,0.015,14.0,1.5
10998,lh,parsopercularis,2631,1774.0,5150.0,2.634,0.521,0.092,0.013,23.0,1.4
10998,lh,parsorbitalis,1160,817.0,2969.0,2.697,0.709,0.12,0.022,14.0,1.1
10998,lh,parstriangularis,1977,1309.0,3501.0,2.409,0.574,0.091,0.014,14.0,1.2
10998,lh,pericalcarine,1905,1347.0,1744.0,1.492,0.388,0.132,0.027,19.0,2.3
10998,lh,postcentral,6395,4202.0,9561.0,2.088,0.645,0.099,0.016,51.0,4.4
10998,lh,posteriorcingulate,1930,1320.0,3687.0,2.527,0.766,0.114,0.02,20.0,1.6
10998,lh,precentral,6849,4248.0,13437.0,2.822,0.607,0.093,0.015,44.0,4.1
10998,lh,precuneus,5736,3900.0,10883.0,2.589,0.548,0.115,0.02,56.0,5.1
10998,lh,rostralanteriorcingulate,1484,1089.0,4079.0,3.128,0.7,0.13,0.024,20.0,1.6
10998,lh,rostralmiddlefrontal,9021,6467.0,17078.0,2.297,0.653,0.119,0.021,102.0,7.8
10998,lh,superiorfrontal,11299,7768.0,26297.0,3.008,0.617,0.111,0.019,100.0,9.2
10998,lh,superiorparietal,8237,5604.0,13859.0,2.294,0.496,0.117,0.021,81.0,7.1
10998,lh,superiortemporal,6538,4326.0,15001.0,2.944,0.755,0.093,0.014,46.0,3.9
10998,lh,supramarginal,6003,4124.0,12570.0,2.742,0.533,0.111,0.018,55.0,4.9
10998,lh,frontalpole,466,392.0,1166.0,2.398,0.49,0.171,0.038,10.0,0.9
10998,lh,temporalpole,659,494.0,3181.0,4.3,0.498,0.13,0.031,10.0,0.6
10998,lh,transversetemporal,770,516.0,1500.0,2.693,0.682,0.117,0.019,8.0,0.5
10998,lh,insula,3422,2281.0,7532.0,3.268,0.789,0.101,0.025,28.0,3.3
10998,rh,bankssts,1459,941.0,2324.0,2.676,0.35,0.086,0.012,7.0,0.8
10998,rh,caudalanteriorcingulate,1017,660.0,2116.0,2.557,0.835,0.103,0.01,8.0,0.5
10998,rh,caudalmiddlefrontal,3908,2579.0,7645.0,2.737,0.555,0.102,0.016,29.0,2.8
10998,rh,cuneus,2585,1688.0,3342.0,1.896,0.498,0.116,0.024,24.0,2.7
10998,rh,entorhinal,776,477.0,3134.0,3.743,0.899,0.079,0.019,6.0,0.5
10998,rh,fusiform,4449,2905.0,9079.0,2.811,0.585,0.103,0.016,38.0,3.1
10998,rh,inferiorparietal,8417,5621.0,16102.0,2.574,0.563,0.111,0.019,85.0,6.7
10998,rh,inferiortemporal,6344,4268.0,15608.0,3.139,0.739,0.11,0.019,65.0,5.3
10998,rh,isthmuscingulate,1341,860.0,2202.0,2.233,0.826,0.102,0.022,13.0,1.1
10998,rh,lateraloccipital,8705,5484.0,13457.0,2.24,0.557,0.121,0.027,93.0,10.1
10998,rh,lateralorbitofrontal,4865,3428.0,10236.0,2.809,0.727,0.125,0.026,62.0,5.4
10998,rh,lingual,5170,3573.0,7894.0,2.089,0.68,0.139,0.032,67.0,7.2
10998,rh,medialorbitofrontal,3616,2494.0,7080.0,2.563,0.731,0.11,0.025,56.0,3.3
10998,rh,middletemporal,6230,4215.0,14418.0,2.854,0.649,0.107,0.019,60.0,5.1
10998,rh,parahippocampal,886,559.0,1804.0,2.809,0.732,0.1,0.017,9.0,0.5
10998,rh,paracentral,2629,1556.0,4094.0,2.627,0.547,0.092,0.015,17.0,1.6
10998,rh,parsopercularis,2420,1623.0,4569.0,2.571,0.459,0.089,0.013,20.0,1.3
10998,rh,parsorbitalis,1197,849.0,3640.0,3.236,0.699,0.119,0.023,12.0,1.1
10998,rh,parstriangularis,2401,1604.0,5078.0,2.708,0.628,0.106,0.017,19.0,1.8
10998,rh,pericalcarine,2084,1438.0,1823.0,1.478,0.394,0.129,0.03,22.0,2.4
10998,rh,postcentral,6489,4138.0,9886.0,2.098,0.658,0.096,0.016,54.0,4.6
10998,rh,posteriorcingulate,2043,1431.0,4013.0,2.546,0.741,0.125,0.022,26.0,1.9
10998,rh,precentral,7186,4411.0,13308.0,2.731,0.555,0.088,0.015,47.0,4.3
10998,rh,precuneus,6485,4327.0,11543.0,2.545,0.537,0.112,0.02,61.0,5.3
10998,rh,rostralanteriorcingulate,925,636.0,2128.0,2.807,0.647,0.109,0.019,10.0,0.7
10998,rh,rostralmiddlefrontal,8996,6487.0,17487.0,2.349,0.625,0.123,0.023,104.0,8.6
10998,rh,superiorfrontal,12025,8095.0,27571.0,2.992,0.665,0.111,0.02,104.0,10.1
10998,rh,superiorparietal,9134,6107.0,14685.0,2.192,0.517,0.113,0.019,89.0,7.4
10998,rh,superiortemporal,6180,4027.0,14005.0,3.077,0.706,0.094,0.015,47.0,3.9
10998,rh,supramarginal,6056,4148.0,12308.0,2.683,0.545,0.115,0.021,62.0,5.0
10998,rh,frontalpole,466,379.0,1243.0,2.515,0.585,0.167,0.034,11.0,0.6
10998,rh,temporalpole,712,536.0,2882.0,3.82,0.745,0.119,0.022,8.0,0.8
10998,rh,transversetemporal,541,335.0,964.0,2.549,0.349,0.133,0.017,7.0,0.4
10998,rh,insula,3430,2288.0,7553.0,3.221,0.841,0.103,0.024,29.0,3.0
11016,lh,bankssts,1699,1100.0,2703.0,2.578,0.484,0.089,0.014,9.0,1.0
11016,lh,caudalanteriorcingulate,773,522.0,1691.0,2.777,0.637,0.104,0.016,6.0,0.6
11016,lh,caudalmiddlefrontal,3079,2023.0,6038.0,2.689,0.473,0.102,0.017,23.0,2.2
11016,lh,cuneus,1977,1310.0,2512.0,1.788,0.513,0.132,0.028,25.0,2.5
11016,lh,entorhinal,606,367.0,2134.0,3.671,0.758,0.085,0.016,3.0,0.4
11016,lh,fusiform,4186,2821.0,8230.0,2.681,0.569,0.115,0.02,43.0,3.5
11016,lh,inferiorparietal,6583,4539.0,11846.0,2.386,0.535,0.124,0.022,72.0,6.2
11016,lh,inferiortemporal,4891,3299.0,10966.0,2.831,0.719,0.105,0.02,47.0,4.2
11016,lh,isthmuscingulate,1094,727.0,1841.0,2.302,0.799,0.118,0.023,14.0,0.9
11016,lh,lateraloccipital,7481,4770.0,10659.0,2.044,0.527,0.121,0.023,83.0,7.6
11016,lh,lateralorbitofrontal,3601,2383.0,6992.0,2.835,0.659,0.116,0.023,34.0,3.5
11016,lh,lingual,4239,2896.0,6096.0,1.959,0.641,0.123,0.023,45.0,4.1
11016,lh,medialorbitofrontal,2181,1519.0,4564.0,2.581,0.677,0.121,0.025,24.0,2.5
11016,lh,middletemporal,4974,3356.0,12353.0,2.915,0.684,0.109,0.018,53.0,3.7
11016,lh,parahippocampal,1090,665.0,2389.0,2.997,0.752,0.068,0.011,7.0,0.4
11016,lh,paracentral,2273,1314.0,3517.0,2.48,0.542,0.087,0.019,15.0,1.5
11016,lh,parsopercularis,2051,1368.0,4322.0,2.714,0.511,0.11,0.017,22.0,1.5
11016,lh,parsorbitalis,1088,717.0,2618.0,2.843,0.592,0.117,0.019,12.0,0.9
11016,lh,parstriangularis,1652,1122.0,3224.0,2.55,0.636,0.105,0.015,14.0,1.0
11016,lh,pericalcarine,1663,1095.0,1444.0,1.504,0.434,0.113,0.022,15.0,1.6
11016,lh,postcentral,5866,3700.0,8306.0,2.063,0.647,0.102,0.017,48.0,4.1
11016,lh,posteriorcingulate,1449,985.0,2671.0,2.511,0.556,0.122,0.022,16.0,1.6
11016,lh,precentral,6638,4113.0,12379.0,2.762,0.579,0.093,0.015,48.0,4.2
11016,lh,precuneus,4694,3071.0,8534.0,2.595,0.52,0.106,0.018,41.0,3.7
11016,lh,rostralanteriorcingulate,1204,814.0,2794.0,2.902,0.566,0.107,0.018,11.0,0.9
11016,lh,rostralmiddlefrontal,7505,5386.0,15130.0,2.511,0.601,0.132,0.027,95.0,8.1
11016,lh,superiorfrontal,9879,6661.0,21734.0,2.952,0.558,0.112,0.02,86.0,8.2
11016,lh,superiorparietal,6577,4336.0,10764.0,2.241,0.526,0.113,0.019,60.0,5.3
11016,lh,superiortemporal,5639,3573.0,12641.0,2.987,0.767,0.09,0.013,38.0,3.3
11016,lh,supramarginal,5200,3559.0,10268.0,2.609,0.595,0.12,0.021,52.0,4.7
11016,lh,frontalpole,346,291.0,1176.0,2.969,0.559,0.178,0.039,8.0,0.7
11016,lh,temporalpole,584,435.0,2632.0,3.927,0.733,0.13,0.026,7.0,0.6
11016,lh,transversetemporal,609,376.0,1044.0,2.623,0.349,0.117,0.017,5.0,0.5
11016,lh,insula,2907,1965.0,6040.0,3.11,0.73,0.114,0.026,26.0,2.9
11016,rh,bankssts,1306,876.0,2183.0,2.717,0.401,0.093,0.014,8.0,0.9
11016,rh,caudalanteriorcingulate,903,637.0,1991.0,2.629,0.664,0.126,0.017,12.0,0.8
11016,rh,caudalmiddlefrontal,2387,1607.0,4412.0,2.628,0.418,0.106,0.017,19.0,1.7
11016,rh,cuneus,2215,1476.0,2620.0,1.657,0.477,0.134,0.026,26.0,2.5
11016,rh,entorhinal,642,392.0,2200.0,3.593,0.855,0.095,0.016,4.0,0.4
11016,rh,fusiform,4564,3002.0,9382.0,2.757,0.555,0.115,0.021,50.0,3.8
11016,rh,inferiorparietal,7575,5065.0,14128.0,2.56,0.441,0.11,0.019,74.0,5.9
11016,rh,inferiortemporal,4317,3000.0,9866.0,2.856,0.596,0.121,0.023,53.0,4.3
11016,rh,isthmuscingulate,1120,758.0,1945.0,2.309,0.745,0.124,0.025,14.0,1.1
11016,rh,lateraloccipital,8007,5171.0,11561.0,2.127,0.546,0.124,0.024,89.0,8.7
11016,rh,lateralorbitofrontal,3746,2608.0,7470.0,2.748,0.59,0.126,0.027,52.0,4.2
11016,rh,lingual,4140,2819.0,5487.0,1.885,0.617,0.129,0.028,50.0,5.2
11016,rh,medialorbitofrontal,2483,1801.0,5298.0,2.585,0.689,0.121,0.02,32.0,2.1
11016,rh,middletemporal,4915,3357.0,12086.0,2.982,0.62,0.115,0.021,54.0,4.3
11016,rh,parahippocampal,997,604.0,2152.0,2.895,0.808,0.083,0.014,12.0,0.5
11016,rh,paracentral,2159,1249.0,3663.0,2.771,0.556,0.08,0.016,12.0,1.4
11016,rh,parsopercularis,2058,1402.0,3958.0,2.59,0.436,0.103,0.017,19.0,1.4
11016,rh,parsorbitalis,1178,791.0,2924.0,2.913,0.672,0.108,0.016,11.0,0.7
11016,rh,parstriangularis,2323,1590.0,5122.0,2.847,0.619,0.121,0.023,27.0,2.3
11016,rh,pericalcarine,1957,1279.0,1716.0,1.502,0.431,0.11,0.02,17.0,1.7
11016,rh,postcentral,5576,3487.0,8322.0,2.13,0.703,0.102,0.017,48.0,4.1
11016,rh,posteriorcingulate,1400,931.0,2680.0,2.599,0.573,0.115,0.019,18.0,1.2
11016,rh,precentral,6816,4343.0,12129.0,2.6,0.549,0.099,0.017,49.0,5.0
11016,rh,precuneus,5189,3463.0,9518.0,2.536,0.59,0.115,0.02,50.0,4.5
11016,rh,rostralanteriorcingulate,744,570.0,2013.0,2.871,0.623,0.131,0.025,12.0,0.8
11016,rh,rostralmiddlefrontal,7286,5207.0,15548.0,2.596,0.557,0.126,0.025,89.0,7.5
11016,rh,superiorfrontal,8958,5966.0,20129.0,2.948,0.586,0.113,0.02,79.0,7.6
11016,rh,superiorparietal,7272,4700.0,11067.0,2.175,0.537,0.111,0.019,66.0,5.7
11016,rh,superiortemporal,4997,3240.0,11346.0,3.01,0.661,0.096,0.015,39.0,3.1
11016,rh,supramarginal,4201,2884.0,8505.0,2.765,0.504,0.119,0.024,42.0,4.3
11016,rh,frontalpole,494,385.0,1461.0,2.969,0.53,0.165,0.043,9.0,0.9
11016,rh,temporalpole,621,447.0,2930.0,4.222,0.542,0.132,0.031,8.0,0.8
11016,rh,transversetemporal,436,270.0,678.0,2.398,0.377,0.116,0.021,4.0,0.3
11016,rh,insula,2820,1877.0,6086.0,3.165,0.744,0.106,0.023,22.0,2.4
11030,lh,bankssts,1217,807.0,1747.0,2.294,0.298,0.105,0.017,8.0,0.8
11030,lh,caudalanteriorcingulate,1081,691.0,1806.0,2.268,0.718,0.113,0.014,12.0,0.7
11030,lh,caudalmiddlefrontal,3872,2572.0,7422.0,2.64,0.434,0.114,0.019,34.0,3.3
11030,lh,cuneus,2101,1412.0,1954.0,1.417,0.355,0.144,0.029,29.0,2.7
11030,lh,entorhinal,862,558.0,2104.0,3.086,0.68,0.1,0.02,6.0,0.8
11030,lh,fusiform,5425,3669.0,10278.0,2.558,0.552,0.114,0.023,52.0,4.9
11030,lh,inferiorparietal,6671,4487.0,11452.0,2.362,0.471,0.111,0.019,64.0,5.6
11030,lh,inferiortemporal,4471,3079.0,9854.0,2.768,0.617,0.113,0.024,46.0,4.0
11030,lh,isthmuscingulate,1544,1013.0,2494.0,2.14,0.815,0.113,0.024,19.0,1.4
11030,lh,lateraloccipital,8214,5244.0,9773.0,1.778,0.527,0.123,0.025,91.0,8.8
11030,lh,lateralorbitofrontal,4571,2994.0,7848.0,2.541,0.594,0.123,0.028,50.0,5.6
11030,lh,lingual,3804,2541.0,4053.0,1.616,0.52,0.115,0.022,38.0,3.6
11030,lh,medialorbitofrontal,2859,1942.0,4914.0,2.36,0.689,0.115,0.024,36.0,2.7
11030,lh,middletemporal,4636,3078.0,9930.0,2.787,0.586,0.105,0.018,39.0,3.6
11030,lh,parahippocampal,1240,810.0,2403.0,2.593,0.702,0.089,0.018,9.0,0.8
11030,lh,paracentral,2438,1450.0,3667.0,2.458,0.535,0.106,0.02,20.0,2.2
11030,lh,parsopercularis,2630,1771.0,4983.0,2.499,0.471,0.108,0.02,24.0,2.1
11030,lh,parsorbitalis,1212,792.0,2539.0,2.554,0.59,0.117,0.026,13.0,1.1
11030,lh,parstriangularis,1794,1175.0,2962.0,2.33,0.522,0.105,0.019,16.0,1.4
11030,lh,pericalcarine,1788,1224.0,1366.0,1.272,0.28,0.115,0.022,15.0,1.6
11030,lh,postcentral,6318,3884.0,9099.0,2.1,0.58,0.101,0.019,46.0,5.3
11030,lh,posteriorcingulate,1813,1222.0,3116.0,2.327,0.557,0.124,0.023,26.0,1.8
11030,lh,precentral,7905,4823.0,13626.0,2.623,0.543,0.101,0.019,55.0,6.7
11030,lh,precuneus,5545,3724.0,9111.0,2.382,0.551,0.113,0.021,52.0,4.8
11030,lh,rostralanteriorcingulate,1201,827.0,2828.0,2.73,0.839,0.125,0.023,18.0,1.3
11030,lh,rostralmiddlefrontal,9492,6528.0,16815.0,2.341,0.511,0.12,0.022,102.0,9.1
11030,lh,superiorfrontal,11298,7620.0,23883.0,2.8,0.523,0.117,0.021,103.0,9.9
11030,lh,superiorparietal,9078,5820.0,14118.0,2.192,0.521,0.11,0.02,81.0,7.6
11030,lh,superiortemporal,6165,3981.0,12612.0,2.762,0.663,0.09,0.015,36.0,4.1
11030,lh,supramarginal,5301,3557.0,9824.0,2.536,0.447,0.116,0.021,53.0,4.6
11030,lh,frontalpole,368,308.0,1020.0,2.741,0.397,0.184,0.043,8.0,0.7
11030,lh,temporalpole,797,589.0,2713.0,3.367,0.977,0.137,0.041,12.0,1.2
11030,lh,transversetemporal,761,424.0,958.0,2.175,0.492,0.102,0.019,6.0,0.6
11030,lh,insula,3383,2288.0,6201.0,2.77,0.663,0.116,0.03,37.0,3.8
11030,rh,bankssts,1271,821.0,1977.0,2.584,0.366,0.078,0.012,4.0,0.7
11030,rh,caudalanteriorcingulate,1210,832.0,2384.0,2.332,0.798,0.115,0.015,14.0,1.0
11030,rh,caudalmiddlefrontal,3489,2384.0,6044.0,2.435,0.498,0.112,0.02,29.0,2.8
11030,rh,cuneus,2839,1793.0,2708.0,1.508,0.456,0.118,0.023,29.0,2.9
11030,rh,entorhinal,787,539.0,2226.0,2.952,0.941,0.126,0.028,10.0,1.1
11030,rh,fusiform,4968,3215.0,8333.0,2.388,0.557,0.111,0.022,49.0,4.3
11030,rh,inferiorparietal,9259,5989.0,15474.0,2.398,0.519,0.112,0.021,87.0,8.2
11030,rh,inferiortemporal,4977,3197.0,10183.0,2.76,0.667,0.107,0.022,50.0,4.4
11030,rh,isthmuscingulate,1363,882.0,2279.0,2.258,0.903,0.119,0.025,20.0,1.3
11030,rh,lateraloccipital,7775,4740.0,9120.0,1.844,0.522,0.114,0.021,80.0,7.4
11030,rh,lateralorbitofrontal,4643,3117.0,7766.0,2.55,0.683,0.138,0.035,68.0,6.5
11030,rh,lingual,4359,2918.0,5129.0,1.707,0.476,0.124,0.026,47.0,5.2
11030,rh,medialorbitofrontal,2710,1915.0,4958.0,2.335,0.675,0.12,0.026,43.0,3.0
11030,rh,middletemporal,5219,3443.0,11080.0,2.825,0.548,0.102,0.018,41.0,4.0
11030,rh,parahippocampal,1292,787.0,2088.0,2.371,0.763,0.09,0.02,11.0,0.9
11030,rh,paracentral,2707,1559.0,3661.0,2.308,0.573,0.103,0.022,20.0,2.5
11030,rh,parsopercularis,2107,1378.0,3987.0,2.69,0.524,0.101,0.019,17.0,1.7
11030,rh,parsorbitalis,1692,1100.0,3034.0,2.448,0.633,0.126,0.024,19.0,1.8
11030,rh,parstriangularis,2612,1737.0,4720.0,2.394,0.533,0.114,0.02,25.0,2.1
11030,rh,pericalcarine,2443,1635.0,2018.0,1.418,0.412,0.128,0.028,28.0,3.1
11030,rh,postcentral,6712,4005.0,9493.0,2.171,0.623,0.094,0.018,52.0,5.1
11030,rh,posteriorcingulate,1928,1260.0,3402.0,2.406,0.713,0.121,0.022,21.0,2.0
11030,rh,precentral,8176,5145.0,13130.0,2.427,0.65,0.114,0.024,70.0,9.2
11030,rh,precuneus,5630,3632.0,9214.0,2.42,0.542,0.106,0.018,53.0,4.2
11030,rh,rostralanteriorcingulate,834,588.0,1889.0,2.609,0.704,0.13,0.023,13.0,0.8
11030,rh,rostralmiddlefrontal,9556,6704.0,17023.0,2.286,0.531,0.126,0.025,109.0,9.6
11030,rh,superiorfrontal,10591,7151.0,21665.0,2.722,0.532,0.115,0.022,92.0,9.5
11030,rh,superiorparietal,9254,5719.0,12904.0,2.087,0.503,0.105,0.019,82.0,7.6
11030,rh,superiortemporal,5662,3531.0,11191.0,2.738,0.677,0.083,0.014,30.0,3.3
11030,rh,supramarginal,4925,3285.0,8682.0,2.451,0.544,0.119,0.023,49.0,4.7
11030,rh,frontalpole,550,419.0,1349.0,2.542,0.723,0.162,0.038,12.0,0.9
11030,rh,temporalpole,658,519.0,3244.0,4.143,0.58,0.14,0.035,6.0,1.0
11030,rh,transversetemporal,491,328.0,633.0,1.875,0.52,0.104,0.018,3.0,0.3
11030,rh,insula,3120,2065.0,6211.0,2.911,0.725,0.111,0.023,27.0,2.7
11031,lh,bankssts,1713,1104.0,2751.0,2.605,0.436,0.085,0.013,9.0,0.9
11031,lh,caudalanteriorcingulate,912,618.0,1830.0,2.691,0.62,0.118,0.02,11.0,0.8
11031,lh,caudalmiddlefrontal,3522,2328.0,6665.0,2.651,0.45,0.106,0.018,28.0,2.7
11031,lh,cuneus,1851,1223.0,2357.0,1.839,0.488,0.126,0.025,20.0,2.1
11031,lh,entorhinal,600,372.0,2090.0,3.352,0.819,0.085,0.021,4.0,0.5
11031,lh,fusiform,3843,2560.0,7348.0,2.774,0.579,0.106,0.017,35.0,2.6
11031,lh,inferiorparietal,8666,5913.0,16141.0,2.498,0.478,0.111,0.019,86.0,6.8
11031,lh,inferiortemporal,5214,3611.0,13239.0,3.048,0.759,0.113,0.019,57.0,4.4
11031,lh,isthmuscingulate,1547,980.0,2538.0,2.15,0.83,0.104,0.02,14.0,1.2
11031,lh,lateraloccipital,7446,4836.0,11997.0,2.228,0.627,0.123,0.025,89.0,8.1
11031,lh,lateralorbitofrontal,3712,2569.0,7186.0,2.618,0.566,0.12,0.025,48.0,3.8
11031,lh,lingual,3962,2748.0,5849.0,2.012,0.584,0.133,0.026,47.0,4.5
11031,lh,medialorbitofrontal,2675,1853.0,4623.0,2.267,0.614,0.122,0.023,44.0,2.6
11031,lh,middletemporal,4853,3238.0,11375.0,2.843,0.717,0.098,0.016,42.0,3.2
11031,lh,parahippocampal,1171,715.0,1956.0,2.39,0.641,0.067,0.012,8.0,0.6
11031,lh,paracentral,1838,1146.0,3311.0,2.66,0.538,0.097,0.015,12.0,1.2
11031,lh,parsopercularis,2148,1487.0,4515.0,2.701,0.423,0.109,0.019,22.0,1.6
11031,lh,parsorbitalis,984,706.0,2205.0,2.51,0.573,0.133,0.025,18.0,1.1
11031,lh,parstriangularis,1544,1043.0,2584.0,2.247,0.552,0.104,0.018,13.0,1.1
11031,lh,pericalcarine,1791,1251.0,1885.0,1.71,0.444,0.131,0.029,18.0,2.2
11031,lh,postcentral,6141,3969.0,9348.0,2.1,0.584,0.1,0.016,57.0,4.3
11031,lh,posteriorcingulate,1618,1103.0,3200.0,2.519,0.754,0.119,0.019,19.0,1.4
11031,lh,precentral,7625,4707.0,13905.0,2.715,0.625,0.091,0.015,48.0,4.7
11031,lh,precuneus,5418,3627.0,9053.0,2.36,0.495,0.11,0.018,54.0,4.2
11031,lh,rostralanteriorcingulate,1114,767.0,2523.0,2.749,0.575,0.114,0.021,16.0,0.8
11031,lh,rostralmiddlefrontal,7704,5485.0,15135.0,2.457,0.524,0.122,0.022,86.0,7.2
11031,lh,superiorfrontal,9951,6787.0,20263.0,2.695,0.544,0.115,0.021,96.0,8.2
11031,lh,superiorparietal,8470,5529.0,13869.0,2.284,0.48,0.099,0.017,72.0,5.9
11031,lh,superiortemporal,5485,3538.0,12003.0,2.883,0.688,0.083,0.011,33.0,2.7
11031,lh,supramarginal,5028,3442.0,10203.0,2.661,0.552,0.116,0.019,49.0,4.0
11031,lh,frontalpole,355,265.0,960.0,2.651,0.496,0.155,0.028,6.0,0.4
11031,lh,temporalpole,523,389.0,2327.0,3.872,0.719,0.115,0.025,7.0,0.5
11031,lh,transversetemporal,688,449.0,1236.0,2.619,0.4,0.12,0.018,7.0,0.5
11031,lh,insula,2829,1947.0,5882.0,3.038,0.666,0.111,0.023,27.0,2.5
11031,rh,bankssts,1762,1162.0,2910.0,2.708,0.402,0.095,0.015,11.0,1.2
11031,rh,caudalanteriorcingulate,1113,776.0,2158.0,2.377,0.825,0.119,0.016,15.0,0.9
11031,rh,caudalmiddlefrontal,3184,2064.0,5705.0,2.524,0.454,0.092,0.014,21.0,1.9
11031,rh,cuneus,1990,1212.0,2521.0,1.869,0.477,0.101,0.019,18.0,1.7
11031,rh,entorhinal,675,407.0,2579.0,3.578,0.764,0.077,0.015,4.0,0.4
11031,rh,fusiform,3586,2357.0,6614.0,2.701,0.519,0.104,0.018,31.0,2.9
11031,rh,inferiorparietal,8082,5395.0,15854.0,2.598,0.477,0.107,0.017,76.0,5.9
11031,rh,inferiortemporal,3971,2704.0,9368.0,2.853,0.664,0.109,0.022,45.0,3.4
11031,rh,isthmuscingulate,1352,863.0,2140.0,2.09,0.818,0.097,0.02,13.0,0.9
11031,rh,lateraloccipital,6310,4056.0,10492.0,2.339,0.585,0.123,0.023,70.0,6.2
11031,rh,lateralorbitofrontal,3543,2485.0,6465.0,2.508,0.63,0.124,0.025,45.0,3.8
11031,rh,lingual,4840,3254.0,7054.0,2.116,0.633,0.13,0.027,55.0,6.4
11031,rh,medialorbitofrontal,2904,2098.0,5533.0,2.324,0.657,0.128,0.026,56.0,3.3
11031,rh,middletemporal,5138,3442.0,12664.0,3.011,0.643,0.102,0.017,49.0,3.6
11031,rh,parahippocampal,1021,631.0,2308.0,2.938,0.65,0.069,0.011,4.0,0.4
11031,rh,paracentral,2163,1305.0,3811.0,2.7,0.614,0.091,0.015,13.0,1.4
11031,rh,parsopercularis,2141,1415.0,3884.0,2.49,0.456,0.097,0.015,20.0,1.3
11031,rh,parsorbitalis,1053,748.0,2183.0,2.482,0.471,0.124,0.024,13.0,1.1
11031,rh,parstriangularis,2102,1462.0,4066.0,2.375,0.596,0.11,0.017,21.0,1.5
11031,rh,pericalcarine,2336,1498.0,2361.0,1.648,0.462,0.115,0.023,23.0,2.2
11031,rh,postcentral,6228,3891.0,9662.0,2.212,0.662,0.097,0.016,56.0,4.4
11031,rh,posteriorcingulate,1892,1284.0,3596.0,2.432,0.824,0.117,0.023,20.0,1.9
11031,rh,precentral,7720,4759.0,13391.0,2.648,0.616,0.096,0.016,55.0,5.4
11031,rh,precuneus,6394,4273.0,11326.0,2.467,0.545,0.108,0.018,61.0,4.7
11031,rh,rostralanteriorcingulate,654,470.0,1440.0,2.674,0.602,0.116,0.02,8.0,0.4
11031,rh,rostralmiddlefrontal,7773,5610.0,14464.0,2.258,0.549,0.128,0.024,99.0,7.8
11031,rh,superiorfrontal,9352,6385.0,19279.0,2.72,0.544,0.114,0.022,92.0,8.3
11031,rh,superiorparietal,8878,5827.0,14198.0,2.213,0.473,0.105,0.016,83.0,6.1
11031,rh,superiortemporal,5529,3585.0,13014.0,3.022,0.707,0.089,0.014,38.0,3.1
11031,rh,supramarginal,5447,3706.0,11046.0,2.648,0.566,0.111,0.019,52.0,4.5
11031,rh,frontalpole,474,372.0,1151.0,2.38,0.528,0.176,0.038,11.0,0.8
11031,rh,temporalpole,484,355.0,2521.0,4.104,0.847,0.126,0.032,6.0,0.6
11031,rh,transversetemporal,519,325.0,924.0,2.665,0.339,0.114,0.022,5.0,0.4
11031,rh,insula,2858,1917.0,6159.0,3.187,0.734,0.108,0.024,24.0,2.6
11036,lh,bankssts,1722,1132.0,2617.0,2.394,0.425,0.09,0.015,10.0,1.0
11036,lh,caudalanteriorcingulate,1384,959.0,3252.0,2.909,0.743,0.124,0.02,16.0,1.2
11036,lh,caudalmiddlefrontal,3306,2213.0,6416.0,2.688,0.519,0.114,0.021,27.0,3.0
11036,lh,cuneus,2679,1731.0,2744.0,1.55,0.395,0.124,0.021,29.0,2.6
11036,lh,entorhinal,780,493.0,1982.0,3.071,0.976,0.091,0.016,4.0,0.5
11036,lh,fusiform,4730,3166.0,9771.0,2.704,0.661,0.123,0.028,57.0,4.9
11036,lh,inferiorparietal,7278,5011.0,13090.0,2.39,0.574,0.12,0.022,76.0,6.8
11036,lh,inferiortemporal,4761,3323.0,10367.0,2.674,0.642,0.118,0.022,59.0,4.3
11036,lh,isthmuscingulate,1629,1048.0,2877.0,2.373,0.864,0.119,0.024,24.0,1.6
11036,lh,lateraloccipital,8375,5442.0,12587.0,2.154,0.648,0.126,0.028,91.0,10.0
11036,lh,lateralorbitofrontal,4166,2743.0,7914.0,2.747,0.536,0.115,0.021,41.0,3.7
11036,lh,lingual,4807,3321.0,6128.0,1.772,0.581,0.125,0.024,48.0,5.1
11036,lh,medialorbitofrontal,2761,1920.0,4959.0,2.417,0.77,0.124,0.035,36.0,3.6
11036,lh,middletemporal,5054,3419.0,11047.0,2.644,0.698,0.102,0.017,44.0,3.7
11036,lh,parahippocampal,1501,931.0,2873.0,2.695,0.879,0.1,0.017,14.0,1.0
11036,lh,paracentral,2305,1371.0,3201.0,2.268,0.558,0.093,0.015,13.0,1.6
11036,lh,parsopercularis,2065,1369.0,4272.0,2.79,0.432,0.103,0.018,17.0,1.5
11036,lh,parsorbitalis,967,674.0,2556.0,3.036,0.592,0.129,0.029,14.0,1.2
11036,lh,parstriangularis,1742,1169.0,3093.0,2.382,0.513,0.112,0.019,16.0,1.3
11036,lh,pericalcarine,2061,1376.0,1519.0,1.303,0.318,0.122,0.024,21.0,2.1
11036,lh,postcentral,6442,4041.0,8792.0,2.0,0.669,0.103,0.019,51.0,5.2
11036,lh,posteriorcingulate,2316,1528.0,4082.0,2.464,0.755,0.117,0.019,25.0,2.1
11036,lh,precentral,7562,4731.0,13152.0,2.578,0.661,0.103,0.018,55.0,5.8
11036,lh,precuneus,5973,3948.0,9357.0,2.312,0.557,0.114,0.02,55.0,5.0
11036,lh,rostralanteriorcingulate,1519,1043.0,3799.0,3.008,0.579,0.121,0.023,18.0,1.5
11036,lh,rostralmiddlefrontal,8010,5645.0,15350.0,2.466,0.522,0.128,0.024,95.0,8.2
11036,lh,superiorfrontal,10317,6826.0,22047.0,2.909,0.525,0.113,0.02,88.0,8.7
11036,lh,superiorparietal,9006,5896.0,13412.0,2.07,0.596,0.112,0.02,81.0,7.7
11036,lh,superiortemporal,6289,4009.0,13826.0,2.979,0.689,0.091,0.014,43.0,4.0
11036,lh,supramarginal,5797,3993.0,10834.0,2.478,0.606,0.122,0.023,60.0,5.8
11036,lh,frontalpole,357,263.0,1050.0,2.88,0.428,0.172,0.035,7.0,0.5
11036,lh,temporalpole,708,477.0,2624.0,3.691,0.757,0.124,0.037,7.0,1.1
11036,lh,transversetemporal,604,384.0,1020.0,2.56,0.418,0.122,0.023,6.0,0.6
11036,lh,insula,2929,1985.0,5838.0,3.05,0.767,0.113,0.026,28.0,3.0
11036,rh,bankssts,1474,973.0,2349.0,2.514,0.432,0.1,0.015,8.0,1.0
11036,rh,caudalanteriorcingulate,1642,1037.0,3233.0,2.702,0.515,0.1,0.013,12.0,0.9
11036,rh,caudalmiddlefrontal,2517,1699.0,4798.0,2.596,0.53,0.106,0.019,18.0,1.9
11036,rh,cuneus,2636,1665.0,2989.0,1.696,0.459,0.128,0.025,28.0,2.8
11036,rh,entorhinal,792,514.0,2586.0,3.655,0.884,0.108,0.023,6.0,0.9
11036,rh,fusiform,4815,3081.0,8979.0,2.652,0.696,0.112,0.026,54.0,4.9
11036,rh,inferiorparietal,8263,5473.0,15058.0,2.508,0.559,0.105,0.021,75.0,7.0
11036,rh,inferiortemporal,4927,3262.0,10387.0,2.721,0.774,0.113,0.022,49.0,4.6
11036,rh,isthmuscingulate,1512,1009.0,2573.0,2.276,0.83,0.124,0.027,22.0,1.6
11036,rh,lateraloccipital,9616,5981.0,14185.0,2.161,0.638,0.117,0.025,95.0,10.6
11036,rh,lateralorbitofrontal,3904,2567.0,7424.0,2.716,0.646,0.118,0.023,40.0,3.9
11036,rh,lingual,5387,3643.0,7082.0,1.862,0.537,0.127,0.027,57.0,6.7
11036,rh,medialorbitofrontal,3061,2088.0,5272.0,2.25,0.734,0.113,0.023,34.0,2.8
11036,rh,middletemporal,5088,3360.0,11158.0,2.754,0.673,0.098,0.016,39.0,3.4
11036,rh,parahippocampal,823,485.0,1658.0,2.917,0.876,0.08,0.013,4.0,0.3
11036,rh,paracentral,2598,1545.0,3795.0,2.362,0.565,0.101,0.019,17.0,2.1
11036,rh,parsopercularis,1727,1151.0,3391.0,2.572,0.503,0.098,0.016,14.0,1.1
11036,rh,parsorbitalis,1221,836.0,2769.0,2.723,0.661,0.125,0.025,14.0,1.3
11036,rh,parstriangularis,1977,1312.0,3509.0,2.397,0.568,0.116,0.02,17.0,1.7
11036,rh,pericalcarine,1943,1388.0,1857.0,1.495,0.403,0.13,0.029,19.0,2.5
11036,rh,postcentral,7004,4336.0,9510.0,2.046,0.609,0.1,0.017,54.0,5.3
11036,rh,posteriorcingulate,1917,1276.0,3247.0,2.361,0.743,0.115,0.017,20.0,1.5
11036,rh,precentral,8122,5176.0,13772.0,2.506,0.612,0.103,0.019,60.0,6.5
11036,rh,precuneus,6893,4559.0,10912.0,2.315,0.57,0.115,0.019,64.0,5.6
11036,rh,rostralanteriorcingulate,1154,802.0,2687.0,2.682,0.631,0.122,0.021,15.0,1.0
11036,rh,rostralmiddlefrontal,8034,5638.0,15555.0,2.444,0.573,0.134,0.028,96.0,10.0
11036,rh,superiorfrontal,9467,6304.0,19383.0,2.733,0.601,0.119,0.023,83.0,9.0
11036,rh,superiorparietal,9879,6516.0,15248.0,2.1,0.57,0.114,0.019,90.0,8.3
11036,rh,superiortemporal,5494,3437.0,11770.0,2.944,0.699,0.083,0.014,33.0,3.1
11036,rh,supramarginal,5448,3661.0,10164.0,2.613,0.552,0.111,0.02,50.0,4.6
11036,rh,frontalpole,512,355.0,1340.0,2.911,0.695,0.148,0.025,7.0,0.6
11036,rh,temporalpole,822,570.0,3337.0,4.14,0.54,0.12,0.03,7.0,1.2
11036,rh,transversetemporal,459,300.0,797.0,2.373,0.385,0.105,0.017,4.0,0.3
11036,rh,insula,3204,2145.0,6355.0,2.884,0.784,0.121,0.034,36.0,4.4
11286,lh,bankssts,1740,1172.0,3018.0,2.556,0.434,0.111,0.018,15.0,1.4
11286,lh,caudalanteriorcingulate,668,440.0,1403.0,2.838,0.668,0.124,0.017,8.0,0.5
11286,lh,caudalmiddlefrontal,3259,2135.0,6110.0,2.63,0.476,0.108,0.019,29.0,2.6
11286,lh,cuneus,2716,1687.0,3243.0,1.873,0.464,0.123,0.024,30.0,2.9
11286,lh,entorhinal,503,324.0,1662.0,3.463,0.689,0.077,0.018,3.0,0.3
11286,lh,fusiform,5253,3512.0,10747.0,2.709,0.668,0.115,0.023,56.0,5.0
11286,lh,inferiorparietal,7680,5142.0,13885.0,2.457,0.454,0.105,0.018,77.0,5.8
11286,lh,inferiortemporal,4901,3407.0,10697.0,2.724,0.662,0.116,0.022,53.0,4.3
11286,lh,isthmuscingulate,1460,933.0,2347.0,2.317,0.741,0.112,0.019,15.0,1.1
11286,lh,lateraloccipital,8894,5559.0,11791.0,2.008,0.5,0.12,0.025,98.0,9.6
11286,lh,lateralorbitofrontal,3888,2634.0,8025.0,2.764,0.637,0.122,0.025,41.0,4.1
11286,lh,lingual,5057,3342.0,6940.0,1.997,0.582,0.133,0.027,62.0,6.0
11286,lh,medialorbitofrontal,2581,1831.0,5211.0,2.646,0.728,0.125,0.025,36.0,2.7
11286,lh,middletemporal,4931,3288.0,11536.0,2.81,0.694,0.11,0.019,54.0,3.9
11286,lh,parahippocampal,1186,713.0,1713.0,2.148,0.462,0.066,0.014,6.0,0.7
11286,lh,paracentral,2302,1455.0,3862.0,2.353,0.503,0.091,0.013,16.0,1.2
11286,lh,parsopercularis,2132,1451.0,4194.0,2.619,0.407,0.102,0.018,20.0,1.5
11286,lh,parsorbitalis,902,643.0,1979.0,2.486,0.611,0.136,0.032,12.0,1.1
11286,lh,parstriangularis,1558,1028.0,2728.0,2.424,0.451,0.11,0.017,15.0,1.2
11286,lh,pericalcarine,2155,1415.0,1914.0,1.528,0.438,0.128,0.025,27.0,2.4
11286,lh,postcentral,6620,4192.0,9721.0,2.086,0.638,0.091,0.014,51.0,4.1
11286,lh,posteriorcingulate,1585,1063.0,2704.0,2.313,0.563,0.107,0.015,17.0,1.2
11286,lh,precentral,7776,4932.0,14611.0,2.749,0.527,0.097,0.017,54.0,5.5
11286,lh,precuneus,6180,4118.0,10457.0,2.387,0.512,0.114,0.019,61.0,5.2
11286,lh,rostralanteriorcingulate,1219,833.0,2523.0,2.73,0.58,0.126,0.023,15.0,1.5
11286,lh,rostralmiddlefrontal,7804,5439.0,14130.0,2.328,0.54,0.128,0.025,93.0,8.3
11286,lh,superiorfrontal,11045,7280.0,23338.0,2.814,0.507,0.108,0.019,98.0,9.1
11286,lh,superiorparietal,8994,5919.0,14008.0,2.181,0.464,0.109,0.018,85.0,6.7
11286,lh,superiortemporal,5820,3760.0,12528.0,2.917,0.723,0.097,0.016,46.0,4.0
11286,lh,supramarginal,5664,3828.0,10269.0,2.563,0.515,0.116,0.02,62.0,4.7
11286,lh,frontalpole,458,343.0,1170.0,2.441,0.657,0.145,0.033,7.0,0.6
11286,lh,temporalpole,699,461.0,2256.0,3.394,1.034,0.112,0.033,6.0,1.0
11286,lh,transversetemporal,690,417.0,1056.0,2.347,0.375,0.107,0.016,8.0,0.4
11286,lh,insula,3109,2078.0,6568.0,3.079,0.835,0.106,0.026,25.0,3.3
11286,rh,bankssts,1278,861.0,2054.0,2.556,0.358,0.102,0.015,9.0,0.9
11286,rh,caudalanteriorcingulate,1016,714.0,2005.0,2.546,0.488,0.113,0.013,14.0,0.6
11286,rh,caudalmiddlefrontal,2698,1757.0,5179.0,2.628,0.429,0.098,0.014,20.0,1.7
11286,rh,cuneus,3233,1954.0,3855.0,1.858,0.482,0.119,0.026,35.0,3.6
11286,rh,entorhinal,538,341.0,2051.0,3.671,0.82,0.086,0.02,4.0,0.4
11286,rh,fusiform,4657,2996.0,8664.0,2.651,0.545,0.112,0.023,50.0,4.5
11286,rh,inferiorparietal,6776,4638.0,12744.0,2.541,0.442,0.117,0.022,74.0,6.3
11286,rh,inferiortemporal,4817,3257.0,11067.0,2.878,0.688,0.115,0.02,51.0,4.2
11286,rh,isthmuscingulate,1501,965.0,2421.0,2.208,0.857,0.104,0.018,15.0,1.1
11286,rh,lateraloccipital,8607,5643.0,12323.0,2.05,0.531,0.126,0.024,97.0,9.1
11286,rh,lateralorbitofrontal,3756,2666.0,7695.0,2.749,0.651,0.141,0.035,48.0,5.9
11286,rh,lingual,6050,3959.0,7974.0,1.907,0.537,0.128,0.029,70.0,7.6
11286,rh,medialorbitofrontal,2706,1958.0,5477.0,2.527,0.67,0.139,0.032,44.0,3.5
11286,rh,middletemporal,5250,3510.0,11608.0,2.821,0.61,0.106,0.018,52.0,4.0
11286,rh,parahippocampal,1054,632.0,1899.0,2.586,0.701,0.07,0.011,6.0,0.4
11286,rh,paracentral,2740,1632.0,4621.0,2.568,0.482,0.1,0.015,21.0,1.8
11286,rh,parsopercularis,1794,1209.0,3721.0,2.772,0.421,0.108,0.017,15.0,1.3
11286,rh,parsorbitalis,1263,853.0,3013.0,2.713,0.574,0.133,0.03,19.0,1.5
11286,rh,parstriangularis,2091,1422.0,4011.0,2.541,0.52,0.113,0.021,19.0,1.9
11286,rh,pericalcarine,2867,1845.0,2610.0,1.553,0.421,0.12,0.027,31.0,3.2
11286,rh,postcentral,6188,3874.0,8862.0,2.078,0.571,0.097,0.017,49.0,4.4
11286,rh,posteriorcingulate,1809,1229.0,3108.0,2.304,0.736,0.122,0.022,23.0,1.8
11286,rh,precentral,8112,5057.0,14395.0,2.713,0.507,0.096,0.015,57.0,5.4
11286,rh,precuneus,5418,3611.0,9435.0,2.478,0.489,0.114,0.021,54.0,4.6
11286,rh,rostralanteriorcingulate,659,481.0,1523.0,2.709,0.57,0.112,0.021,9.0,0.6
11286,rh,rostralmiddlefrontal,7703,5545.0,15424.0,2.497,0.537,0.134,0.028,96.0,9.4
11286,rh,superiorfrontal,10351,6887.0,21486.0,2.776,0.507,0.105,0.018,85.0,7.6
11286,rh,superiorparietal,8970,5914.0,13916.0,2.157,0.492,0.111,0.019,85.0,7.3
11286,rh,superiortemporal,5296,3470.0,11461.0,2.888,0.622,0.1,0.016,44.0,3.7
11286,rh,supramarginal,5935,3980.0,11277.0,2.571,0.469,0.109,0.019,57.0,4.6
11286,rh,frontalpole,415,357.0,1402.0,2.798,0.664,0.189,0.04,11.0,0.7
11286,rh,temporalpole,751,471.0,2540.0,3.686,0.946,0.123,0.037,10.0,0.9
11286,rh,transversetemporal,527,349.0,855.0,2.271,0.408,0.142,0.024,8.0,0.5
11286,rh,insula,3077,2041.0,6651.0,3.112,0.744,0.109,0.025,27.0,2.8
11318,lh,bankssts,1782,1181.0,2879.0,2.512,0.384,0.096,0.016,11.0,1.2
11318,lh,caudalanteriorcingulate,1039,654.0,1821.0,2.382,0.839,0.114,0.016,12.0,0.7
11318,lh,caudalmiddlefrontal,3941,2655.0,7419.0,2.67,0.397,0.113,0.02,36.0,3.4
11318,lh,cuneus,2619,1799.0,3039.0,1.644,0.512,0.136,0.028,30.0,3.2
11318,lh,entorhinal,751,531.0,2432.0,3.143,0.71,0.132,0.03,11.0,1.0
11318,lh,fusiform,4541,3149.0,9124.0,2.694,0.563,0.127,0.026,52.0,4.8
11318,lh,inferiorparietal,6299,4284.0,11005.0,2.352,0.417,0.113,0.02,66.0,5.2
11318,lh,inferiortemporal,5707,4071.0,12003.0,2.659,0.541,0.128,0.025,72.0,6.1
11318,lh,isthmuscingulate,1489,975.0,2410.0,2.13,0.806,0.116,0.023,31.0,1.4
11318,lh,lateraloccipital,9013,5879.0,11628.0,1.891,0.512,0.131,0.028,110.0,10.9
11318,lh,lateralorbitofrontal,3656,2533.0,7726.0,2.874,0.645,0.12,0.026,38.0,3.7
11318,lh,lingual,4919,3477.0,6249.0,1.822,0.562,0.142,0.032,66.0,6.8
11318,lh,medialorbitofrontal,3056,2135.0,5798.0,2.459,0.677,0.125,0.033,44.0,4.1
11318,lh,middletemporal,5245,3694.0,11602.0,2.754,0.541,0.119,0.021,60.0,4.7
11318,lh,parahippocampal,945,611.0,1909.0,2.845,0.749,0.106,0.024,9.0,0.8
11318,lh,paracentral,2338,1328.0,3425.0,2.459,0.515,0.092,0.018,14.0,1.9
11318,lh,parsopercularis,2370,1589.0,4796.0,2.674,0.459,0.103,0.018,19.0,1.7
11318,lh,parsorbitalis,1145,862.0,2698.0,2.657,0.556,0.15,0.034,17.0,1.6
11318,lh,parstriangularis,1793,1250.0,3183.0,2.298,0.539,0.108,0.02,14.0,1.4
11318,lh,pericalcarine,2391,1635.0,1904.0,1.38,0.369,0.135,0.029,30.0,3.1
11318,lh,postcentral,6164,3869.0,8158.0,1.91,0.566,0.097,0.016,49.0,4.2
11318,lh,posteriorcingulate,2012,1351.0,3308.0,2.276,0.741,0.117,0.021,23.0,2.0
11318,lh,precentral,8435,5334.0,14553.0,2.52,0.492,0.104,0.019,68.0,6.9
11318,lh,precuneus,5276,3486.0,8356.0,2.299,0.458,0.109,0.019,52.0,4.1
11318,lh,rostralanteriorcingulate,1236,854.0,2970.0,2.897,0.681,0.12,0.021,17.0,1.1
11318,lh,rostralmiddlefrontal,9720,7143.0,18133.0,2.309,0.532,0.128,0.025,125.0,10.2
11318,lh,superiorfrontal,11225,7598.0,23563.0,2.831,0.494,0.115,0.023,107.0,10.6
11318,lh,superiorparietal,7581,4970.0,11422.0,2.15,0.443,0.111,0.018,70.0,5.7
11318,lh,superiortemporal,6241,4115.0,13630.0,2.94,0.647,0.102,0.017,50.0,4.7
11318,lh,supramarginal,4789,3251.0,8996.0,2.554,0.436,0.115,0.021,47.0,4.3
11318,lh,frontalpole,413,324.0,1170.0,2.787,0.433,0.149,0.032,7.0,0.5
11318,lh,temporalpole,691,521.0,2691.0,3.547,0.818,0.127,0.03,9.0,0.8
11318,lh,transversetemporal,693,444.0,1143.0,2.336,0.335,0.115,0.019,6.0,0.5
11318,lh,insula,3345,2314.0,6429.0,2.804,0.797,0.131,0.039,42.0,5.5
11318,rh,bankssts,1848,1187.0,2775.0,2.508,0.412,0.092,0.015,10.0,1.1
11318,rh,caudalanteriorcingulate,1746,1128.0,3448.0,2.568,0.799,0.122,0.02,24.0,1.5
11318,rh,caudalmiddlefrontal,3260,2163.0,5698.0,2.51,0.409,0.101,0.016,26.0,2.3
11318,rh,cuneus,2590,1699.0,3276.0,1.846,0.512,0.141,0.034,33.0,3.9
11318,rh,entorhinal,703,458.0,2080.0,3.193,0.814,0.111,0.027,5.0,0.7
11318,rh,fusiform,5326,3584.0,9852.0,2.536,0.565,0.125,0.027,59.0,6.0
11318,rh,inferiorparietal,9265,6236.0,15359.0,2.275,0.421,0.117,0.021,105.0,8.2
11318,rh,inferiortemporal,5042,3437.0,9998.0,2.612,0.529,0.107,0.019,48.0,3.8
11318,rh,isthmuscingulate,1840,1193.0,2893.0,2.118,0.681,0.122,0.023,25.0,1.7
11318,rh,lateraloccipital,8082,5255.0,10677.0,1.945,0.487,0.125,0.027,97.0,9.1
11318,rh,lateralorbitofrontal,3698,2503.0,7786.0,2.977,0.758,0.129,0.031,51.0,4.9
11318,rh,lingual,5742,3798.0,7111.0,1.822,0.544,0.127,0.026,64.0,6.8
11318,rh,medialorbitofrontal,2836,1970.0,5498.0,2.444,0.659,0.115,0.027,34.0,2.9
11318,rh,middletemporal,5894,4011.0,12824.0,2.772,0.525,0.117,0.02,64.0,5.2
11318,rh,parahippocampal,1131,689.0,2171.0,2.776,0.721,0.083,0.018,7.0,0.7
11318,rh,paracentral,2422,1370.0,3308.0,2.338,0.51,0.098,0.019,19.0,1.9
11318,rh,parsopercularis,2544,1689.0,4563.0,2.537,0.54,0.109,0.021,23.0,2.1
11318,rh,parsorbitalis,1268,856.0,2548.0,2.403,0.592,0.117,0.019,13.0,1.0
11318,rh,parstriangularis,2547,1746.0,4700.0,2.405,0.494,0.108,0.019,27.0,1.9
11318,rh,pericalcarine,2471,1724.0,2050.0,1.356,0.407,0.141,0.029,31.0,3.1
11318,rh,postcentral,5644,3455.0,7069.0,1.869,0.588,0.093,0.015,43.0,3.6
11318,rh,posteriorcingulate,2092,1402.0,3684.0,2.472,0.69,0.121,0.025,27.0,2.2
11318,rh,precentral,8121,5095.0,13387.0,2.434,0.521,0.1,0.017,62.0,5.9
11318,rh,precuneus,5581,3709.0,8837.0,2.262,0.471,0.112,0.02,57.0,4.4
11318,rh,rostralanteriorcingulate,1027,748.0,2466.0,2.724,0.846,0.123,0.024,15.0,0.9
11318,rh,rostralmiddlefrontal,10256,7384.0,18413.0,2.247,0.483,0.127,0.025,128.0,10.6
11318,rh,superiorfrontal,10489,7180.0,21560.0,2.706,0.478,0.118,0.023,109.0,9.7
11318,rh,superiorparietal,8179,5350.0,11260.0,2.012,0.419,0.125,0.023,88.0,8.0
11318,rh,superiortemporal,6113,3831.0,11493.0,2.668,0.575,0.094,0.016,44.0,4.2
11318,rh,supramarginal,4570,3096.0,7961.0,2.405,0.467,0.124,0.024,53.0,4.6
11318,rh,frontalpole,393,309.0,1161.0,2.746,0.589,0.15,0.037,7.0,0.5
11318,rh,temporalpole,627,448.0,2297.0,3.69,0.773,0.129,0.035,8.0,0.8
11318,rh,transversetemporal,496,321.0,752.0,2.119,0.373,0.116,0.019,4.0,0.4
11318,rh,insula,3252,2148.0,6455.0,2.968,0.718,0.11,0.024,27.0,3.0
11329,lh,bankssts,1730,1152.0,2568.0,2.302,0.524,0.094,0.017,10.0,1.2
11329,lh,caudalanteriorcingulate,1440,924.0,2348.0,2.234,0.703,0.121,0.014,17.0,1.1
11329,lh,caudalmiddlefrontal,4969,3235.0,9312.0,2.688,0.401,0.102,0.017,42.0,3.5
11329,lh,cuneus,2989,1920.0,3561.0,1.79,0.496,0.134,0.026,33.0,3.6
11329,lh,entorhinal,791,495.0,1940.0,2.994,0.773,0.092,0.021,8.0,0.6
11329,lh,fusiform,5286,3465.0,10340.0,2.682,0.569,0.114,0.02,52.0,4.4
11329,lh,inferiorparietal,7787,5219.0,12705.0,2.337,0.413,0.12,0.021,82.0,7.2
11329,lh,inferiortemporal,6577,4445.0,13413.0,2.607,0.667,0.117,0.022,74.0,6.0
11329,lh,isthmuscingulate,2007,1322.0,3331.0,2.283,0.905,0.113,0.023,21.0,1.9
11329,lh,lateraloccipital,9192,5847.0,11636.0,1.89,0.532,0.118,0.023,96.0,9.0
11329,lh,lateralorbitofrontal,5197,3544.0,9396.0,2.626,0.513,0.121,0.022,58.0,5.0
11329,lh,lingual,5429,3705.0,7219.0,1.85,0.573,0.127,0.026,57.0,6.3
11329,lh,medialorbitofrontal,3314,2274.0,5633.0,2.303,0.604,0.121,0.024,50.0,3.4
11329,lh,middletemporal,6073,4088.0,13051.0,2.599,0.662,0.111,0.02,70.0,5.1
11329,lh,parahippocampal,1160,726.0,2387.0,2.824,0.644,0.092,0.016,10.0,0.7
11329,lh,paracentral,2504,1451.0,3647.0,2.36,0.519,0.096,0.015,17.0,1.5
11329,lh,parsopercularis,3250,2137.0,5961.0,2.546,0.398,0.104,0.017,29.0,2.3
11329,lh,parsorbitalis,1448,994.0,3189.0,2.687,0.61,0.129,0.023,20.0,1.4
11329,lh,parstriangularis,2453,1593.0,4284.0,2.445,0.484,0.117,0.017,23.0,1.9
11329,lh,pericalcarine,2682,1874.0,2237.0,1.412,0.402,0.138,0.027,31.0,3.1
11329,lh,postcentral,7472,4672.0,10619.0,2.06,0.642,0.102,0.017,60.0,5.6
11329,lh,posteriorcingulate,2891,1910.0,4955.0,2.397,0.685,0.12,0.021,33.0,2.7
11329,lh,precentral,9931,5981.0,17111.0,2.676,0.588,0.095,0.016,68.0,6.7
11329,lh,precuneus,6679,4377.0,10370.0,2.269,0.507,0.114,0.021,62.0,6.0
11329,lh,rostralanteriorcingulate,1583,1095.0,3351.0,2.614,0.632,0.122,0.023,19.0,1.5
11329,lh,rostralmiddlefrontal,10629,7282.0,18491.0,2.345,0.529,0.124,0.022,124.0,10.2
11329,lh,superiorfrontal,15161,10101.0,29359.0,2.657,0.509,0.11,0.019,135.0,12.0
11329,lh,superiorparietal,10637,6904.0,15430.0,2.091,0.467,0.112,0.019,103.0,8.6
11329,lh,superiortemporal,8413,5526.0,16401.0,2.698,0.594,0.111,0.019,76.0,6.6
11329,lh,supramarginal,7951,5312.0,14476.0,2.536,0.492,0.115,0.021,81.0,6.9
11329,lh,frontalpole,407,321.0,1038.0,2.433,0.647,0.153,0.033,6.0,0.6
11329,lh,temporalpole,775,574.0,3025.0,3.9,0.484,0.134,0.029,12.0,0.9
11329,lh,transversetemporal,920,590.0,1318.0,2.096,0.419,0.115,0.021,8.0,0.8
11329,lh,insula,4737,3112.0,9204.0,2.964,0.779,0.109,0.024,42.0,4.1
11329,rh,bankssts,1731,1171.0,2484.0,2.186,0.405,0.107,0.017,15.0,1.4
11329,rh,caudalanteriorcingulate,1058,710.0,1741.0,2.145,0.594,0.111,0.011,14.0,0.6
11329,rh,caudalmiddlefrontal,4797,3120.0,8143.0,2.458,0.455,0.104,0.017,36.0,3.6
11329,rh,cuneus,2960,1932.0,3678.0,1.682,0.531,0.125,0.025,31.0,3.3
11329,rh,entorhinal,595,390.0,1785.0,3.322,0.703,0.091,0.014,3.0,0.3
11329,rh,fusiform,5535,3547.0,10852.0,2.762,0.558,0.115,0.022,54.0,4.9
11329,rh,inferiorparietal,8918,5824.0,14912.0,2.361,0.436,0.107,0.019,83.0,7.1
11329,rh,inferiortemporal,6228,4237.0,13085.0,2.716,0.598,0.117,0.023,72.0,6.2
11329,rh,isthmuscingulate,1679,1088.0,2827.0,2.237,0.803,0.114,0.022,18.0,1.4
11329,rh,lateraloccipital,8892,5611.0,12678.0,2.076,0.57,0.123,0.025,94.0,9.9
11329,rh,lateralorbitofrontal,5146,3456.0,9170.0,2.595,0.621,0.125,0.028,62.0,6.5
11329,rh,lingual,5853,3935.0,7668.0,1.865,0.566,0.132,0.029,65.0,7.4
11329,rh,medialorbitofrontal,3711,2530.0,5841.0,2.133,0.67,0.115,0.025,44.0,3.7
11329,rh,middletemporal,6910,4578.0,14062.0,2.668,0.604,0.107,0.018,64.0,5.6
11329,rh,parahippocampal,1198,723.0,2325.0,2.725,0.717,0.081,0.013,7.0,0.5
11329,rh,paracentral,3340,1942.0,4646.0,2.319,0.468,0.09,0.013,20.0,2.0
11329,rh,parsopercularis,2786,1856.0,5065.0,2.574,0.436,0.108,0.019,25.0,2.2
11329,rh,parsorbitalis,1685,1144.0,3492.0,2.598,0.51,0.125,0.023,21.0,1.6
11329,rh,parstriangularis,3260,2202.0,5367.0,2.33,0.422,0.119,0.022,33.0,3.1
11329,rh,pericalcarine,3226,2120.0,3336.0,1.617,0.484,0.117,0.022,30.0,2.9
11329,rh,postcentral,8421,5201.0,11897.0,2.076,0.645,0.099,0.017,63.0,6.0
11329,rh,posteriorcingulate,2285,1507.0,3917.0,2.401,0.596,0.11,0.015,26.0,1.6
11329,rh,precentral,10109,6094.0,16894.0,2.589,0.556,0.094,0.016,69.0,6.6
11329,rh,precuneus,7071,4693.0,11259.0,2.295,0.494,0.115,0.02,75.0,5.9
11329,rh,rostralanteriorcingulate,1320,850.0,2565.0,2.547,0.556,0.108,0.016,13.0,0.9
11329,rh,rostralmiddlefrontal,11937,8276.0,19610.0,2.158,0.518,0.124,0.021,140.0,10.8
11329,rh,superiorfrontal,14871,9902.0,28845.0,2.654,0.561,0.115,0.02,145.0,12.5
11329,rh,superiorparietal,9508,6014.0,12836.0,1.989,0.452,0.107,0.018,83.0,7.1
11329,rh,superiortemporal,7777,5087.0,15251.0,2.709,0.564,0.109,0.019,72.0,6.1
11329,rh,supramarginal,7982,5312.0,14348.0,2.51,0.471,0.114,0.02,78.0,6.8
11329,rh,frontalpole,542,391.0,1139.0,2.381,0.492,0.171,0.04,12.0,0.9
11329,rh,temporalpole,655,457.0,2608.0,3.869,0.524,0.121,0.023,7.0,0.7
11329,rh,transversetemporal,785,487.0,984.0,2.055,0.439,0.136,0.02,10.0,0.7
11329,rh,insula,4048,2629.0,8000.0,3.03,0.672,0.106,0.02,32.0,3.2
11526,lh,bankssts,1780,1185.0,2735.0,2.257,0.442,0.094,0.015,11.0,1.1
11526,lh,caudalanteriorcingulate,825,537.0,1512.0,2.621,0.477,0.107,0.014,8.0,0.4
11526,lh,caudalmiddlefrontal,3693,2487.0,6603.0,2.544,0.325,0.107,0.018,30.0,2.8
11526,lh,cuneus,2554,1702.0,2611.0,1.508,0.365,0.134,0.025,33.0,2.8
11526,lh,entorhinal,848,563.0,2074.0,3.03,0.784,0.098,0.016,6.0,0.5
11526,lh,fusiform,4558,3171.0,9929.0,2.73,0.562,0.128,0.026,55.0,4.9
11526,lh,inferiorparietal,7263,4963.0,12534.0,2.368,0.42,0.112,0.018,73.0,5.6
11526,lh,inferiortemporal,5114,3616.0,11355.0,2.673,0.622,0.116,0.021,54.0,4.4
11526,lh,isthmuscingulate,1677,1095.0,2884.0,2.367,0.862,0.11,0.02,18.0,1.4
11526,lh,lateraloccipital,8077,5396.0,10584.0,1.885,0.49,0.138,0.029,104.0,10.9
11526,lh,lateralorbitofrontal,3955,2740.0,7533.0,2.681,0.578,0.118,0.022,43.0,3.8
11526,lh,lingual,4940,3379.0,6638.0,1.896,0.552,0.126,0.027,52.0,5.6
11526,lh,medialorbitofrontal,2582,1774.0,4485.0,2.288,0.582,0.11,0.019,32.0,1.9
11526,lh,middletemporal,5265,3645.0,11633.0,2.671,0.566,0.104,0.018,53.0,3.9
11526,lh,parahippocampal,1110,694.0,2484.0,2.961,0.744,0.079,0.015,6.0,0.6
11526,lh,paracentral,2246,1401.0,3750.0,2.447,0.439,0.098,0.014,17.0,1.3
11526,lh,parsopercularis,3246,2242.0,5875.0,2.378,0.461,0.108,0.017,33.0,2.3
11526,lh,parsorbitalis,870,660.0,2286.0,2.91,0.541,0.145,0.033,13.0,1.2
11526,lh,parstriangularis,2638,1812.0,4964.0,2.444,0.549,0.111,0.018,28.0,2.0
11526,lh,pericalcarine,2404,1669.0,1833.0,1.297,0.303,0.12,0.023,25.0,2.4
11526,lh,postcentral,7281,4641.0,9729.0,1.883,0.523,0.1,0.016,62.0,5.0
11526,lh,posteriorcingulate,2019,1350.0,3674.0,2.44,0.707,0.109,0.017,21.0,1.5
11526,lh,precentral,7612,4886.0,13187.0,2.537,0.437,0.098,0.016,54.0,5.3
11526,lh,precuneus,6266,4243.0,10687.0,2.371,0.517,0.12,0.022,65.0,5.7
11526,lh,rostralanteriorcingulate,1473,983.0,2942.0,2.555,0.648,0.111,0.02,17.0,1.1
11526,lh,rostralmiddlefrontal,9085,6589.0,16257.0,2.229,0.481,0.121,0.024,113.0,8.7
11526,lh,superiorfrontal,11441,7880.0,23663.0,2.741,0.512,0.112,0.02,105.0,9.8
11526,lh,superiorparietal,9853,6485.0,14621.0,2.141,0.446,0.11,0.019,94.0,7.8
11526,lh,superiortemporal,7422,4893.0,14243.0,2.632,0.566,0.094,0.015,58.0,4.9
11526,lh,supramarginal,7246,5066.0,12883.0,2.376,0.427,0.121,0.023,88.0,6.7
11526,lh,frontalpole,333,263.0,759.0,2.181,0.626,0.155,0.029,7.0,0.4
11526,lh,temporalpole,761,578.0,2657.0,3.397,0.61,0.126,0.027,11.0,0.8
11526,lh,transversetemporal,843,552.0,1395.0,2.245,0.361,0.092,0.016,6.0,0.5
11526,lh,insula,4236,2888.0,8115.0,2.849,0.723,0.121,0.031,45.0,5.4
11526,rh,bankssts,1607,1034.0,2378.0,2.452,0.36,0.096,0.016,10.0,1.1
11526,rh,caudalanteriorcingulate,1533,999.0,3010.0,2.591,0.61,0.106,0.017,16.0,1.0
11526,rh,caudalmiddlefrontal,3747,2608.0,6757.0,2.363,0.408,0.111,0.019,38.0,3.1
11526,rh,cuneus,3027,1982.0,3393.0,1.664,0.394,0.14,0.029,39.0,3.8
11526,rh,entorhinal,603,375.0,1834.0,3.634,0.641,0.089,0.02,4.0,0.3
11526,rh,fusiform,4758,3096.0,9176.0,2.631,0.647,0.109,0.019,46.0,3.7
11526,rh,inferiorparietal,8475,5750.0,14957.0,2.451,0.421,0.112,0.02,86.0,7.0
11526,rh,inferiortemporal,5071,3504.0,10639.0,2.668,0.586,0.108,0.02,52.0,4.2
11526,rh,isthmuscingulate,1671,1119.0,3001.0,2.366,0.819,0.11,0.02,18.0,1.3
11526,rh,lateraloccipital,8208,5346.0,11665.0,2.049,0.463,0.125,0.025,92.0,9.0
11526,rh,lateralorbitofrontal,4367,3011.0,8152.0,2.556,0.651,0.125,0.032,70.0,6.2
11526,rh,lingual,5441,3764.0,7464.0,1.934,0.572,0.137,0.028,68.0,6.5
11526,rh,medialorbitofrontal,3194,2192.0,5363.0,2.13,0.698,0.109,0.023,56.0,2.7
11526,rh,middletemporal,5775,3981.0,13713.0,2.829,0.597,0.109,0.019,63.0,4.7
11526,rh,parahippocampal,1105,703.0,2224.0,2.689,0.765,0.083,0.015,8.0,0.6
11526,rh,paracentral,3179,1955.0,5022.0,2.4,0.433,0.091,0.013,22.0,1.8
11526,rh,parsopercularis,2674,1768.0,4789.0,2.479,0.402,0.106,0.018,26.0,1.9
11526,rh,parsorbitalis,1345,962.0,3034.0,2.526,0.542,0.127,0.025,21.0,1.2
11526,rh,parstriangularis,3038,2119.0,5472.0,2.392,0.421,0.121,0.024,34.0,3.1
11526,rh,pericalcarine,2957,2053.0,2784.0,1.542,0.455,0.133,0.026,33.0,3.4
11526,rh,postcentral,7147,4537.0,9644.0,1.936,0.514,0.098,0.016,65.0,4.9
11526,rh,posteriorcingulate,2482,1683.0,4754.0,2.438,0.75,0.121,0.02,27.0,2.3
11526,rh,precentral,8502,5467.0,14507.0,2.504,0.417,0.098,0.016,61.0,5.7
11526,rh,precuneus,5898,3986.0,9567.0,2.343,0.48,0.115,0.02,59.0,4.8
11526,rh,rostralanteriorcingulate,1149,764.0,2239.0,2.546,0.535,0.105,0.016,10.0,0.8
11526,rh,rostralmiddlefrontal,8053,6074.0,14531.0,2.179,0.513,0.13,0.028,111.0,8.9
11526,rh,superiorfrontal,9537,6609.0,18883.0,2.618,0.463,0.116,0.023,93.0,9.0
11526,rh,superiorparietal,9722,6429.0,15031.0,2.178,0.453,0.112,0.019,93.0,7.8
11526,rh,superiortemporal,7013,4538.0,13499.0,2.646,0.567,0.092,0.014,55.0,4.1
11526,rh,supramarginal,5804,3920.0,10268.0,2.459,0.435,0.11,0.018,56.0,4.6
11526,rh,frontalpole,412,335.0,976.0,2.346,0.443,0.168,0.04,11.0,0.7
11526,rh,temporalpole,767,560.0,2496.0,3.264,0.595,0.115,0.022,8.0,0.8
11526,rh,transversetemporal,759,455.0,1077.0,2.043,0.359,0.09,0.015,5.0,0.4
11526,rh,insula,3994,2690.0,7147.0,2.686,0.604,0.115,0.025,41.0,3.7
11563,lh,bankssts,1408,911.0,2051.0,2.34,0.387,0.075,0.01,6.0,0.6
11563,lh,caudalanteriorcingulate,733,470.0,1239.0,2.444,0.457,0.112,0.016,8.0,0.6
11563,lh,caudalmiddlefrontal,3496,2323.0,6307.0,2.467,0.529,0.107,0.019,29.0,2.9
11563,lh,cuneus,2501,1606.0,3481.0,1.907,0.564,0.128,0.026,30.0,2.9
11563,lh,entorhinal,874,563.0,2680.0,3.195,0.924,0.106,0.022,6.0,0.9
11563,lh,fusiform,5131,3442.0,12637.0,2.851,0.799,0.119,0.021,55.0,4.6
11563,lh,inferiorparietal,6535,4341.0,10911.0,2.315,0.514,0.1,0.017,57.0,4.8
11563,lh,inferiortemporal,4114,2790.0,8648.0,2.633,0.644,0.11,0.022,45.0,3.7
11563,lh,isthmuscingulate,1935,1245.0,3884.0,2.628,0.723,0.109,0.02,22.0,1.6
11563,lh,lateraloccipital,10792,6986.0,15504.0,2.025,0.644,0.123,0.025,104.0,11.8
11563,lh,lateralorbitofrontal,4227,2823.0,7967.0,2.67,0.623,0.113,0.02,42.0,3.6
11563,lh,lingual,5384,3665.0,7780.0,1.966,0.684,0.126,0.025,56.0,5.8
11563,lh,medialorbitofrontal,2755,1910.0,5042.0,2.438,0.706,0.124,0.028,45.0,2.8
11563,lh,middletemporal,3553,2416.0,8627.0,2.918,0.763,0.115,0.023,39.0,3.4
11563,lh,parahippocampal,867,550.0,2077.0,3.074,0.927,0.097,0.016,7.0,0.6
11563,lh,paracentral,2336,1281.0,3544.0,2.553,0.565,0.079,0.014,13.0,1.3
11563,lh,parsopercularis,3095,2051.0,5719.0,2.515,0.475,0.103,0.017,28.0,2.2
11563,lh,parsorbitalis,948,656.0,2016.0,2.47,0.519,0.129,0.023,12.0,0.9
11563,lh,parstriangularis,2281,1536.0,4328.0,2.422,0.64,0.113,0.02,22.0,2.0
11563,lh,pericalcarine,2313,1582.0,2147.0,1.534,0.42,0.123,0.023,21.0,2.5
11563,lh,postcentral,6224,3905.0,8552.0,1.969,0.625,0.103,0.018,53.0,4.9
11563,lh,posteriorcingulate,1460,969.0,2623.0,2.521,0.583,0.105,0.016,15.0,1.1
11563,lh,precentral,7810,4739.0,13282.0,2.596,0.6,0.096,0.019,58.0,6.0
11563,lh,precuneus,6740,4494.0,11057.0,2.274,0.601,0.12,0.022,71.0,6.1
11563,lh,rostralanteriorcingulate,1575,1067.0,3119.0,2.689,0.663,0.11,0.02,22.0,1.4
11563,lh,rostralmiddlefrontal,8046,5571.0,13785.0,2.267,0.557,0.128,0.026,92.0,9.0
11563,lh,superiorfrontal,12018,8092.0,24724.0,2.657,0.593,0.111,0.021,109.0,10.7
11563,lh,superiorparietal,9791,6160.0,13441.0,2.05,0.528,0.103,0.019,84.0,7.9
11563,lh,superiortemporal,6141,3978.0,12918.0,2.818,0.64,0.094,0.017,46.0,4.2
11563,lh,supramarginal,5930,3971.0,10813.0,2.501,0.502,0.105,0.018,52.0,4.5
11563,lh,frontalpole,330,257.0,1033.0,2.968,0.495,0.172,0.044,7.0,0.5
11563,lh,temporalpole,802,633.0,3714.0,3.958,0.681,0.155,0.035,11.0,1.3
11563,lh,transversetemporal,1172,653.0,1805.0,2.533,0.406,0.094,0.016,10.0,0.8
11563,lh,insula,3848,2530.0,7290.0,2.864,0.878,0.102,0.023,28.0,3.7
11563,rh,bankssts,1006,644.0,1427.0,2.393,0.337,0.062,0.006,3.0,0.3
11563,rh,caudalanteriorcingulate,1167,824.0,2281.0,2.493,0.686,0.108,0.016,12.0,0.8
11563,rh,caudalmiddlefrontal,3383,2233.0,6477.0,2.589,0.54,0.106,0.018,30.0,2.5
11563,rh,cuneus,2847,1809.0,3342.0,1.76,0.465,0.127,0.028,34.0,3.5
11563,rh,entorhinal,652,421.0,1952.0,3.044,1.027,0.112,0.022,6.0,0.6
11563,rh,fusiform,4537,3049.0,10182.0,2.793,0.623,0.12,0.024,51.0,4.4
11563,rh,inferiorparietal,7298,4781.0,12568.0,2.424,0.526,0.102,0.017,64.0,5.6
11563,rh,inferiortemporal,5449,3779.0,11896.0,2.837,0.559,0.119,0.023,61.0,5.1
11563,rh,isthmuscingulate,1442,964.0,2906.0,2.667,0.689,0.12,0.024,19.0,1.4
11563,rh,lateraloccipital,10168,6788.0,16502.0,2.204,0.644,0.132,0.029,109.0,12.9
11563,rh,lateralorbitofrontal,3769,2635.0,7676.0,2.759,0.635,0.132,0.033,45.0,5.9
11563,rh,lingual,5273,3564.0,7356.0,1.96,0.679,0.124,0.027,55.0,6.0
11563,rh,medialorbitofrontal,2763,1963.0,5346.0,2.449,0.687,0.118,0.023,32.0,2.7
11563,rh,middletemporal,5142,3391.0,10894.0,2.718,0.68,0.109,0.02,51.0,4.1
11563,rh,parahippocampal,910,546.0,1743.0,2.585,0.737,0.095,0.021,10.0,0.6
11563,rh,paracentral,2827,1646.0,4619.0,2.564,0.623,0.089,0.015,18.0,1.7
11563,rh,parsopercularis,2395,1604.0,4742.0,2.662,0.426,0.121,0.021,28.0,2.1
11563,rh,parsorbitalis,1255,897.0,2993.0,2.764,0.516,0.132,0.027,16.0,1.5
11563,rh,parstriangularis,2474,1686.0,4437.0,2.409,0.534,0.125,0.025,26.0,2.7
11563,rh,pericalcarine,2091,1426.0,1720.0,1.364,0.31,0.122,0.026,19.0,2.3
11563,rh,postcentral,6958,4236.0,9093.0,1.942,0.604,0.095,0.018,54.0,5.3
11563,rh,posteriorcingulate,1505,973.0,2729.0,2.585,0.596,0.112,0.021,25.0,1.0
11563,rh,precentral,8660,5268.0,14688.0,2.566,0.599,0.1,0.02,70.0,7.1
11563,rh,precuneus,6545,4378.0,10410.0,2.229,0.617,0.112,0.019,61.0,5.3
11563,rh,rostralanteriorcingulate,1047,738.0,2318.0,2.653,0.637,0.116,0.022,12.0,1.0
11563,rh,rostralmiddlefrontal,7472,5244.0,12850.0,2.25,0.542,0.127,0.026,89.0,8.3
11563,rh,superiorfrontal,10420,7026.0,20921.0,2.688,0.593,0.116,0.022,102.0,9.9
11563,rh,superiorparietal,10682,6601.0,15854.0,2.201,0.528,0.11,0.022,96.0,9.8
11563,rh,superiortemporal,5065,3214.0,10399.0,2.815,0.719,0.099,0.019,43.0,3.9
11563,rh,supramarginal,6116,4014.0,11073.0,2.515,0.548,0.107,0.02,60.0,5.1
11563,rh,frontalpole,451,373.0,1450.0,2.792,0.615,0.177,0.047,9.0,0.9
11563,rh,temporalpole,773,577.0,3252.0,3.75,0.714,0.134,0.029,8.0,0.9
11563,rh,transversetemporal,731,343.0,1000.0,2.375,0.262,0.075,0.014,5.0,0.4
11563,rh,insula,3563,2351.0,6796.0,2.895,0.728,0.102,0.021,26.0,3.2
11628,lh,bankssts,1622,1066.0,2530.0,2.472,0.429,0.088,0.015,8.0,0.9
11628,lh,caudalanteriorcingulate,934,607.0,1578.0,2.379,0.518,0.124,0.016,14.0,0.7
11628,lh,caudalmiddlefrontal,3031,2030.0,5956.0,2.688,0.44,0.111,0.021,22.0,2.7
11628,lh,cuneus,1884,1286.0,2330.0,1.765,0.522,0.135,0.03,22.0,2.5
11628,lh,entorhinal,733,499.0,2212.0,3.338,0.78,0.112,0.02,6.0,0.6
11628,lh,fusiform,5168,3567.0,9594.0,2.425,0.629,0.12,0.026,53.0,5.4
11628,lh,inferiorparietal,5905,4002.0,10595.0,2.462,0.495,0.115,0.021,57.0,5.4
11628,lh,inferiortemporal,4590,3131.0,9137.0,2.54,0.617,0.115,0.025,51.0,4.7
11628,lh,isthmuscingulate,1121,756.0,2090.0,2.506,0.668,0.131,0.031,15.0,1.3
11628,lh,lateraloccipital,6848,4410.0,9250.0,1.933,0.602,0.131,0.029,80.0,9.1
11628,lh,lateralorbitofrontal,3511,2365.0,6487.0,2.631,0.602,0.119,0.026,33.0,3.8
11628,lh,lingual,3074,2060.0,3235.0,1.641,0.427,0.125,0.026,30.0,3.4
11628,lh,medialorbitofrontal,2796,1963.0,5011.0,2.437,0.687,0.133,0.029,47.0,3.1
11628,lh,middletemporal,4484,3031.0,10434.0,2.845,0.608,0.112,0.02,44.0,3.8
11628,lh,parahippocampal,1033,675.0,1986.0,2.596,0.762,0.098,0.017,7.0,0.7
11628,lh,paracentral,2218,1278.0,3406.0,2.481,0.567,0.091,0.021,15.0,1.9
11628,lh,parsopercularis,1825,1215.0,3519.0,2.582,0.403,0.099,0.02,13.0,1.3
11628,lh,parsorbitalis,903,628.0,2228.0,2.81,0.606,0.126,0.026,9.0,1.1
11628,lh,parstriangularis,1636,1090.0,3056.0,2.542,0.474,0.116,0.02,19.0,1.4
11628,lh,pericalcarine,1357,906.0,1365.0,1.66,0.491,0.13,0.027,15.0,1.5
11628,lh,postcentral,5917,3687.0,8810.0,2.166,0.615,0.098,0.018,44.0,4.6
11628,lh,posteriorcingulate,1587,1066.0,2816.0,2.493,0.507,0.123,0.023,19.0,1.6
11628,lh,precentral,7726,4813.0,13583.0,2.636,0.612,0.1,0.02,57.0,6.4
11628,lh,precuneus,5390,3519.0,8360.0,2.337,0.504,0.109,0.019,43.0,4.3
11628,lh,rostralanteriorcingulate,1177,762.0,2377.0,2.711,0.619,0.119,0.026,14.0,1.4
11628,lh,rostralmiddlefrontal,7266,5149.0,13379.0,2.387,0.514,0.134,0.028,88.0,8.6
11628,lh,superiorfrontal,11654,7825.0,22982.0,2.699,0.463,0.109,0.02,88.0,10.0
11628,lh,superiorparietal,7504,4841.0,11691.0,2.22,0.454,0.111,0.02,64.0,6.3
11628,lh,superiortemporal,6277,4135.0,12866.0,2.747,0.63,0.104,0.019,51.0,5.2
11628,lh,supramarginal,5122,3484.0,9371.0,2.529,0.419,0.114,0.023,46.0,4.9
11628,lh,frontalpole,317,242.0,891.0,2.766,0.62,0.167,0.042,5.0,0.6
11628,lh,temporalpole,737,610.0,2943.0,3.74,0.756,0.165,0.038,11.0,1.4
11628,lh,transversetemporal,729,471.0,1062.0,2.152,0.47,0.1,0.023,5.0,0.6
11628,lh,insula,3250,2085.0,5971.0,2.895,0.68,0.103,0.023,24.0,3.1
11628,rh,bankssts,1108,727.0,1650.0,2.453,0.452,0.078,0.011,4.0,0.5
11628,rh,caudalanteriorcingulate,1150,759.0,2073.0,2.421,0.498,0.137,0.016,20.0,0.9
11628,rh,caudalmiddlefrontal,3300,2204.0,6117.0,2.593,0.445,0.115,0.022,28.0,3.0
11628,rh,cuneus,2185,1422.0,2457.0,1.691,0.458,0.128,0.024,23.0,2.4
11628,rh,entorhinal,898,607.0,2829.0,3.342,0.836,0.118,0.025,9.0,0.9
11628,rh,fusiform,5000,3354.0,8798.0,2.431,0.543,0.109,0.019,48.0,4.1
11628,rh,inferiorparietal,7530,5097.0,13907.0,2.469,0.468,0.111,0.021,69.0,6.7
11628,rh,inferiortemporal,4486,2960.0,8609.0,2.661,0.6,0.105,0.024,45.0,4.3
11628,rh,isthmuscingulate,1331,898.0,2373.0,2.333,0.719,0.128,0.029,18.0,1.4
11628,rh,lateraloccipital,8131,5243.0,11774.0,2.066,0.634,0.127,0.025,92.0,9.1
11628,rh,lateralorbitofrontal,3269,2249.0,6097.0,2.723,0.643,0.124,0.027,35.0,4.0
11628,rh,lingual,3088,2088.0,3468.0,1.678,0.49,0.131,0.029,37.0,3.8
11628,rh,medialorbitofrontal,2786,1916.0,5133.0,2.325,0.676,0.12,0.03,39.0,3.4
11628,rh,middletemporal,4900,3343.0,10558.0,2.784,0.661,0.116,0.023,48.0,4.7
11628,rh,parahippocampal,957,604.0,1748.0,2.527,0.846,0.09,0.014,6.0,0.4
11628,rh,paracentral,2451,1412.0,3963.0,2.641,0.614,0.089,0.019,17.0,1.9
11628,rh,parsopercularis,2111,1415.0,3741.0,2.371,0.452,0.104,0.018,18.0,1.5
11628,rh,parsorbitalis,1120,780.0,2496.0,2.637,0.625,0.119,0.025,12.0,1.2
11628,rh,parstriangularis,2428,1644.0,4376.0,2.423,0.503,0.123,0.023,23.0,2.4
11628,rh,pericalcarine,1427,975.0,1265.0,1.401,0.404,0.142,0.034,18.0,2.0
11628,rh,postcentral,6067,3739.0,8938.0,2.139,0.551,0.101,0.02,46.0,5.1
11628,rh,posteriorcingulate,1848,1281.0,3427.0,2.482,0.598,0.134,0.023,25.0,2.0
11628,rh,precentral,7948,4905.0,13386.0,2.545,0.592,0.106,0.023,63.0,7.7
11628,rh,precuneus,5162,3457.0,8701.0,2.443,0.443,0.109,0.02,45.0,4.4
11628,rh,rostralanteriorcingulate,764,528.0,1742.0,2.812,0.676,0.11,0.021,7.0,0.6
11628,rh,rostralmiddlefrontal,6240,4407.0,11354.0,2.37,0.548,0.131,0.027,71.0,7.3
11628,rh,superiorfrontal,10273,6817.0,20810.0,2.775,0.519,0.111,0.023,88.0,9.6
11628,rh,superiorparietal,7616,4881.0,11356.0,2.166,0.481,0.109,0.02,64.0,6.2
11628,rh,superiortemporal,6216,4002.0,12271.0,2.708,0.703,0.1,0.019,46.0,5.4
11628,rh,supramarginal,4523,3072.0,7739.0,2.458,0.454,0.117,0.022,44.0,4.4
11628,rh,frontalpole,396,315.0,955.0,2.436,0.372,0.177,0.038,8.0,0.7
11628,rh,temporalpole,786,612.0,2805.0,3.58,0.826,0.147,0.037,10.0,1.3
11628,rh,transversetemporal,606,376.0,869.0,2.033,0.374,0.106,0.021,5.0,0.5
11628,rh,insula,3479,2300.0,6875.0,2.94,0.821,0.112,0.027,28.0,3.6
11631,lh,bankssts,1099,749.0,1406.0,2.062,0.4,0.097,0.015,6.0,0.8
11631,lh,caudalanteriorcingulate,951,630.0,1701.0,2.704,0.522,0.132,0.021,13.0,1.0
11631,lh,caudalmiddlefrontal,3431,2180.0,5585.0,2.419,0.395,0.105,0.017,27.0,2.4
11631,lh,cuneus,2618,1798.0,2929.0,1.565,0.386,0.137,0.029,35.0,3.5
11631,lh,entorhinal,549,348.0,1850.0,3.457,0.597,0.089,0.02,5.0,0.4
11631,lh,fusiform,4319,3017.0,7909.0,2.364,0.622,0.126,0.023,50.0,4.3
11631,lh,inferiorparietal,5380,3706.0,8536.0,2.147,0.464,0.117,0.02,57.0,4.7
11631,lh,inferiortemporal,4555,3212.0,9221.0,2.546,0.636,0.119,0.021,60.0,4.2
11631,lh,isthmuscingulate,1380,882.0,1924.0,2.056,0.78,0.115,0.019,17.0,1.0
11631,lh,lateraloccipital,8215,5605.0,10420.0,1.763,0.444,0.136,0.026,101.0,9.6
11631,lh,lateralorbitofrontal,3391,2339.0,6108.0,2.538,0.502,0.125,0.025,39.0,3.6
11631,lh,lingual,4729,3250.0,6114.0,1.787,0.572,0.132,0.027,57.0,5.7
11631,lh,medialorbitofrontal,2425,1674.0,4044.0,2.237,0.555,0.108,0.021,30.0,2.0
11631,lh,middletemporal,4055,2858.0,8827.0,2.642,0.638,0.122,0.021,50.0,3.6
11631,lh,parahippocampal,1006,652.0,2137.0,2.733,0.746,0.093,0.016,9.0,0.6
11631,lh,paracentral,2107,1137.0,2872.0,2.34,0.597,0.086,0.018,12.0,1.5
11631,lh,parsopercularis,2061,1409.0,3620.0,2.336,0.478,0.118,0.025,21.0,2.2
11631,lh,parsorbitalis,985,707.0,2343.0,2.667,0.494,0.136,0.026,13.0,1.2
11631,lh,parstriangularis,1745,1174.0,3033.0,2.388,0.474,0.127,0.023,19.0,1.7
11631,lh,pericalcarine,2247,1557.0,2018.0,1.428,0.323,0.137,0.03,27.0,3.0
11631,lh,postcentral,5687,3506.0,7353.0,1.91,0.506,0.099,0.017,48.0,4.1
11631,lh,posteriorcingulate,1436,985.0,2414.0,2.244,0.593,0.125,0.022,17.0,1.5
11631,lh,precentral,7562,4595.0,11517.0,2.388,0.535,0.098,0.019,59.0,5.9
11631,lh,precuneus,4753,3276.0,7378.0,2.142,0.477,0.115,0.021,48.0,4.3
11631,lh,rostralanteriorcingulate,1175,839.0,2515.0,2.65,0.678,0.131,0.034,18.0,1.6
11631,lh,rostralmiddlefrontal,7057,4915.0,11983.0,2.257,0.455,0.125,0.025,80.0,7.4
11631,lh,superiorfrontal,10294,6931.0,19008.0,2.569,0.421,0.122,0.024,105.0,10.5
11631,lh,superiorparietal,7083,4545.0,9486.0,2.021,0.438,0.119,0.022,75.0,6.2
11631,lh,superiortemporal,5463,3562.0,11174.0,2.74,0.702,0.098,0.016,45.0,3.5
11631,lh,supramarginal,4373,2984.0,7475.0,2.313,0.421,0.116,0.022,42.0,4.1
11631,lh,frontalpole,270,212.0,658.0,2.451,0.5,0.174,0.036,6.0,0.3
11631,lh,temporalpole,678,528.0,2788.0,3.78,0.508,0.141,0.028,8.0,1.0
11631,lh,transversetemporal,776,470.0,1035.0,2.098,0.357,0.127,0.02,8.0,0.6
11631,lh,insula,3386,2284.0,5887.0,2.601,0.825,0.127,0.038,48.0,5.8
11631,rh,bankssts,1039,723.0,1579.0,2.297,0.445,0.095,0.015,6.0,0.7
11631,rh,caudalanteriorcingulate,964,674.0,1896.0,2.459,0.773,0.134,0.022,13.0,0.9
11631,rh,caudalmiddlefrontal,2615,1691.0,4640.0,2.546,0.417,0.104,0.019,19.0,2.1
11631,rh,cuneus,2569,1663.0,2868.0,1.675,0.44,0.128,0.027,32.0,3.0
11631,rh,entorhinal,531,329.0,1589.0,3.472,0.58,0.069,0.01,2.0,0.2
11631,rh,fusiform,4363,3039.0,8469.0,2.443,0.679,0.129,0.024,50.0,4.4
11631,rh,inferiorparietal,6753,4607.0,10508.0,2.164,0.47,0.12,0.021,73.0,6.2
11631,rh,inferiortemporal,3868,2731.0,8058.0,2.57,0.565,0.117,0.022,46.0,3.6
11631,rh,isthmuscingulate,1394,921.0,2001.0,2.03,0.757,0.115,0.022,16.0,1.1
11631,rh,lateraloccipital,7677,5213.0,10507.0,1.879,0.479,0.134,0.025,95.0,8.5
11631,rh,lateralorbitofrontal,3372,2374.0,6021.0,2.592,0.655,0.142,0.035,50.0,5.2
11631,rh,lingual,4289,2924.0,5388.0,1.736,0.532,0.13,0.029,50.0,5.4
11631,rh,medialorbitofrontal,2748,1938.0,4544.0,2.231,0.594,0.119,0.025,38.0,3.1
11631,rh,middletemporal,4639,3198.0,9822.0,2.579,0.609,0.11,0.018,48.0,3.7
11631,rh,parahippocampal,1003,597.0,1850.0,2.562,0.739,0.086,0.016,9.0,0.5
11631,rh,paracentral,2424,1373.0,3171.0,2.232,0.545,0.107,0.024,22.0,2.6
11631,rh,parsopercularis,1704,1125.0,2979.0,2.449,0.402,0.1,0.018,15.0,1.4
11631,rh,parsorbitalis,1110,824.0,2449.0,2.525,0.535,0.156,0.036,19.0,1.8
11631,rh,parstriangularis,2279,1521.0,4040.0,2.379,0.467,0.125,0.024,26.0,2.3
11631,rh,pericalcarine,2480,1712.0,2248.0,1.454,0.328,0.137,0.029,30.0,3.0
11631,rh,postcentral,5090,3095.0,5650.0,1.716,0.481,0.093,0.016,40.0,3.4
11631,rh,posteriorcingulate,1532,1009.0,2581.0,2.338,0.662,0.121,0.022,19.0,1.3
11631,rh,precentral,7391,4507.0,10791.0,2.32,0.501,0.101,0.019,56.0,5.9
11631,rh,precuneus,4692,3172.0,7699.0,2.277,0.541,0.114,0.021,47.0,4.0
11631,rh,rostralanteriorcingulate,810,598.0,1893.0,2.68,0.585,0.133,0.026,13.0,0.9
11631,rh,rostralmiddlefrontal,6982,4994.0,12007.0,2.229,0.471,0.131,0.026,89.0,7.7
11631,rh,superiorfrontal,9933,6648.0,18398.0,2.582,0.438,0.118,0.023,93.0,9.5
11631,rh,superiorparietal,7622,4864.0,10473.0,2.03,0.465,0.112,0.021,70.0,6.6
11631,rh,superiortemporal,5732,3693.0,10673.0,2.614,0.612,0.104,0.017,53.0,4.1
11631,rh,supramarginal,4574,3103.0,7417.0,2.212,0.501,0.115,0.02,45.0,4.1
11631,rh,frontalpole,374,271.0,974.0,2.709,0.344,0.157,0.042,7.0,0.5
11631,rh,temporalpole,628,456.0,2722.0,3.882,0.654,0.136,0.026,7.0,0.7
11631,rh,transversetemporal,586,325.0,689.0,1.89,0.299,0.101,0.02,6.0,0.4
11631,rh,insula,3063,2049.0,5784.0,2.837,0.834,0.111,0.029,29.0,3.5
11773,lh,bankssts,1282,882.0,1757.0,2.172,0.402,0.09,0.014,10.0,0.7
11773,lh,caudalanteriorcingulate,991,624.0,1486.0,2.405,0.451,0.112,0.011,11.0,0.5
11773,lh,caudalmiddlefrontal,4276,2782.0,6853.0,2.355,0.423,0.111,0.02,35.0,3.6
11773,lh,cuneus,2749,1757.0,2947.0,1.648,0.434,0.132,0.027,33.0,3.3
11773,lh,entorhinal,600,355.0,1813.0,3.579,0.681,0.087,0.024,4.0,0.5
11773,lh,fusiform,4333,2993.0,8580.0,2.683,0.514,0.122,0.023,47.0,4.0
11773,lh,inferiorparietal,7931,5361.0,13183.0,2.327,0.504,0.112,0.02,78.0,6.6
11773,lh,inferiortemporal,4636,3284.0,9425.0,2.579,0.721,0.12,0.022,50.0,4.7
11773,lh,isthmuscingulate,1476,981.0,2430.0,2.224,0.792,0.114,0.021,17.0,1.3
11773,lh,lateraloccipital,8677,5640.0,11996.0,1.982,0.528,0.134,0.029,107.0,10.7
11773,lh,lateralorbitofrontal,4041,2812.0,7554.0,2.566,0.543,0.13,0.03,50.0,5.4
11773,lh,lingual,4534,2962.0,5011.0,1.65,0.518,0.123,0.025,49.0,5.0
11773,lh,medialorbitofrontal,2552,1726.0,4178.0,2.234,0.545,0.102,0.016,32.0,1.8
11773,lh,middletemporal,4696,3305.0,10687.0,2.699,0.59,0.107,0.02,50.0,4.0
11773,lh,parahippocampal,1080,658.0,1983.0,2.565,0.631,0.065,0.009,5.0,0.4
11773,lh,paracentral,2498,1364.0,3454.0,2.378,0.567,0.093,0.019,16.0,2.0
11773,lh,parsopercularis,2994,2060.0,5830.0,2.545,0.492,0.114,0.021,30.0,2.8
11773,lh,parsorbitalis,915,679.0,2204.0,2.623,0.645,0.134,0.028,13.0,1.1
11773,lh,parstriangularis,1904,1286.0,3311.0,2.361,0.389,0.107,0.018,16.0,1.4
11773,lh,pericalcarine,2315,1586.0,1766.0,1.317,0.338,0.148,0.03,31.0,3.1
11773,lh,postcentral,5736,3488.0,7206.0,1.934,0.583,0.096,0.017,46.0,4.1
11773,lh,posteriorcingulate,1899,1277.0,3152.0,2.248,0.695,0.127,0.023,25.0,1.8
11773,lh,precentral,7231,4259.0,11050.0,2.518,0.606,0.1,0.02,63.0,6.1
11773,lh,precuneus,6483,4384.0,10441.0,2.275,0.496,0.116,0.021,64.0,5.9
11773,lh,rostralanteriorcingulate,1474,1002.0,2903.0,2.487,0.505,0.121,0.022,16.0,1.4
11773,lh,rostralmiddlefrontal,8255,5923.0,14417.0,2.268,0.464,0.136,0.027,102.0,9.5
11773,lh,superiorfrontal,12023,8114.0,22052.0,2.543,0.461,0.119,0.024,116.0,12.5
11773,lh,superiorparietal,9926,6155.0,13393.0,2.048,0.415,0.101,0.017,87.0,7.1
11773,lh,superiortemporal,5601,3614.0,10331.0,2.588,0.666,0.089,0.014,42.0,3.3
11773,lh,supramarginal,5866,4143.0,10454.0,2.347,0.489,0.124,0.024,68.0,6.1
11773,lh,frontalpole,385,285.0,872.0,2.326,0.483,0.158,0.03,7.0,0.5
11773,lh,temporalpole,653,500.0,2641.0,3.913,0.682,0.166,0.05,10.0,1.7
11773,lh,transversetemporal,791,499.0,1064.0,2.026,0.5,0.102,0.02,7.0,0.6
11773,lh,insula,3643,2452.0,7187.0,2.785,0.754,0.116,0.033,38.0,4.8
11773,rh,bankssts,1357,892.0,2045.0,2.467,0.364,0.106,0.017,11.0,0.9
11773,rh,caudalanteriorcingulate,1164,816.0,2311.0,2.465,0.773,0.139,0.022,18.0,1.3
11773,rh,caudalmiddlefrontal,4385,2863.0,7096.0,2.367,0.395,0.102,0.02,36.0,4.3
11773,rh,cuneus,3571,2312.0,4246.0,1.708,0.579,0.129,0.027,39.0,4.5
11773,rh,entorhinal,548,360.0,1769.0,3.439,0.754,0.079,0.018,3.0,0.4
11773,rh,fusiform,4378,2890.0,8344.0,2.548,0.626,0.112,0.021,42.0,3.6
11773,rh,inferiorparietal,6333,4272.0,11077.0,2.409,0.434,0.111,0.02,63.0,5.2
11773,rh,inferiortemporal,4520,3175.0,9709.0,2.613,0.624,0.123,0.024,56.0,4.5
11773,rh,isthmuscingulate,1370,913.0,2317.0,2.269,0.834,0.123,0.023,18.0,1.4
11773,rh,lateraloccipital,8517,5604.0,11854.0,2.033,0.547,0.13,0.026,94.0,10.1
11773,rh,lateralorbitofrontal,3866,2756.0,7002.0,2.57,0.635,0.13,0.032,50.0,5.0
11773,rh,lingual,4717,3187.0,5586.0,1.689,0.542,0.122,0.024,49.0,5.1
11773,rh,medialorbitofrontal,3411,2334.0,5583.0,2.246,0.528,0.11,0.02,43.0,2.8
11773,rh,middletemporal,5455,3703.0,11969.0,2.771,0.514,0.099,0.016,49.0,3.8
11773,rh,parahippocampal,1057,643.0,1848.0,2.499,0.671,0.079,0.013,9.0,0.5
11773,rh,paracentral,2753,1507.0,4041.0,2.549,0.556,0.086,0.016,18.0,2.1
11773,rh,parsopercularis,1688,1140.0,3001.0,2.507,0.444,0.106,0.018,14.0,1.2
11773,rh,parsorbitalis,1055,750.0,2464.0,2.757,0.494,0.144,0.034,16.0,1.5
11773,rh,parstriangularis,1661,1137.0,3108.0,2.47,0.449,0.114,0.022,15.0,1.6
11773,rh,pericalcarine,2991,2014.0,2186.0,1.216,0.341,0.127,0.025,34.0,3.2
11773,rh,postcentral,6360,3811.0,8168.0,2.009,0.556,0.094,0.016,49.0,4.4
11773,rh,posteriorcingulate,1599,1093.0,2790.0,2.375,0.693,0.124,0.021,20.0,1.4
11773,rh,precentral,7948,4730.0,12256.0,2.45,0.592,0.102,0.019,72.0,6.6
11773,rh,precuneus,6931,4700.0,11112.0,2.274,0.541,0.117,0.022,73.0,6.3
11773,rh,rostralanteriorcingulate,1070,746.0,2097.0,2.639,0.406,0.109,0.019,11.0,0.8
11773,rh,rostralmiddlefrontal,8190,5910.0,14590.0,2.306,0.433,0.13,0.025,93.0,9.2
11773,rh,superiorfrontal,11082,7482.0,21887.0,2.733,0.452,0.121,0.025,109.0,11.2
11773,rh,superiorparietal,8654,5526.0,12277.0,2.073,0.457,0.107,0.018,77.0,6.7
11773,rh,superiortemporal,5740,3640.0,10840.0,2.67,0.584,0.087,0.015,37.0,3.5
11773,rh,supramarginal,6171,4229.0,10737.0,2.438,0.454,0.119,0.023,69.0,6.3
11773,rh,frontalpole,467,339.0,1080.0,2.554,0.478,0.169,0.04,8.0,0.8
11773,rh,temporalpole,680,549.0,2662.0,3.78,0.973,0.159,0.043,16.0,1.3
11773,rh,transversetemporal,569,302.0,804.0,2.29,0.332,0.101,0.017,6.0,0.4
11773,rh,insula,3115,2181.0,6444.0,2.886,0.794,0.13,0.036,37.0,4.6
10685,lh,bankssts,1949,1282.0,3331.0,2.571,0.482,0.097,0.016,14.0,1.2
10685,lh,caudalanteriorcingulate,871,553.0,1571.0,2.482,0.585,0.129,0.013,12.0,0.5
10685,lh,caudalmiddlefrontal,3692,2397.0,6388.0,2.502,0.37,0.113,0.02,31.0,3.1
10685,lh,cuneus,2890,1870.0,3150.0,1.699,0.467,0.133,0.025,36.0,3.3
10685,lh,entorhinal,780,509.0,2288.0,3.374,0.724,0.097,0.02,4.0,0.6
10685,lh,fusiform,4481,2915.0,9270.0,2.75,0.565,0.11,0.019,41.0,3.7
10685,lh,inferiorparietal,6671,4407.0,11017.0,2.369,0.421,0.113,0.019,63.0,5.6
10685,lh,inferiortemporal,5086,3466.0,10429.0,2.711,0.533,0.117,0.021,54.0,4.3
10685,lh,isthmuscingulate,1404,933.0,2279.0,2.143,0.721,0.114,0.02,16.0,1.2
10685,lh,lateraloccipital,8591,5548.0,10833.0,1.912,0.491,0.128,0.026,106.0,9.7
10685,lh,lateralorbitofrontal,3437,2273.0,6424.0,2.809,0.532,0.124,0.025,38.0,3.6
10685,lh,lingual,5633,3868.0,7067.0,1.822,0.586,0.136,0.03,70.0,7.3
10685,lh,medialorbitofrontal,2699,1849.0,4886.0,2.363,0.545,0.122,0.023,38.0,2.4
10685,lh,middletemporal,5007,3246.0,10152.0,2.676,0.52,0.11,0.019,49.0,4.0
10685,lh,parahippocampal,1108,691.0,2456.0,2.865,0.842,0.082,0.015,8.0,0.6
10685,lh,paracentral,2168,1196.0,3152.0,2.428,0.499,0.079,0.012,11.0,1.1
10685,lh,parsopercularis,2005,1342.0,3568.0,2.424,0.41,0.104,0.017,17.0,1.4
10685,lh,parsorbitalis,1017,695.0,2099.0,2.624,0.477,0.135,0.024,14.0,1.1
10685,lh,parstriangularis,1701,1130.0,2814.0,2.329,0.495,0.12,0.021,16.0,1.4
10685,lh,pericalcarine,2230,1529.0,1537.0,1.23,0.243,0.151,0.035,35.0,3.2
10685,lh,postcentral,6794,4177.0,9640.0,2.047,0.677,0.101,0.017,50.0,4.8
10685,lh,posteriorcingulate,1417,911.0,2403.0,2.45,0.66,0.116,0.02,15.0,1.3
10685,lh,precentral,8035,4948.0,13051.0,2.486,0.589,0.105,0.019,67.0,6.4
10685,lh,precuneus,5517,3650.0,8670.0,2.289,0.451,0.115,0.02,57.0,4.6
10685,lh,rostralanteriorcingulate,896,577.0,1658.0,2.702,0.446,0.106,0.015,8.0,0.6
10685,lh,rostralmiddlefrontal,8299,5652.0,14097.0,2.341,0.456,0.122,0.023,90.0,8.1
10685,lh,superiorfrontal,10986,7212.0,21620.0,2.76,0.448,0.111,0.02,92.0,9.4
10685,lh,superiorparietal,8796,5508.0,12233.0,2.063,0.446,0.102,0.017,69.0,6.1
10685,lh,superiortemporal,5770,3757.0,11365.0,2.69,0.621,0.098,0.015,47.0,3.8
10685,lh,supramarginal,6510,4287.0,11107.0,2.467,0.463,0.118,0.023,65.0,6.2
10685,lh,frontalpole,357,278.0,958.0,2.82,0.337,0.147,0.024,6.0,0.4
10685,lh,temporalpole,676,490.0,2226.0,3.6,0.625,0.132,0.021,8.0,0.7
10685,lh,transversetemporal,734,454.0,1040.0,2.077,0.367,0.112,0.023,6.0,0.7
10685,lh,insula,3216,2107.0,6042.0,2.991,0.723,0.11,0.023,28.0,2.9
10685,rh,bankssts,1505,951.0,2372.0,2.682,0.31,0.081,0.013,6.0,0.7
10685,rh,caudalanteriorcingulate,911,582.0,1467.0,2.212,0.638,0.125,0.012,11.0,0.5
10685,rh,caudalmiddlefrontal,3152,2015.0,5486.0,2.534,0.305,0.098,0.017,23.0,2.2
10685,rh,cuneus,3025,1886.0,3248.0,1.683,0.47,0.121,0.022,32.0,3.0
10685,rh,entorhinal,999,629.0,3539.0,3.495,0.92,0.108,0.027,10.0,0.9
10685,rh,fusiform,5568,3636.0,10350.0,2.632,0.541,0.11,0.019,61.0,4.4
10685,rh,inferiorparietal,7494,4875.0,12840.0,2.45,0.413,0.107,0.018,67.0,5.7
10685,rh,inferiortemporal,4195,2786.0,8380.0,2.644,0.555,0.109,0.017,41.0,3.1
10685,rh,isthmuscingulate,1573,1029.0,2478.0,2.24,0.764,0.115,0.02,18.0,1.4
10685,rh,lateraloccipital,9092,5861.0,11757.0,1.935,0.502,0.128,0.026,107.0,10.1
10685,rh,lateralorbitofrontal,3600,2465.0,6312.0,2.604,0.53,0.125,0.025,41.0,4.0
10685,rh,lingual,5555,3710.0,7727.0,1.968,0.632,0.13,0.027,69.0,6.6
10685,rh,medialorbitofrontal,2674,1840.0,4685.0,2.376,0.508,0.123,0.022,41.0,2.5
10685,rh,middletemporal,5112,3317.0,10779.0,2.821,0.536,0.106,0.017,49.0,4.0
10685,rh,parahippocampal,1414,877.0,2911.0,2.866,0.764,0.088,0.015,9.0,0.7
10685,rh,paracentral,2288,1310.0,3404.0,2.498,0.5,0.083,0.013,11.0,1.3
10685,rh,parsopercularis,2122,1423.0,3583.0,2.43,0.425,0.127,0.023,24.0,2.2
10685,rh,parsorbitalis,1184,804.0,2473.0,2.672,0.457,0.129,0.027,14.0,1.3
10685,rh,parstriangularis,2333,1543.0,4082.0,2.417,0.444,0.112,0.021,21.0,2.0
10685,rh,pericalcarine,2359,1656.0,1755.0,1.228,0.312,0.131,0.025,29.0,2.6
10685,rh,postcentral,7139,4459.0,9944.0,2.053,0.608,0.105,0.018,61.0,5.5
10685,rh,posteriorcingulate,1942,1297.0,3194.0,2.326,0.674,0.125,0.022,26.0,1.9
10685,rh,precentral,7926,4852.0,12205.0,2.411,0.472,0.101,0.018,61.0,5.9
10685,rh,precuneus,6155,4039.0,9996.0,2.391,0.46,0.121,0.022,67.0,5.8
10685,rh,rostralanteriorcingulate,1003,649.0,1791.0,2.641,0.405,0.126,0.018,15.0,0.7
10685,rh,rostralmiddlefrontal,9662,6728.0,16223.0,2.28,0.417,0.128,0.024,113.0,9.5
10685,rh,superiorfrontal,10064,6659.0,19037.0,2.657,0.416,0.115,0.021,89.0,8.7
10685,rh,superiorparietal,7713,4874.0,10937.0,2.104,0.42,0.112,0.018,71.0,6.1
10685,rh,superiortemporal,5206,3304.0,10710.0,2.906,0.582,0.095,0.014,37.0,3.4
10685,rh,supramarginal,5474,3606.0,9763.0,2.635,0.407,0.114,0.021,52.0,4.9
10685,rh,frontalpole,484,341.0,1036.0,2.391,0.556,0.158,0.027,9.0,0.6
10685,rh,temporalpole,633,416.0,2122.0,3.854,0.592,0.115,0.032,5.0,0.9
10685,rh,transversetemporal,529,310.0,802.0,2.493,0.455,0.13,0.023,7.0,0.4
10685,rh,insula,3237,2164.0,6191.0,2.978,0.738,0.114,0.023,31.0,2.9
10741,lh,bankssts,1576,1053.0,2378.0,2.309,0.461,0.097,0.017,10.0,1.1
10741,lh,caudalanteriorcingulate,1276,792.0,2043.0,2.293,0.577,0.103,0.011,11.0,0.7
10741,lh,caudalmiddlefrontal,3461,2239.0,6179.0,2.559,0.386,0.105,0.018,31.0,2.6
10741,lh,cuneus,2545,1650.0,2651.0,1.58,0.416,0.136,0.03,31.0,3.6
10741,lh,entorhinal,805,490.0,1946.0,3.104,0.748,0.112,0.027,8.0,0.9
10741,lh,fusiform,4648,3065.0,8885.0,2.627,0.602,0.124,0.024,55.0,4.7
10741,lh,inferiorparietal,7071,4804.0,11990.0,2.28,0.448,0.117,0.019,79.0,6.1
10741,lh,inferiortemporal,5732,3828.0,11172.0,2.593,0.614,0.111,0.022,68.0,4.9
10741,lh,isthmuscingulate,1409,906.0,2214.0,2.156,0.748,0.107,0.02,16.0,1.0
10741,lh,lateraloccipital,8324,5409.0,11212.0,1.93,0.587,0.134,0.03,103.0,10.9
10741,lh,lateralorbitofrontal,3901,2590.0,6886.0,2.558,0.566,0.12,0.026,42.0,4.1
10741,lh,lingual,4884,3389.0,5463.0,1.586,0.517,0.132,0.029,57.0,6.1
10741,lh,medialorbitofrontal,2500,1676.0,4340.0,2.396,0.676,0.104,0.021,28.0,2.2
10741,lh,middletemporal,5479,3645.0,11700.0,2.652,0.666,0.116,0.022,59.0,5.1
10741,lh,parahippocampal,998,613.0,1811.0,2.733,0.82,0.099,0.024,7.0,0.8
10741,lh,paracentral,2050,1261.0,3210.0,2.399,0.531,0.1,0.024,15.0,2.0
10741,lh,parsopercularis,2045,1364.0,3812.0,2.486,0.428,0.112,0.021,23.0,1.7
10741,lh,parsorbitalis,1217,806.0,2453.0,2.389,0.614,0.136,0.028,17.0,1.5
10741,lh,parstriangularis,2077,1378.0,3400.0,2.183,0.499,0.116,0.021,24.0,1.8
10741,lh,pericalcarine,2537,1735.0,2099.0,1.386,0.374,0.141,0.033,31.0,3.4
10741,lh,postcentral,6887,4331.0,10115.0,2.081,0.655,0.108,0.02,62.0,6.2
10741,lh,posteriorcingulate,1613,1081.0,2681.0,2.314,0.594,0.125,0.021,20.0,1.4
10741,lh,precentral,7903,4861.0,12782.0,2.488,0.641,0.104,0.022,66.0,7.0
10741,lh,precuneus,4942,3337.0,8139.0,2.313,0.498,0.124,0.023,54.0,5.0
10741,lh,rostralanteriorcingulate,1640,1079.0,3225.0,2.693,0.622,0.108,0.019,18.0,1.3
10741,lh,rostralmiddlefrontal,10176,6952.0,17663.0,2.305,0.495,0.127,0.025,124.0,10.8
10741,lh,superiorfrontal,10942,7220.0,21979.0,2.73,0.551,0.113,0.021,94.0,9.7
10741,lh,superiorparietal,7237,4758.0,10836.0,2.102,0.52,0.115,0.021,81.0,6.3
10741,lh,superiortemporal,6514,4249.0,12476.0,2.64,0.562,0.102,0.017,56.0,4.6
10741,lh,supramarginal,5051,3389.0,9208.0,2.541,0.441,0.122,0.024,55.0,5.1
10741,lh,frontalpole,342,269.0,881.0,2.513,0.53,0.171,0.04,8.0,0.5
10741,lh,temporalpole,784,546.0,2359.0,3.113,0.844,0.138,0.041,10.0,1.3
10741,lh,transversetemporal,786,469.0,1075.0,2.152,0.373,0.125,0.023,10.0,0.7
10741,lh,insula,3910,2582.0,6758.0,2.677,0.771,0.12,0.031,45.0,4.7
10741,rh,bankssts,1640,1105.0,2381.0,2.304,0.406,0.114,0.021,14.0,1.4
10741,rh,caudalanteriorcingulate,1138,768.0,2236.0,2.464,0.811,0.129,0.02,17.0,1.0
10741,rh,caudalmiddlefrontal,3240,2066.0,5912.0,2.631,0.488,0.097,0.017,21.0,2.4
10741,rh,cuneus,2632,1712.0,2969.0,1.653,0.445,0.132,0.028,29.0,3.4
10741,rh,entorhinal,632,409.0,2228.0,3.531,0.794,0.098,0.025,6.0,0.7
10741,rh,fusiform,4234,2755.0,7836.0,2.614,0.538,0.113,0.022,40.0,3.9
10741,rh,inferiorparietal,7702,5242.0,12765.0,2.258,0.514,0.123,0.024,87.0,7.8
10741,rh,inferiortemporal,5968,4078.0,12289.0,2.587,0.642,0.121,0.026,69.0,6.3
10741,rh,isthmuscingulate,1293,852.0,1955.0,2.091,0.725,0.12,0.022,17.0,1.0
10741,rh,lateraloccipital,8754,5761.0,11633.0,1.923,0.566,0.136,0.029,110.0,11.5
10741,rh,lateralorbitofrontal,3835,2600.0,6821.0,2.501,0.543,0.125,0.027,43.0,4.2
10741,rh,lingual,5330,3598.0,5894.0,1.632,0.555,0.131,0.029,61.0,6.7
10741,rh,medialorbitofrontal,2926,2067.0,5002.0,2.242,0.673,0.111,0.02,40.0,2.5
10741,rh,middletemporal,5934,4020.0,12466.0,2.601,0.646,0.12,0.022,62.0,5.6
10741,rh,parahippocampal,982,560.0,1580.0,2.397,0.702,0.078,0.019,8.0,0.7
10741,rh,paracentral,2435,1532.0,3623.0,2.276,0.674,0.122,0.03,22.0,3.2
10741,rh,parsopercularis,1922,1268.0,3457.0,2.495,0.41,0.1,0.017,15.0,1.4
10741,rh,parsorbitalis,1284,862.0,2604.0,2.463,0.63,0.129,0.024,16.0,1.3
10741,rh,parstriangularis,2360,1571.0,4269.0,2.411,0.475,0.113,0.021,26.0,2.2
10741,rh,pericalcarine,2330,1607.0,2070.0,1.467,0.439,0.147,0.032,28.0,3.0
10741,rh,postcentral,6355,3877.0,8778.0,2.019,0.62,0.101,0.019,55.0,5.1
10741,rh,posteriorcingulate,1556,1030.0,2641.0,2.41,0.573,0.118,0.02,19.0,1.4
10741,rh,precentral,7854,4874.0,12547.0,2.468,0.7,0.111,0.023,66.0,7.9
10741,rh,precuneus,5339,3516.0,8372.0,2.296,0.503,0.119,0.022,52.0,4.8
10741,rh,rostralanteriorcingulate,1135,825.0,2383.0,2.566,0.692,0.14,0.036,18.0,2.0
10741,rh,rostralmiddlefrontal,10084,7034.0,17756.0,2.259,0.508,0.13,0.026,125.0,11.2
10741,rh,superiorfrontal,10231,6756.0,20205.0,2.665,0.499,0.116,0.023,94.0,9.9
10741,rh,superiorparietal,6493,4137.0,9718.0,2.178,0.471,0.119,0.023,65.0,6.2
10741,rh,superiortemporal,6214,3988.0,12113.0,2.685,0.646,0.101,0.018,50.0,4.7
10741,rh,supramarginal,4905,3266.0,8297.0,2.323,0.526,0.117,0.022,57.0,4.6
10741,rh,frontalpole,532,396.0,1108.0,2.277,0.529,0.178,0.031,12.0,0.8
10741,rh,temporalpole,590,443.0,2318.0,3.681,0.538,0.155,0.034,9.0,0.9
10741,rh,transversetemporal,525,328.0,689.0,2.025,0.341,0.129,0.023,6.0,0.5
10741,rh,insula,3830,2588.0,6568.0,2.644,0.619,0.121,0.028,36.0,4.4
10896,lh,bankssts,1137,759.0,1555.0,2.202,0.393,0.097,0.016,6.0,0.9
10896,lh,caudalanteriorcingulate,1366,922.0,2534.0,2.493,0.444,0.117,0.018,17.0,1.1
10896,lh,caudalmiddlefrontal,3164,2052.0,5170.0,2.406,0.436,0.103,0.017,27.0,2.4
10896,lh,cuneus,2745,1734.0,3132.0,1.77,0.436,0.129,0.026,32.0,3.1
10896,lh,entorhinal,729,481.0,1871.0,2.777,0.868,0.115,0.023,5.0,0.7
10896,lh,fusiform,5123,3476.0,9711.0,2.468,0.68,0.115,0.02,55.0,4.2
10896,lh,inferiorparietal,5337,3647.0,8527.0,2.211,0.494,0.115,0.021,58.0,4.6
10896,lh,inferiortemporal,6247,4203.0,12447.0,2.57,0.615,0.109,0.019,63.0,5.0
10896,lh,isthmuscingulate,1537,1044.0,2424.0,2.112,0.779,0.119,0.025,21.0,1.6
10896,lh,lateraloccipital,9711,6326.0,12535.0,1.856,0.499,0.136,0.027,123.0,11.6
10896,lh,lateralorbitofrontal,4086,2913.0,7543.0,2.478,0.441,0.131,0.025,59.0,4.6
10896,lh,lingual,5546,3767.0,6588.0,1.718,0.555,0.129,0.026,66.0,6.4
10896,lh,medialorbitofrontal,3089,2184.0,5504.0,2.442,0.632,0.139,0.03,46.0,4.2
10896,lh,middletemporal,5142,3464.0,10478.0,2.566,0.695,0.113,0.021,55.0,4.4
10896,lh,parahippocampal,884,574.0,1861.0,2.68,0.765,0.104,0.019,9.0,0.7
10896,lh,paracentral,2226,1259.0,3100.0,2.309,0.58,0.097,0.018,17.0,1.8
10896,lh,parsopercularis,2576,1721.0,4847.0,2.546,0.48,0.115,0.019,26.0,2.0
10896,lh,parsorbitalis,1238,855.0,2608.0,2.534,0.625,0.135,0.028,15.0,1.5
10896,lh,parstriangularis,2440,1724.0,4078.0,2.201,0.512,0.131,0.024,31.0,2.6
10896,lh,pericalcarine,2949,1884.0,2841.0,1.639,0.394,0.104,0.019,22.0,2.3
10896,lh,postcentral,7030,4398.0,9569.0,1.979,0.529,0.098,0.017,53.0,5.3
10896,lh,posteriorcingulate,1892,1261.0,3210.0,2.309,0.575,0.124,0.021,24.0,1.8
10896,lh,precentral,7566,4517.0,12186.0,2.486,0.546,0.096,0.017,55.0,5.4
10896,lh,precuneus,5795,3933.0,8607.0,2.118,0.498,0.115,0.021,59.0,5.1
10896,lh,rostralanteriorcingulate,1416,947.0,2930.0,2.728,0.594,0.11,0.016,16.0,1.0
10896,lh,rostralmiddlefrontal,9729,6856.0,17057.0,2.266,0.465,0.125,0.024,111.0,10.0
10896,lh,superiorfrontal,11807,7871.0,22735.0,2.63,0.514,0.111,0.02,106.0,10.0
10896,lh,superiorparietal,9004,5965.0,12513.0,1.963,0.455,0.113,0.018,90.0,7.2
10896,lh,superiortemporal,6097,3915.0,12614.0,2.886,0.672,0.094,0.015,44.0,4.0
10896,lh,supramarginal,6077,4146.0,10561.0,2.338,0.479,0.119,0.022,60.0,5.9
10896,lh,frontalpole,437,360.0,1023.0,2.196,0.549,0.163,0.035,9.0,0.7
10896,lh,temporalpole,843,615.0,3342.0,3.687,0.715,0.136,0.037,9.0,1.2
10896,lh,transversetemporal,731,435.0,1065.0,2.282,0.365,0.11,0.021,6.0,0.6
10896,lh,insula,3707,2540.0,7413.0,3.02,0.825,0.115,0.026,33.0,4.3
10896,rh,bankssts,1360,867.0,2055.0,2.475,0.384,0.089,0.015,7.0,0.8
10896,rh,caudalanteriorcingulate,1261,885.0,2286.0,2.297,0.776,0.132,0.022,20.0,1.2
10896,rh,caudalmiddlefrontal,3683,2407.0,6434.0,2.441,0.415,0.104,0.018,31.0,2.8
10896,rh,cuneus,3304,2096.0,3862.0,1.721,0.457,0.134,0.03,41.0,4.5
10896,rh,entorhinal,626,425.0,1843.0,2.937,0.875,0.115,0.022,5.0,0.7
10896,rh,fusiform,4589,3127.0,9243.0,2.688,0.644,0.128,0.025,52.0,4.9
10896,rh,inferiorparietal,9054,6025.0,14705.0,2.248,0.452,0.114,0.021,95.0,8.0
10896,rh,inferiortemporal,5299,3597.0,10904.0,2.694,0.603,0.114,0.021,62.0,4.7
10896,rh,isthmuscingulate,1376,918.0,2165.0,2.089,0.673,0.124,0.023,17.0,1.3
10896,rh,lateraloccipital,8671,5530.0,10795.0,1.831,0.51,0.122,0.025,93.0,9.4
10896,rh,lateralorbitofrontal,4686,3304.0,8379.0,2.465,0.534,0.134,0.031,65.0,6.1
10896,rh,lingual,5768,3844.0,7192.0,1.766,0.57,0.126,0.027,65.0,7.0
10896,rh,medialorbitofrontal,3081,2197.0,5739.0,2.358,0.591,0.123,0.022,46.0,3.0
10896,rh,middletemporal,5344,3589.0,11338.0,2.73,0.586,0.114,0.021,54.0,4.7
10896,rh,parahippocampal,854,526.0,1693.0,2.744,0.838,0.092,0.016,8.0,0.5
10896,rh,paracentral,2913,1661.0,4176.0,2.387,0.588,0.095,0.017,19.0,2.3
10896,rh,parsopercularis,1844,1246.0,3468.0,2.588,0.449,0.117,0.022,18.0,1.8
10896,rh,parsorbitalis,1510,1107.0,3121.0,2.417,0.449,0.146,0.032,25.0,2.1
10896,rh,parstriangularis,2758,1897.0,4803.0,2.307,0.486,0.117,0.022,27.0,2.5
10896,rh,pericalcarine,3251,2108.0,3481.0,1.771,0.519,0.107,0.022,28.0,2.9
10896,rh,postcentral,7019,4188.0,8904.0,1.981,0.52,0.096,0.016,54.0,5.0
10896,rh,posteriorcingulate,1611,1105.0,2922.0,2.357,0.65,0.12,0.021,19.0,1.6
10896,rh,precentral,7889,4650.0,12259.0,2.467,0.505,0.091,0.016,55.0,5.2
10896,rh,precuneus,6155,4121.0,9410.0,2.22,0.481,0.109,0.02,55.0,5.0
10896,rh,rostralanteriorcingulate,1094,769.0,2322.0,2.643,0.554,0.128,0.021,16.0,1.0
10896,rh,rostralmiddlefrontal,9705,6946.0,16945.0,2.248,0.49,0.127,0.025,114.0,10.3
10896,rh,superiorfrontal,10691,7130.0,20675.0,2.637,0.563,0.109,0.021,89.0,9.4
10896,rh,superiorparietal,9343,5954.0,12670.0,2.019,0.432,0.111,0.019,89.0,7.7
10896,rh,superiortemporal,5897,3648.0,11710.0,2.817,0.632,0.088,0.015,41.0,3.9
10896,rh,supramarginal,5454,3602.0,9118.0,2.408,0.52,0.112,0.02,54.0,4.5
10896,rh,frontalpole,482,374.0,1114.0,2.272,0.512,0.162,0.033,10.0,0.7
10896,rh,temporalpole,651,481.0,2587.0,3.737,0.59,0.13,0.037,10.0,0.9
10896,rh,transversetemporal,544,311.0,757.0,2.387,0.462,0.111,0.02,5.0,0.4
10896,rh,insula,3247,2188.0,6739.0,3.144,0.857,0.113,0.025,27.0,3.4
10951,lh,bankssts,1913,1250.0,2705.0,2.308,0.391,0.087,0.013,11.0,1.0
10951,lh,caudalanteriorcingulate,1134,698.0,1945.0,2.494,0.645,0.092,0.008,10.0,0.5
10951,lh,caudalmiddlefrontal,3601,2307.0,6648.0,2.698,0.542,0.086,0.013,21.0,2.0
10951,lh,cuneus,3198,2158.0,4173.0,1.807,0.548,0.132,0.024,36.0,3.5
10951,lh,entorhinal,666,428.0,1888.0,3.264,0.71,0.103,0.021,5.0,0.6
10951,lh,fusiform,5123,3405.0,10106.0,2.816,0.663,0.111,0.019,44.0,4.0
10951,lh,inferiorparietal,7009,4756.0,12610.0,2.446,0.571,0.12,0.023,74.0,7.2
10951,lh,inferiortemporal,5213,3513.0,11290.0,2.842,0.7,0.113,0.022,54.0,4.8
10951,lh,isthmuscingulate,2076,1403.0,3557.0,2.235,0.819,0.118,0.024,25.0,1.9
10951,lh,lateraloccipital,9722,6239.0,13647.0,2.077,0.543,0.123,0.024,103.0,10.5
10951,lh,lateralorbitofrontal,4807,3255.0,9680.0,2.807,0.643,0.122,0.025,55.0,5.0
10951,lh,lingual,6818,4700.0,8581.0,1.801,0.521,0.131,0.028,73.0,8.1
10951,lh,medialorbitofrontal,3221,2127.0,5196.0,2.211,0.666,0.113,0.024,44.0,3.4
10951,lh,middletemporal,5732,3948.0,15045.0,3.008,0.663,0.117,0.022,68.0,4.9
10951,lh,parahippocampal,1436,883.0,2581.0,2.568,0.663,0.065,0.011,8.0,0.5
10951,lh,paracentral,2764,1630.0,4294.0,2.454,0.574,0.095,0.019,19.0,2.3
10951,lh,parsopercularis,3146,2119.0,5948.0,2.6,0.448,0.099,0.017,32.0,2.1
10951,lh,parsorbitalis,1424,982.0,3091.0,2.565,0.582,0.124,0.022,17.0,1.3
10951,lh,parstriangularis,2772,1874.0,5137.0,2.489,0.543,0.114,0.02,30.0,2.3
10951,lh,pericalcarine,3223,2160.0,2725.0,1.393,0.325,0.135,0.027,39.0,3.7
10951,lh,postcentral,8113,5163.0,11566.0,2.042,0.614,0.103,0.018,63.0,6.4
10951,lh,posteriorcingulate,2149,1474.0,3694.0,2.322,0.655,0.118,0.023,26.0,2.1
10951,lh,precentral,9327,5863.0,16546.0,2.642,0.625,0.102,0.021,67.0,8.4
10951,lh,precuneus,6997,4665.0,12339.0,2.503,0.553,0.12,0.023,69.0,6.9
10951,lh,rostralanteriorcingulate,1796,1183.0,3422.0,2.629,0.726,0.114,0.023,22.0,1.8
10951,lh,rostralmiddlefrontal,11339,7900.0,21879.0,2.51,0.486,0.121,0.022,123.0,10.8
10951,lh,superiorfrontal,14033,9308.0,29960.0,2.906,0.581,0.109,0.02,118.0,11.6
10951,lh,superiorparietal,11063,7289.0,16875.0,2.154,0.521,0.114,0.02,103.0,9.7
10951,lh,superiortemporal,8109,5467.0,17177.0,2.845,0.628,0.106,0.019,71.0,6.8
10951,lh,supramarginal,9534,6498.0,17698.0,2.562,0.535,0.112,0.02,90.0,7.9
10951,lh,frontalpole,541,413.0,1243.0,2.246,0.626,0.146,0.035,9.0,0.9
10951,lh,temporalpole,723,518.0,2712.0,3.854,0.834,0.122,0.023,7.0,0.7
10951,lh,transversetemporal,998,648.0,1603.0,2.258,0.426,0.09,0.018,6.0,0.7
10951,lh,insula,3691,2471.0,7956.0,3.272,0.636,0.111,0.025,31.0,3.7
10951,rh,bankssts,1697,1115.0,2880.0,2.689,0.411,0.089,0.015,8.0,1.0
10951,rh,caudalanteriorcingulate,1718,1174.0,3242.0,2.415,0.806,0.12,0.018,22.0,1.4
10951,rh,caudalmiddlefrontal,4332,2869.0,8258.0,2.655,0.462,0.105,0.019,35.0,3.3
10951,rh,cuneus,3305,2249.0,4580.0,1.901,0.542,0.146,0.032,43.0,4.5
10951,rh,entorhinal,699,412.0,1874.0,3.265,0.723,0.093,0.024,4.0,0.7
10951,rh,fusiform,5990,4161.0,11461.0,2.515,0.672,0.127,0.025,64.0,6.0
10951,rh,inferiorparietal,8989,5901.0,16087.0,2.539,0.5,0.108,0.019,80.0,7.2
10951,rh,inferiortemporal,7176,4741.0,16070.0,2.887,0.71,0.109,0.019,71.0,5.9
10951,rh,isthmuscingulate,1617,1096.0,2742.0,2.216,0.835,0.112,0.023,18.0,1.4
10951,rh,lateraloccipital,9425,6327.0,13570.0,2.109,0.512,0.136,0.029,112.0,11.9
10951,rh,lateralorbitofrontal,4793,3410.0,9542.0,2.688,0.69,0.132,0.028,68.0,6.0
10951,rh,lingual,6513,4358.0,8525.0,1.911,0.576,0.127,0.027,72.0,7.6
10951,rh,medialorbitofrontal,3844,2549.0,5965.0,2.122,0.64,0.105,0.024,58.0,3.3
10951,rh,middletemporal,7446,4957.0,17122.0,2.854,0.701,0.102,0.019,72.0,5.9
10951,rh,parahippocampal,1445,856.0,2663.0,2.702,0.751,0.062,0.009,8.0,0.5
10951,rh,paracentral,2888,1714.0,4485.0,2.542,0.542,0.092,0.016,18.0,1.9
10951,rh,parsopercularis,2373,1581.0,4817.0,2.797,0.448,0.105,0.016,22.0,1.6
10951,rh,parsorbitalis,1687,1174.0,3928.0,2.76,0.525,0.125,0.026,20.0,1.8
10951,rh,parstriangularis,2920,1986.0,5375.0,2.461,0.559,0.111,0.021,28.0,2.4
10951,rh,pericalcarine,3354,2340.0,3222.0,1.516,0.454,0.142,0.033,43.0,5.2
10951,rh,postcentral,8266,4959.0,10794.0,2.002,0.622,0.091,0.015,56.0,5.3
10951,rh,posteriorcingulate,2551,1692.0,4309.0,2.395,0.634,0.116,0.019,27.0,2.2
10951,rh,precentral,9482,5681.0,16426.0,2.691,0.731,0.097,0.019,66.0,7.6
10951,rh,precuneus,7374,5016.0,13028.0,2.506,0.52,0.116,0.021,73.0,6.7
10951,rh,rostralanteriorcingulate,1178,824.0,2614.0,2.574,0.669,0.119,0.018,15.0,1.0
10951,rh,rostralmiddlefrontal,12449,8623.0,23062.0,2.399,0.59,0.118,0.021,130.0,11.5
10951,rh,superiorfrontal,11849,7954.0,24277.0,2.784,0.563,0.111,0.02,109.0,9.6
10951,rh,superiorparietal,10749,6946.0,16302.0,2.161,0.532,0.111,0.019,93.0,9.1
10951,rh,superiortemporal,6536,4330.0,12565.0,2.711,0.575,0.095,0.017,48.0,4.6
10951,rh,supramarginal,7557,4987.0,14742.0,2.735,0.637,0.108,0.021,69.0,6.6
10951,rh,frontalpole,534,412.0,1321.0,2.454,0.655,0.166,0.043,13.0,0.9
10951,rh,temporalpole,746,566.0,3310.0,3.975,0.703,0.122,0.027,8.0,0.8
10951,rh,transversetemporal,605,402.0,1017.0,2.261,0.416,0.116,0.022,7.0,0.6
10951,rh,insula,3918,2691.0,8238.0,3.105,0.663,0.115,0.023,33.0,3.7
11066,lh,bankssts,1624,1033.0,2529.0,2.609,0.453,0.073,0.009,6.0,0.7
11066,lh,caudalanteriorcingulate,780,511.0,1476.0,3.009,0.64,0.133,0.018,12.0,0.6
11066,lh,caudalmiddlefrontal,3286,2214.0,6814.0,2.768,0.553,0.109,0.02,29.0,2.8
11066,lh,cuneus,2714,1704.0,3498.0,1.851,0.513,0.117,0.021,28.0,2.6
11066,lh,entorhinal,506,312.0,1724.0,3.654,0.599,0.097,0.021,4.0,0.4
11066,lh,fusiform,5199,3486.0,11720.0,2.834,0.636,0.115,0.022,59.0,4.5
11066,lh,inferiorparietal,5997,4108.0,11556.0,2.53,0.53,0.117,0.023,64.0,5.9
11066,lh,inferiortemporal,5064,3543.0,11623.0,2.821,0.759,0.113,0.02,57.0,4.3
11066,lh,isthmuscingulate,1163,771.0,1930.0,2.275,0.935,0.12,0.026,16.0,1.1
11066,lh,lateraloccipital,9853,6493.0,13097.0,1.918,0.557,0.135,0.028,128.0,12.1
11066,lh,lateralorbitofrontal,4230,2888.0,8724.0,2.826,0.648,0.118,0.022,51.0,4.1
11066,lh,lingual,5183,3443.0,7168.0,1.953,0.641,0.123,0.025,57.0,5.7
11066,lh,medialorbitofrontal,2745,1954.0,5525.0,2.569,0.695,0.121,0.025,41.0,2.8
11066,lh,middletemporal,4855,3211.0,12380.0,3.046,0.753,0.112,0.021,56.0,4.1
11066,lh,parahippocampal,1024,619.0,1954.0,2.695,0.748,0.061,0.009,4.0,0.3
11066,lh,paracentral,2195,1292.0,3573.0,2.56,0.448,0.089,0.013,13.0,1.2
11066,lh,parsopercularis,2352,1585.0,4739.0,2.624,0.491,0.101,0.018,23.0,1.7
11066,lh,parsorbitalis,1013,696.0,2486.0,2.789,0.727,0.11,0.018,12.0,0.8
11066,lh,parstriangularis,2286,1500.0,4363.0,2.508,0.553,0.097,0.016,18.0,1.5
11066,lh,pericalcarine,2708,1744.0,2391.0,1.525,0.464,0.116,0.023,30.0,2.6
11066,lh,postcentral,6586,4085.0,8989.0,1.98,0.694,0.092,0.016,51.0,4.8
11066,lh,posteriorcingulate,2038,1347.0,3647.0,2.512,0.687,0.118,0.019,24.0,1.9
11066,lh,precentral,7797,4881.0,14633.0,2.731,0.629,0.096,0.016,56.0,5.4
11066,lh,precuneus,6008,3953.0,10349.0,2.471,0.637,0.107,0.018,52.0,4.7
11066,lh,rostralanteriorcingulate,1134,756.0,2519.0,2.929,0.831,0.116,0.026,13.0,1.2
11066,lh,rostralmiddlefrontal,8112,5860.0,15829.0,2.371,0.594,0.124,0.024,103.0,8.2
11066,lh,superiorfrontal,11236,7611.0,25359.0,2.876,0.581,0.113,0.02,105.0,9.6
11066,lh,superiorparietal,8253,5379.0,13140.0,2.245,0.495,0.107,0.018,73.0,6.1
11066,lh,superiortemporal,6216,4040.0,13413.0,2.885,0.713,0.091,0.015,49.0,4.0
11066,lh,supramarginal,6210,4214.0,12209.0,2.526,0.624,0.115,0.021,63.0,5.1
11066,lh,frontalpole,440,355.0,1297.0,2.749,0.557,0.16,0.034,7.0,0.7
11066,lh,temporalpole,583,413.0,2477.0,3.926,0.726,0.115,0.025,8.0,0.6
11066,lh,transversetemporal,699,449.0,1194.0,2.417,0.461,0.099,0.02,6.0,0.6
11066,lh,insula,3432,2233.0,7246.0,3.169,0.773,0.102,0.022,28.0,3.0
11066,rh,bankssts,1259,808.0,2097.0,2.787,0.433,0.083,0.013,5.0,0.7
11066,rh,caudalanteriorcingulate,1093,765.0,2362.0,2.706,0.673,0.129,0.019,20.0,1.0
11066,rh,caudalmiddlefrontal,3695,2512.0,7366.0,2.639,0.49,0.105,0.017,38.0,2.7
11066,rh,cuneus,2961,1849.0,3888.0,1.882,0.594,0.128,0.025,33.0,3.5
11066,rh,entorhinal,443,271.0,1798.0,3.741,0.817,0.086,0.023,2.0,0.3
11066,rh,fusiform,5213,3425.0,10583.0,2.84,0.658,0.114,0.021,56.0,4.5
11066,rh,inferiorparietal,6942,4676.0,13006.0,2.519,0.51,0.11,0.02,68.0,5.9
11066,rh,inferiortemporal,5175,3370.0,11695.0,2.861,0.744,0.108,0.022,55.0,4.6
11066,rh,isthmuscingulate,1396,918.0,2632.0,2.416,0.907,0.119,0.023,17.0,1.2
11066,rh,lateraloccipital,8382,5263.0,12015.0,2.107,0.582,0.124,0.025,92.0,9.0
11066,rh,lateralorbitofrontal,3838,2572.0,8007.0,2.89,0.667,0.124,0.028,51.0,4.5
11066,rh,lingual,5872,3939.0,8542.0,1.989,0.669,0.133,0.027,75.0,7.0
11066,rh,medialorbitofrontal,2873,1978.0,5964.0,2.629,0.717,0.115,0.026,40.0,2.8
11066,rh,middletemporal,5758,3861.0,14910.0,3.135,0.772,0.109,0.02,61.0,4.8
11066,rh,parahippocampal,1159,714.0,2254.0,2.766,0.73,0.069,0.013,7.0,0.5
11066,rh,paracentral,2526,1437.0,3968.0,2.596,0.5,0.091,0.016,15.0,1.7
11066,rh,parsopercularis,2115,1405.0,4366.0,2.798,0.409,0.1,0.016,19.0,1.3
11066,rh,parsorbitalis,1244,844.0,2997.0,2.842,0.731,0.113,0.023,13.0,1.1
11066,rh,parstriangularis,2522,1674.0,4738.0,2.466,0.535,0.098,0.016,20.0,1.6
11066,rh,pericalcarine,3193,2045.0,2952.0,1.577,0.465,0.114,0.023,31.0,3.1
11066,rh,postcentral,5735,3516.0,7844.0,2.005,0.62,0.093,0.015,47.0,3.6
11066,rh,posteriorcingulate,1795,1195.0,3216.0,2.433,0.709,0.117,0.022,21.0,1.8
11066,rh,precentral,7553,4759.0,13461.0,2.613,0.56,0.096,0.016,55.0,5.2
11066,rh,precuneus,5713,3791.0,9980.0,2.565,0.563,0.113,0.02,56.0,4.8
11066,rh,rostralanteriorcingulate,1024,723.0,2295.0,2.814,0.483,0.116,0.023,14.0,1.0
11066,rh,rostralmiddlefrontal,8669,6171.0,16308.0,2.33,0.586,0.122,0.023,108.0,8.4
11066,rh,superiorfrontal,10853,7404.0,24752.0,2.939,0.607,0.115,0.023,116.0,9.7
11066,rh,superiorparietal,9159,5804.0,14038.0,2.211,0.501,0.105,0.018,83.0,6.9
11066,rh,superiortemporal,5857,3737.0,12470.0,2.974,0.635,0.088,0.014,46.0,3.4
11066,rh,supramarginal,6277,4207.0,12206.0,2.587,0.593,0.113,0.02,65.0,5.4
11066,rh,frontalpole,387,314.0,1084.0,2.695,0.561,0.179,0.043,10.0,0.7
11066,rh,temporalpole,449,309.0,2072.0,3.908,0.857,0.126,0.036,5.0,0.6
11066,rh,transversetemporal,642,371.0,997.0,2.358,0.374,0.098,0.015,6.0,0.4
11066,rh,insula,3496,2305.0,7531.0,3.163,0.843,0.104,0.023,29.0,3.1
11075,lh,bankssts,1560,1039.0,2505.0,2.526,0.418,0.088,0.012,8.0,0.8
11075,lh,caudalanteriorcingulate,950,608.0,1554.0,2.144,0.858,0.116,0.015,14.0,0.7
11075,lh,caudalmiddlefrontal,4102,2608.0,7072.0,2.532,0.511,0.112,0.025,38.0,4.2
11075,lh,cuneus,2650,1733.0,3690.0,1.94,0.63,0.126,0.023,27.0,2.7
11075,lh,entorhinal,541,359.0,1938.0,3.606,0.736,0.098,0.028,5.0,0.4
11075,lh,fusiform,4625,3310.0,10149.0,2.712,0.782,0.122,0.022,49.0,4.4
11075,lh,inferiorparietal,8379,5545.0,13718.0,2.288,0.535,0.11,0.02,80.0,7.1
11075,lh,inferiortemporal,5251,3717.0,11466.0,2.712,0.76,0.111,0.02,57.0,4.4
11075,lh,isthmuscingulate,1757,1209.0,2809.0,1.949,0.891,0.107,0.022,22.0,1.5
11075,lh,lateraloccipital,8692,5814.0,14587.0,2.181,0.702,0.119,0.023,81.0,8.6
11075,lh,lateralorbitofrontal,3405,2392.0,7386.0,2.696,0.726,0.127,0.027,36.0,3.8
11075,lh,lingual,5687,3747.0,7518.0,1.858,0.634,0.116,0.021,52.0,5.4
11075,lh,medialorbitofrontal,2943,2075.0,5681.0,2.476,0.881,0.126,0.026,42.0,3.1
11075,lh,middletemporal,5146,3708.0,12359.0,2.676,0.731,0.122,0.023,59.0,5.1
11075,lh,parahippocampal,950,604.0,2325.0,3.146,1.115,0.077,0.015,6.0,0.4
11075,lh,paracentral,2109,1323.0,3133.0,2.279,0.673,0.119,0.027,17.0,2.6
11075,lh,parsopercularis,2246,1492.0,4163.0,2.555,0.525,0.106,0.019,19.0,1.8
11075,lh,parsorbitalis,914,638.0,2081.0,2.552,0.69,0.142,0.03,13.0,1.1
11075,lh,parstriangularis,1658,1082.0,2793.0,2.252,0.653,0.102,0.017,13.0,1.2
11075,lh,pericalcarine,2468,1617.0,2088.0,1.431,0.417,0.111,0.024,26.0,2.6
11075,lh,postcentral,7190,4467.0,10745.0,2.145,0.657,0.101,0.02,60.0,5.9
11075,lh,posteriorcingulate,1454,974.0,2462.0,2.202,0.824,0.116,0.015,20.0,1.0
11075,lh,precentral,8440,5189.0,13752.0,2.455,0.621,0.101,0.02,59.0,7.7
11075,lh,precuneus,5176,3616.0,9662.0,2.516,0.639,0.117,0.022,48.0,4.8
11075,lh,rostralanteriorcingulate,949,638.0,1820.0,2.519,0.936,0.108,0.018,12.0,0.7
11075,lh,rostralmiddlefrontal,7631,5187.0,12960.0,2.27,0.643,0.122,0.029,81.0,8.9
11075,lh,superiorfrontal,11188,7557.0,22201.0,2.629,0.689,0.112,0.023,103.0,10.6
11075,lh,superiorparietal,9032,5901.0,14142.0,2.197,0.582,0.109,0.02,77.0,7.5
11075,lh,superiortemporal,6502,4216.0,14224.0,2.839,0.79,0.094,0.016,49.0,4.4
11075,lh,supramarginal,6492,4510.0,11226.0,2.322,0.623,0.118,0.021,69.0,6.1
11075,lh,frontalpole,374,305.0,1258.0,3.031,0.608,0.178,0.046,7.0,0.7
11075,lh,temporalpole,680,547.0,2865.0,3.728,0.829,0.142,0.03,10.0,0.8
11075,lh,transversetemporal,790,443.0,1063.0,2.224,0.416,0.109,0.015,8.0,0.4
11075,lh,insula,3794,2447.0,6932.0,2.799,0.836,0.096,0.021,25.0,3.4
11075,rh,bankssts,1744,1154.0,2823.0,2.514,0.523,0.102,0.016,12.0,1.2
11075,rh,caudalanteriorcingulate,1195,770.0,1388.0,1.793,0.575,0.115,0.013,18.0,0.7
11075,rh,caudalmiddlefrontal,3138,2049.0,5828.0,2.591,0.551,0.101,0.02,22.0,2.5
11075,rh,cuneus,2545,1563.0,3133.0,1.871,0.461,0.112,0.022,23.0,2.5
11075,rh,entorhinal,647,446.0,1941.0,3.241,0.873,0.105,0.02,4.0,0.5
11075,rh,fusiform,5328,3688.0,10553.0,2.571,0.701,0.113,0.022,54.0,5.0
11075,rh,inferiorparietal,9374,6182.0,15949.0,2.324,0.588,0.103,0.018,85.0,7.0
11075,rh,inferiortemporal,4820,3433.0,11685.0,2.841,0.701,0.115,0.022,48.0,4.5
11075,rh,isthmuscingulate,1559,1088.0,2521.0,2.018,0.898,0.114,0.026,23.0,1.6
11075,rh,lateraloccipital,7164,4699.0,11727.0,2.189,0.712,0.121,0.024,71.0,7.6
11075,rh,lateralorbitofrontal,2783,1995.0,6075.0,2.754,0.737,0.132,0.03,29.0,3.3
11075,rh,lingual,4988,3182.0,6917.0,1.943,0.663,0.107,0.021,40.0,4.6
11075,rh,medialorbitofrontal,2542,1811.0,5260.0,2.499,0.765,0.125,0.028,38.0,3.0
11075,rh,middletemporal,5169,3526.0,11845.0,2.84,0.748,0.11,0.02,51.0,4.5
11075,rh,parahippocampal,1113,675.0,2274.0,2.773,1.04,0.083,0.015,8.0,0.6
11075,rh,paracentral,2141,1355.0,3092.0,2.181,0.649,0.121,0.028,18.0,2.9
11075,rh,parsopercularis,2141,1418.0,3853.0,2.582,0.569,0.106,0.022,18.0,1.8
11075,rh,parsorbitalis,964,699.0,2092.0,2.438,0.508,0.125,0.023,11.0,0.9
11075,rh,parstriangularis,2330,1549.0,4397.0,2.452,0.664,0.118,0.024,22.0,2.3
11075,rh,pericalcarine,2284,1486.0,1971.0,1.458,0.319,0.128,0.028,24.0,2.7
11075,rh,postcentral,7149,4368.0,10814.0,2.175,0.698,0.096,0.018,64.0,5.4
11075,rh,posteriorcingulate,1736,1190.0,2961.0,2.253,0.809,0.135,0.027,23.0,2.0
11075,rh,precentral,8500,5159.0,13753.0,2.564,0.643,0.095,0.02,57.0,7.4
11075,rh,precuneus,6328,4289.0,10627.0,2.343,0.609,0.12,0.024,63.0,6.4
11075,rh,rostralanteriorcingulate,854,603.0,1815.0,2.626,0.751,0.114,0.022,11.0,0.7
11075,rh,rostralmiddlefrontal,8470,5823.0,14004.0,2.183,0.593,0.126,0.028,96.0,10.2
11075,rh,superiorfrontal,11288,7468.0,21466.0,2.569,0.65,0.113,0.026,112.0,12.0
11075,rh,superiorparietal,9053,5733.0,13241.0,2.111,0.558,0.107,0.018,80.0,6.9
11075,rh,superiortemporal,6095,3879.0,12079.0,2.743,0.709,0.095,0.017,47.0,4.4
11075,rh,supramarginal,6682,4365.0,11246.0,2.353,0.609,0.099,0.016,61.0,4.6
11075,rh,frontalpole,416,386.0,1523.0,2.89,0.565,0.21,0.054,11.0,1.2
11075,rh,temporalpole,579,420.0,2471.0,3.713,0.74,0.129,0.032,7.0,0.7
11075,rh,transversetemporal,544,302.0,800.0,2.413,0.399,0.106,0.018,6.0,0.4
11075,rh,insula,3916,2627.0,7415.0,2.808,0.907,0.104,0.025,30.0,3.8
11116,lh,bankssts,1101,747.0,1620.0,2.335,0.34,0.091,0.017,6.0,0.8
11116,lh,caudalanteriorcingulate,999,651.0,1821.0,2.737,0.63,0.119,0.016,13.0,0.8
11116,lh,caudalmiddlefrontal,3207,2137.0,5776.0,2.501,0.512,0.106,0.017,26.0,2.4
11116,lh,cuneus,1811,1178.0,2176.0,1.755,0.507,0.123,0.028,19.0,2.1
11116,lh,entorhinal,580,402.0,1605.0,2.737,0.819,0.127,0.044,9.0,1.2
11116,lh,fusiform,3977,2802.0,8575.0,2.647,0.741,0.133,0.027,55.0,4.3
11116,lh,inferiorparietal,5377,3578.0,9620.0,2.415,0.543,0.107,0.018,51.0,4.1
11116,lh,inferiortemporal,3733,2688.0,8617.0,2.749,0.666,0.123,0.022,49.0,4.1
11116,lh,isthmuscingulate,1366,879.0,2313.0,2.332,0.867,0.113,0.023,15.0,1.2
11116,lh,lateraloccipital,6982,4558.0,9648.0,1.956,0.584,0.128,0.026,81.0,7.9
11116,lh,lateralorbitofrontal,3631,2411.0,6634.0,2.699,0.569,0.118,0.022,36.0,3.3
11116,lh,lingual,4215,2720.0,4828.0,1.647,0.5,0.12,0.022,52.0,4.2
11116,lh,medialorbitofrontal,2959,2066.0,5200.0,2.348,0.661,0.115,0.022,44.0,2.7
11116,lh,middletemporal,3912,2606.0,8751.0,2.701,0.714,0.109,0.021,49.0,3.4
11116,lh,parahippocampal,1067,655.0,2092.0,2.705,0.819,0.07,0.014,5.0,0.5
11116,lh,paracentral,2102,1181.0,3271.0,2.503,0.567,0.089,0.019,14.0,1.8
11116,lh,parsopercularis,1793,1172.0,3505.0,2.679,0.524,0.101,0.019,16.0,1.5
11116,lh,parsorbitalis,906,588.0,1883.0,2.7,0.62,0.124,0.023,11.0,0.8
11116,lh,parstriangularis,1618,1067.0,2739.0,2.199,0.589,0.117,0.022,16.0,1.6
11116,lh,pericalcarine,1989,1309.0,1845.0,1.553,0.336,0.105,0.019,19.0,1.7
11116,lh,postcentral,5919,3771.0,7543.0,1.849,0.572,0.105,0.017,55.0,4.5
11116,lh,posteriorcingulate,1513,1064.0,2640.0,2.397,0.585,0.137,0.026,22.0,1.8
11116,lh,precentral,7269,4345.0,11796.0,2.514,0.567,0.093,0.017,48.0,5.4
11116,lh,precuneus,4468,3032.0,7791.0,2.409,0.56,0.119,0.021,45.0,4.2
11116,lh,rostralanteriorcingulate,1198,833.0,2433.0,2.536,0.799,0.129,0.025,20.0,1.5
11116,lh,rostralmiddlefrontal,8572,5951.0,14291.0,2.236,0.457,0.123,0.025,96.0,8.7
11116,lh,superiorfrontal,9939,6624.0,19547.0,2.645,0.568,0.107,0.02,84.0,8.4
11116,lh,superiorparietal,7488,4768.0,11502.0,2.214,0.482,0.109,0.019,68.0,6.3
11116,lh,superiortemporal,5791,3785.0,12444.0,2.832,0.741,0.097,0.017,45.0,4.3
11116,lh,supramarginal,5146,3484.0,9479.0,2.489,0.552,0.113,0.021,51.0,4.4
11116,lh,frontalpole,315,222.0,787.0,2.587,0.406,0.153,0.034,6.0,0.4
11116,lh,temporalpole,540,428.0,2789.0,3.881,0.781,0.15,0.047,7.0,1.2
11116,lh,transversetemporal,758,448.0,938.0,1.966,0.356,0.092,0.012,5.0,0.4
11116,lh,insula,3212,2097.0,6160.0,2.883,0.734,0.113,0.032,37.0,4.3
11116,rh,bankssts,1058,698.0,1437.0,2.274,0.293,0.084,0.013,5.0,0.6
11116,rh,caudalanteriorcingulate,965,602.0,1389.0,2.067,0.611,0.121,0.011,13.0,0.4
11116,rh,caudalmiddlefrontal,2645,1709.0,4814.0,2.49,0.465,0.098,0.018,20.0,1.9
11116,rh,cuneus,2182,1390.0,2692.0,1.774,0.531,0.122,0.025,24.0,2.4
11116,rh,entorhinal,511,364.0,1716.0,3.396,0.676,0.124,0.029,7.0,0.8
11116,rh,fusiform,4020,2709.0,8510.0,2.782,0.624,0.124,0.026,48.0,4.3
11116,rh,inferiorparietal,6869,4658.0,12249.0,2.39,0.499,0.115,0.02,74.0,6.1
11116,rh,inferiortemporal,3473,2405.0,8546.0,2.861,0.694,0.118,0.021,41.0,3.4
11116,rh,isthmuscingulate,1242,783.0,1835.0,1.956,0.768,0.109,0.022,14.0,1.1
11116,rh,lateraloccipital,6993,4470.0,9779.0,1.988,0.57,0.12,0.023,72.0,7.0
11116,rh,lateralorbitofrontal,3658,2528.0,6578.0,2.59,0.59,0.128,0.027,47.0,4.1
11116,rh,lingual,4640,3065.0,6214.0,1.819,0.572,0.124,0.025,54.0,5.1
11116,rh,medialorbitofrontal,2610,1839.0,4800.0,2.417,0.502,0.113,0.02,36.0,2.1
11116,rh,middletemporal,4052,2742.0,8787.0,2.669,0.729,0.109,0.019,41.0,3.2
11116,rh,parahippocampal,1048,617.0,1763.0,2.412,0.793,0.069,0.012,5.0,0.4
11116,rh,paracentral,2435,1337.0,3563.0,2.502,0.534,0.098,0.019,19.0,1.9
11116,rh,parsopercularis,1368,904.0,2612.0,2.617,0.506,0.105,0.019,12.0,1.1
11116,rh,parsorbitalis,1152,824.0,2495.0,2.618,0.576,0.141,0.031,18.0,1.5
11116,rh,parstriangularis,2144,1445.0,3672.0,2.338,0.503,0.117,0.025,25.0,2.2
11116,rh,pericalcarine,2163,1464.0,2140.0,1.557,0.401,0.119,0.024,19.0,2.3
11116,rh,postcentral,5957,3656.0,7582.0,1.881,0.545,0.092,0.016,42.0,4.1
11116,rh,posteriorcingulate,1504,986.0,2420.0,2.19,0.756,0.117,0.024,18.0,1.4
11116,rh,precentral,7250,4351.0,11208.0,2.418,0.549,0.091,0.016,45.0,5.1
11116,rh,precuneus,4963,3262.0,8420.0,2.375,0.533,0.119,0.023,49.0,4.9
11116,rh,rostralanteriorcingulate,894,593.0,1575.0,2.469,0.575,0.114,0.017,14.0,0.7
11116,rh,rostralmiddlefrontal,8728,6150.0,14738.0,2.199,0.496,0.126,0.026,97.0,9.3
11116,rh,superiorfrontal,11045,7181.0,21186.0,2.602,0.512,0.106,0.018,95.0,8.7
11116,rh,superiorparietal,7668,4938.0,11458.0,2.155,0.496,0.111,0.02,73.0,6.4
11116,rh,superiortemporal,5516,3621.0,11315.0,2.701,0.649,0.101,0.018,48.0,4.0
11116,rh,supramarginal,5102,3446.0,8836.0,2.357,0.535,0.116,0.021,52.0,4.6
11116,rh,frontalpole,451,324.0,1118.0,2.644,0.38,0.165,0.038,9.0,0.7
11116,rh,temporalpole,680,509.0,2923.0,3.812,0.657,0.151,0.033,10.0,1.0
11116,rh,transversetemporal,533,295.0,744.0,2.173,0.241,0.109,0.016,7.0,0.3
11116,rh,insula,3337,2157.0,6178.0,2.847,0.777,0.097,0.019,23.0,2.5
11168,lh,bankssts,1462,990.0,2227.0,2.423,0.437,0.101,0.014,9.0,0.9
11168,lh,caudalanteriorcingulate,934,623.0,1574.0,2.327,0.533,0.107,0.012,10.0,0.5
11168,lh,caudalmiddlefrontal,3267,2140.0,5814.0,2.531,0.37,0.103,0.017,28.0,2.4
11168,lh,cuneus,2294,1496.0,2482.0,1.608,0.359,0.124,0.022,27.0,2.3
11168,lh,entorhinal,769,474.0,1617.0,2.704,0.726,0.096,0.016,6.0,0.5
11168,lh,fusiform,5115,3445.0,9820.0,2.477,0.574,0.116,0.02,57.0,4.4
11168,lh,inferiorparietal,7139,4956.0,11561.0,2.214,0.423,0.121,0.022,82.0,6.6
11168,lh,inferiortemporal,6059,4254.0,12210.0,2.568,0.513,0.109,0.019,63.0,4.8
11168,lh,isthmuscingulate,1579,1048.0,2609.0,2.168,0.79,0.119,0.023,21.0,1.4
11168,lh,lateraloccipital,6986,4485.0,9202.0,1.906,0.491,0.125,0.025,81.0,7.6
11168,lh,lateralorbitofrontal,3980,2692.0,7148.0,2.564,0.541,0.119,0.022,40.0,3.7
11168,lh,lingual,3879,2616.0,4874.0,1.829,0.544,0.132,0.026,50.0,4.4
11168,lh,medialorbitofrontal,2371,1683.0,4252.0,2.284,0.548,0.107,0.02,31.0,1.9
11168,lh,middletemporal,5375,3719.0,11122.0,2.532,0.562,0.118,0.02,59.0,4.8
11168,lh,parahippocampal,1087,680.0,2157.0,2.916,0.841,0.106,0.033,10.0,0.9
11168,lh,paracentral,2105,1251.0,3028.0,2.358,0.557,0.102,0.016,15.0,1.4
11168,lh,parsopercularis,2427,1605.0,4474.0,2.459,0.504,0.096,0.014,18.0,1.5
11168,lh,parsorbitalis,1029,688.0,2152.0,2.525,0.485,0.113,0.019,11.0,0.9
11168,lh,parstriangularis,2169,1450.0,3522.0,2.226,0.503,0.114,0.017,22.0,1.6
11168,lh,pericalcarine,2245,1593.0,2186.0,1.556,0.459,0.134,0.033,26.0,3.3
11168,lh,postcentral,5900,3762.0,7857.0,1.899,0.522,0.1,0.017,49.0,4.2
11168,lh,posteriorcingulate,1719,1155.0,2948.0,2.373,0.614,0.117,0.02,18.0,1.6
11168,lh,precentral,7660,4739.0,12638.0,2.503,0.477,0.097,0.016,59.0,5.4
11168,lh,precuneus,5381,3602.0,8196.0,2.194,0.485,0.102,0.016,49.0,3.6
11168,lh,rostralanteriorcingulate,1339,916.0,2730.0,2.636,0.619,0.131,0.029,20.0,1.8
11168,lh,rostralmiddlefrontal,8825,6263.0,15078.0,2.194,0.489,0.128,0.025,109.0,9.1
11168,lh,superiorfrontal,10818,7248.0,20967.0,2.62,0.481,0.111,0.02,94.0,8.9
11168,lh,superiorparietal,7691,5087.0,10629.0,1.948,0.39,0.105,0.017,72.0,5.3
11168,lh,superiortemporal,6226,4132.0,11439.0,2.485,0.598,0.097,0.016,47.0,4.3
11168,lh,supramarginal,6744,4664.0,11542.0,2.269,0.481,0.12,0.022,76.0,6.2
11168,lh,frontalpole,381,302.0,935.0,2.449,0.561,0.178,0.042,9.0,0.6
11168,lh,temporalpole,714,531.0,2389.0,3.435,0.77,0.124,0.027,9.0,0.8
11168,lh,transversetemporal,632,390.0,894.0,2.159,0.31,0.108,0.016,6.0,0.4
11168,lh,insula,4061,2715.0,7585.0,2.754,0.685,0.117,0.03,42.0,4.7
11168,rh,bankssts,1640,1088.0,2524.0,2.508,0.366,0.108,0.018,12.0,1.2
11168,rh,caudalanteriorcingulate,1189,777.0,2008.0,2.236,0.691,0.115,0.015,14.0,0.7
11168,rh,caudalmiddlefrontal,3202,2127.0,5477.0,2.304,0.42,0.105,0.017,27.0,2.5
11168,rh,cuneus,2354,1514.0,2630.0,1.64,0.369,0.127,0.024,27.0,2.5
11168,rh,entorhinal,815,546.0,1891.0,2.631,0.896,0.15,0.051,16.0,1.8
11168,rh,fusiform,5019,3302.0,9498.0,2.515,0.515,0.108,0.021,55.0,4.2
11168,rh,inferiorparietal,9110,6159.0,15071.0,2.257,0.45,0.112,0.02,95.0,7.6
11168,rh,inferiortemporal,5766,3901.0,10904.0,2.517,0.512,0.113,0.021,70.0,4.6
11168,rh,isthmuscingulate,1430,951.0,2275.0,2.126,0.721,0.12,0.024,18.0,1.2
11168,rh,lateraloccipital,7743,4813.0,10195.0,1.964,0.485,0.116,0.021,80.0,7.0
11168,rh,lateralorbitofrontal,4319,2884.0,6838.0,2.36,0.576,0.111,0.021,44.0,3.8
11168,rh,lingual,4560,3075.0,6259.0,1.962,0.535,0.13,0.028,56.0,5.4
11168,rh,medialorbitofrontal,2994,2091.0,5133.0,2.2,0.554,0.112,0.021,42.0,2.3
11168,rh,middletemporal,5661,3879.0,10932.0,2.468,0.571,0.116,0.02,63.0,4.6
11168,rh,parahippocampal,898,551.0,1511.0,2.382,0.684,0.088,0.017,8.0,0.5
11168,rh,paracentral,2352,1343.0,3326.0,2.365,0.447,0.092,0.015,14.0,1.5
11168,rh,parsopercularis,2076,1385.0,3799.0,2.511,0.427,0.116,0.019,21.0,1.8
11168,rh,parsorbitalis,1447,1016.0,3053.0,2.403,0.567,0.125,0.023,17.0,1.4
11168,rh,parstriangularis,2576,1744.0,4411.0,2.26,0.483,0.11,0.019,24.0,2.2
11168,rh,pericalcarine,2359,1601.0,2286.0,1.574,0.419,0.121,0.022,23.0,2.4
11168,rh,postcentral,6279,3915.0,8408.0,1.956,0.499,0.089,0.014,47.0,3.7
11168,rh,posteriorcingulate,2174,1439.0,3625.0,2.257,0.659,0.119,0.02,24.0,2.1
11168,rh,precentral,7735,4697.0,12146.0,2.432,0.456,0.089,0.013,48.0,4.5
11168,rh,precuneus,5266,3554.0,7921.0,2.152,0.484,0.111,0.019,51.0,4.2
11168,rh,rostralanteriorcingulate,1001,725.0,2043.0,2.465,0.64,0.116,0.021,12.0,0.8
11168,rh,rostralmiddlefrontal,9762,6937.0,15828.0,2.072,0.477,0.116,0.021,105.0,8.3
11168,rh,superiorfrontal,9739,6732.0,18160.0,2.456,0.507,0.12,0.023,97.0,9.0
11168,rh,superiorparietal,7310,4741.0,9492.0,1.903,0.419,0.104,0.016,67.0,5.0
11168,rh,superiortemporal,6097,3972.0,11023.0,2.48,0.56,0.1,0.018,51.0,4.5
11168,rh,supramarginal,5428,3623.0,8993.0,2.349,0.467,0.11,0.018,56.0,4.4
11168,rh,frontalpole,377,302.0,952.0,2.494,0.695,0.189,0.056,10.0,0.9
11168,rh,temporalpole,771,523.0,2604.0,3.496,0.632,0.114,0.031,7.0,0.9
11168,rh,transversetemporal,559,346.0,846.0,2.207,0.282,0.124,0.018,7.0,0.4
11168,rh,insula,3551,2403.0,6678.0,2.792,0.587,0.117,0.025,35.0,3.8
11316,lh,bankssts,1551,1018.0,2385.0,2.393,0.403,0.09,0.014,8.0,1.0
11316,lh,caudalanteriorcingulate,1049,652.0,1774.0,2.491,0.618,0.093,0.01,9.0,0.5
11316,lh,caudalmiddlefrontal,4299,2825.0,8574.0,2.775,0.423,0.101,0.017,32.0,3.3
11316,lh,cuneus,2355,1597.0,2856.0,1.75,0.479,0.14,0.031,28.0,3.1
11316,lh,entorhinal,688,430.0,2079.0,3.217,0.907,0.094,0.019,4.0,0.6
11316,lh,fusiform,5965,4003.0,12351.0,2.715,0.57,0.112,0.023,64.0,5.7
11316,lh,inferiorparietal,6275,4177.0,10733.0,2.372,0.479,0.107,0.018,54.0,4.9
11316,lh,inferiortemporal,6019,4230.0,13343.0,2.692,0.643,0.121,0.021,73.0,5.6
11316,lh,isthmuscingulate,1848,1199.0,3125.0,2.172,0.925,0.108,0.021,21.0,1.6
11316,lh,lateraloccipital,8399,5618.0,12990.0,2.093,0.586,0.131,0.027,96.0,9.7
11316,lh,lateralorbitofrontal,4275,2888.0,8634.0,2.858,0.561,0.122,0.027,44.0,4.9
11316,lh,lingual,3792,2522.0,4515.0,1.741,0.6,0.125,0.023,42.0,3.8
11316,lh,medialorbitofrontal,3047,2067.0,5441.0,2.393,0.599,0.111,0.023,40.0,2.9
11316,lh,middletemporal,5375,3615.0,11522.0,2.617,0.685,0.109,0.02,56.0,4.2
11316,lh,parahippocampal,1146,717.0,2180.0,2.634,0.773,0.085,0.015,8.0,0.6
11316,lh,paracentral,2441,1399.0,3792.0,2.549,0.527,0.088,0.018,15.0,1.9
11316,lh,parsopercularis,2350,1568.0,4722.0,2.77,0.454,0.11,0.023,23.0,1.9
11316,lh,parsorbitalis,1112,789.0,2690.0,2.674,0.582,0.141,0.026,17.0,1.2
11316,lh,parstriangularis,2137,1429.0,3995.0,2.466,0.513,0.107,0.018,18.0,1.7
11316,lh,pericalcarine,2258,1503.0,1885.0,1.381,0.35,0.138,0.027,29.0,2.7
11316,lh,postcentral,6576,4084.0,9086.0,2.003,0.685,0.102,0.019,53.0,5.1
11316,lh,posteriorcingulate,2066,1385.0,3433.0,2.42,0.545,0.119,0.02,24.0,1.8
11316,lh,precentral,8280,5075.0,14811.0,2.705,0.606,0.102,0.02,62.0,6.8
11316,lh,precuneus,6110,4171.0,10612.0,2.431,0.561,0.122,0.024,62.0,6.3
11316,lh,rostralanteriorcingulate,1359,878.0,2886.0,2.827,0.646,0.105,0.017,14.0,1.0
11316,lh,rostralmiddlefrontal,9677,6733.0,18034.0,2.451,0.519,0.123,0.024,108.0,9.8
11316,lh,superiorfrontal,13157,8732.0,28432.0,2.83,0.575,0.111,0.021,115.0,11.8
11316,lh,superiorparietal,9588,5976.0,14067.0,2.138,0.519,0.102,0.018,81.0,7.2
11316,lh,superiortemporal,6685,4388.0,13343.0,2.742,0.673,0.108,0.019,64.0,5.4
11316,lh,supramarginal,6852,4596.0,12337.0,2.435,0.55,0.115,0.02,71.0,5.8
11316,lh,frontalpole,372,298.0,1068.0,2.798,0.581,0.168,0.041,8.0,0.6
11316,lh,temporalpole,774,573.0,2881.0,3.674,0.805,0.133,0.035,9.0,1.1
11316,lh,transversetemporal,703,442.0,1029.0,2.193,0.512,0.114,0.021,7.0,0.5
11316,lh,insula,3726,2433.0,7193.0,2.974,0.873,0.11,0.028,34.0,4.2
11316,rh,bankssts,1658,1097.0,2937.0,2.569,0.394,0.105,0.017,12.0,1.3
11316,rh,caudalanteriorcingulate,1296,857.0,2416.0,2.376,0.738,0.102,0.012,13.0,0.7
11316,rh,caudalmiddlefrontal,3597,2397.0,6300.0,2.471,0.422,0.104,0.017,30.0,2.6
11316,rh,cuneus,2840,1828.0,3468.0,1.826,0.506,0.139,0.029,35.0,3.6
11316,rh,entorhinal,758,476.0,2062.0,3.047,0.822,0.096,0.016,5.0,0.6
11316,rh,fusiform,5536,3636.0,11618.0,2.733,0.623,0.108,0.021,58.0,4.5
11316,rh,inferiorparietal,8826,5775.0,15578.0,2.469,0.492,0.107,0.019,83.0,7.2
11316,rh,inferiortemporal,4825,3250.0,10335.0,2.72,0.64,0.111,0.02,52.0,4.0
11316,rh,isthmuscingulate,1617,1073.0,2646.0,2.137,0.838,0.111,0.022,18.0,1.3
11316,rh,lateraloccipital,8504,5694.0,13284.0,2.133,0.613,0.129,0.025,95.0,9.3
11316,rh,lateralorbitofrontal,4233,2903.0,8906.0,2.874,0.644,0.123,0.026,47.0,4.6
11316,rh,lingual,4863,3221.0,6250.0,1.815,0.61,0.127,0.024,57.0,5.0
11316,rh,medialorbitofrontal,3684,2453.0,6782.0,2.442,0.626,0.103,0.017,45.0,2.5
11316,rh,middletemporal,5900,3896.0,13639.0,2.836,0.639,0.11,0.018,62.0,4.5
11316,rh,parahippocampal,1149,720.0,2473.0,2.83,0.917,0.098,0.016,10.0,0.7
11316,rh,paracentral,2745,1536.0,4050.0,2.5,0.531,0.093,0.016,19.0,2.0
11316,rh,parsopercularis,2200,1437.0,4032.0,2.524,0.511,0.099,0.018,18.0,1.7
11316,rh,parsorbitalis,1230,844.0,3068.0,2.864,0.567,0.128,0.027,16.0,1.2
11316,rh,parstriangularis,2223,1482.0,3955.0,2.36,0.598,0.109,0.018,20.0,1.7
11316,rh,pericalcarine,2190,1469.0,2125.0,1.532,0.39,0.128,0.028,23.0,2.6
11316,rh,postcentral,7170,4344.0,9768.0,2.026,0.682,0.096,0.017,56.0,5.2
11316,rh,posteriorcingulate,2267,1505.0,3922.0,2.386,0.71,0.125,0.021,26.0,2.1
11316,rh,precentral,9435,5732.0,15975.0,2.599,0.579,0.102,0.02,72.0,8.1
11316,rh,precuneus,6520,4266.0,11004.0,2.488,0.537,0.115,0.021,65.0,5.9
11316,rh,rostralanteriorcingulate,1059,770.0,2451.0,2.642,0.647,0.132,0.023,15.0,1.1
11316,rh,rostralmiddlefrontal,9540,6777.0,17443.0,2.311,0.546,0.126,0.025,110.0,9.9
11316,rh,superiorfrontal,11307,7467.0,23661.0,2.836,0.562,0.11,0.021,95.0,10.1
11316,rh,superiorparietal,9619,5907.0,14296.0,2.191,0.574,0.107,0.02,88.0,8.0
11316,rh,superiortemporal,6288,4030.0,12681.0,2.747,0.668,0.095,0.015,46.0,3.9
11316,rh,supramarginal,6757,4433.0,12185.0,2.533,0.513,0.107,0.018,61.0,5.1
11316,rh,frontalpole,451,338.0,1330.0,2.824,0.515,0.153,0.034,8.0,0.7
11316,rh,temporalpole,642,455.0,3134.0,3.997,0.714,0.128,0.027,8.0,0.6
11316,rh,transversetemporal,689,413.0,1017.0,2.119,0.43,0.096,0.015,5.0,0.4
11316,rh,insula,3456,2257.0,7051.0,3.083,0.843,0.108,0.024,28.0,3.4
11326,lh,bankssts,1119,750.0,1993.0,2.66,0.438,0.107,0.022,9.0,1.0
11326,lh,caudalanteriorcingulate,874,577.0,1687.0,2.461,0.832,0.111,0.019,11.0,0.7
11326,lh,caudalmiddlefrontal,2738,1780.0,5034.0,2.614,0.442,0.098,0.016,20.0,1.8
11326,lh,cuneus,2839,1957.0,3707.0,1.78,0.534,0.144,0.031,36.0,4.2
11326,lh,entorhinal,681,461.0,2169.0,3.196,0.836,0.101,0.021,4.0,0.6
11326,lh,fusiform,4262,2901.0,10122.0,2.892,0.625,0.119,0.024,47.0,4.3
11326,lh,inferiorparietal,6033,4084.0,11583.0,2.535,0.58,0.115,0.019,59.0,5.3
11326,lh,inferiortemporal,3753,2616.0,8912.0,3.01,0.661,0.119,0.022,41.0,3.6
11326,lh,isthmuscingulate,1525,1007.0,2701.0,2.188,0.917,0.118,0.025,21.0,1.7
11326,lh,lateraloccipital,7975,5229.0,12497.0,2.188,0.755,0.123,0.024,86.0,8.4
11326,lh,lateralorbitofrontal,3748,2620.0,7785.0,2.679,0.629,0.118,0.022,45.0,3.6
11326,lh,lingual,5142,3552.0,7395.0,1.977,0.686,0.132,0.028,62.0,6.2
11326,lh,medialorbitofrontal,2481,1706.0,4690.0,2.438,0.652,0.105,0.017,30.0,1.8
11326,lh,middletemporal,3536,2406.0,9013.0,3.069,0.725,0.106,0.021,34.0,2.9
11326,lh,parahippocampal,898,554.0,2005.0,2.964,0.905,0.096,0.019,7.0,0.6
11326,lh,paracentral,1869,1082.0,2802.0,2.368,0.643,0.092,0.016,12.0,1.3
11326,lh,parsopercularis,2048,1405.0,3964.0,2.578,0.346,0.105,0.017,21.0,1.4
11326,lh,parsorbitalis,928,660.0,2134.0,2.611,0.666,0.133,0.023,13.0,0.8
11326,lh,parstriangularis,1640,1112.0,3010.0,2.527,0.442,0.12,0.021,18.0,1.4
11326,lh,pericalcarine,2537,1733.0,2224.0,1.491,0.391,0.127,0.027,24.0,2.9
11326,lh,postcentral,5887,3651.0,8363.0,2.11,0.683,0.087,0.014,38.0,3.4
11326,lh,posteriorcingulate,1686,1118.0,2857.0,2.262,0.863,0.115,0.02,19.0,1.7
11326,lh,precentral,6846,4099.0,11647.0,2.651,0.553,0.093,0.016,49.0,4.6
11326,lh,precuneus,4960,3404.0,8984.0,2.449,0.671,0.127,0.024,55.0,5.0
11326,lh,rostralanteriorcingulate,1194,802.0,2422.0,2.653,0.657,0.108,0.016,13.0,0.9
11326,lh,rostralmiddlefrontal,7866,5428.0,16194.0,2.582,0.632,0.117,0.023,86.0,7.5
11326,lh,superiorfrontal,8495,5710.0,19218.0,2.987,0.636,0.119,0.022,76.0,8.2
11326,lh,superiorparietal,8526,5728.0,13457.0,2.195,0.592,0.124,0.024,90.0,8.6
11326,lh,superiortemporal,5320,3495.0,10993.0,2.828,0.635,0.096,0.015,43.0,3.6
11326,lh,supramarginal,6023,3994.0,11635.0,2.581,0.624,0.103,0.018,53.0,4.7
11326,lh,frontalpole,375,283.0,1176.0,2.974,0.547,0.155,0.027,6.0,0.4
11326,lh,temporalpole,624,504.0,2710.0,3.773,0.76,0.137,0.03,8.0,0.7
11326,lh,transversetemporal,648,352.0,962.0,2.427,0.379,0.092,0.013,5.0,0.3
11326,lh,insula,3323,2184.0,6267.0,2.893,0.744,0.107,0.026,37.0,3.5
11326,rh,bankssts,1211,779.0,2003.0,2.824,0.314,0.085,0.013,5.0,0.7
11326,rh,caudalanteriorcingulate,921,593.0,1550.0,2.284,0.776,0.096,0.013,8.0,0.6
11326,rh,caudalmiddlefrontal,2448,1645.0,4825.0,2.617,0.506,0.108,0.018,20.0,1.9
11326,rh,cuneus,3250,2182.0,4575.0,1.82,0.685,0.136,0.029,38.0,4.2
11326,rh,entorhinal,599,424.0,2380.0,3.513,0.84,0.118,0.027,5.0,0.6
11326,rh,fusiform,4622,3127.0,9991.0,2.794,0.686,0.126,0.026,53.0,5.1
11326,rh,inferiorparietal,6559,4440.0,13440.0,2.705,0.651,0.117,0.021,68.0,5.9
11326,rh,inferiortemporal,3737,2544.0,8888.0,3.006,0.65,0.117,0.021,38.0,3.3
11326,rh,isthmuscingulate,1563,1021.0,2927.0,2.344,0.888,0.11,0.019,21.0,1.1
11326,rh,lateraloccipital,7106,4699.0,11435.0,2.164,0.731,0.125,0.025,80.0,7.8
11326,rh,lateralorbitofrontal,3660,2541.0,7220.0,2.7,0.631,0.122,0.026,52.0,4.0
11326,rh,lingual,5473,3860.0,7923.0,1.91,0.652,0.15,0.036,71.0,9.2
11326,rh,medialorbitofrontal,2449,1781.0,5141.0,2.696,0.607,0.129,0.023,42.0,2.5
11326,rh,middletemporal,4095,2732.0,9748.0,2.976,0.589,0.111,0.021,50.0,3.4
11326,rh,parahippocampal,988,626.0,2071.0,2.749,0.807,0.093,0.019,12.0,0.6
11326,rh,paracentral,1864,1157.0,3296.0,2.644,0.687,0.103,0.021,13.0,1.8
11326,rh,parsopercularis,1852,1264.0,3537.0,2.56,0.49,0.103,0.018,19.0,1.3
11326,rh,parsorbitalis,909,635.0,2095.0,2.728,0.551,0.123,0.021,11.0,0.9
11326,rh,parstriangularis,1832,1259.0,3680.0,2.453,0.645,0.11,0.017,19.0,1.3
11326,rh,pericalcarine,3060,2058.0,2708.0,1.5,0.439,0.125,0.024,31.0,3.2
11326,rh,postcentral,5751,3621.0,8466.0,2.092,0.68,0.096,0.016,42.0,4.2
11326,rh,posteriorcingulate,1383,923.0,2343.0,2.304,0.841,0.12,0.02,16.0,1.2
11326,rh,precentral,6667,4169.0,11788.0,2.685,0.524,0.094,0.016,44.0,4.6
11326,rh,precuneus,5673,3703.0,10018.0,2.556,0.631,0.116,0.02,53.0,5.1
11326,rh,rostralanteriorcingulate,490,339.0,1080.0,2.843,0.469,0.112,0.022,7.0,0.4
11326,rh,rostralmiddlefrontal,7008,4961.0,13427.0,2.44,0.5,0.127,0.024,84.0,7.0
11326,rh,superiorfrontal,9187,6142.0,20775.0,2.965,0.599,0.116,0.023,86.0,8.9
11326,rh,superiorparietal,8092,5387.0,13450.0,2.273,0.531,0.119,0.022,84.0,7.8
11326,rh,superiortemporal,5449,3564.0,11046.0,2.741,0.579,0.095,0.015,46.0,3.6
11326,rh,supramarginal,5316,3570.0,10319.0,2.607,0.624,0.114,0.021,52.0,4.8
11326,rh,frontalpole,384,290.0,1256.0,3.074,0.6,0.175,0.036,8.0,0.7
11326,rh,temporalpole,585,432.0,2364.0,3.998,0.418,0.127,0.027,7.0,0.6
11326,rh,transversetemporal,480,258.0,718.0,2.555,0.199,0.087,0.015,4.0,0.3
11326,rh,insula,3064,1998.0,6054.0,3.068,0.685,0.1,0.019,24.0,2.4
11330,lh,bankssts,1345,907.0,2137.0,2.217,0.543,0.093,0.016,10.0,0.9
11330,lh,caudalanteriorcingulate,1459,933.0,2832.0,2.695,0.671,0.119,0.018,20.0,1.2
11330,lh,caudalmiddlefrontal,4270,2820.0,7762.0,2.574,0.44,0.101,0.015,32.0,3.0
11330,lh,cuneus,2155,1391.0,2246.0,1.578,0.403,0.128,0.023,26.0,2.2
11330,lh,entorhinal,730,453.0,2628.0,3.508,0.81,0.094,0.023,5.0,0.7
11330,lh,fusiform,4147,2837.0,7952.0,2.617,0.544,0.124,0.022,47.0,4.1
11330,lh,inferiorparietal,6672,4550.0,11631.0,2.356,0.559,0.122,0.022,82.0,6.5
11330,lh,inferiortemporal,5085,3594.0,13066.0,2.876,0.747,0.122,0.023,66.0,5.0
11330,lh,isthmuscingulate,1811,1193.0,3098.0,2.224,0.874,0.117,0.023,22.0,1.7
11330,lh,lateraloccipital,8636,5667.0,13114.0,2.063,0.644,0.132,0.029,103.0,10.8
11330,lh,lateralorbitofrontal,4215,2926.0,9176.0,2.916,0.589,0.123,0.023,60.0,4.2
11330,lh,lingual,4392,2975.0,5545.0,1.803,0.644,0.123,0.024,47.0,4.7
11330,lh,medialorbitofrontal,2835,2068.0,6111.0,2.618,0.651,0.118,0.022,36.0,2.7
11330,lh,middletemporal,5096,3543.0,11676.0,2.626,0.72,0.113,0.02,65.0,3.9
11330,lh,parahippocampal,936,589.0,2223.0,3.072,0.919,0.092,0.019,8.0,0.5
11330,lh,paracentral,2383,1396.0,3706.0,2.447,0.627,0.092,0.017,18.0,1.8
11330,lh,parsopercularis,2648,1760.0,5108.0,2.652,0.463,0.104,0.016,25.0,1.8
11330,lh,parsorbitalis,1021,740.0,2666.0,2.832,0.706,0.138,0.033,14.0,1.6
11330,lh,parstriangularis,2087,1432.0,4072.0,2.478,0.624,0.113,0.018,18.0,1.7
11330,lh,pericalcarine,2253,1466.0,2033.0,1.592,0.494,0.105,0.018,19.0,1.9
11330,lh,postcentral,6308,3986.0,9137.0,2.033,0.681,0.095,0.015,49.0,4.1
11330,lh,posteriorcingulate,1999,1340.0,3604.0,2.441,0.671,0.116,0.021,23.0,1.7
11330,lh,precentral,8756,5423.0,16417.0,2.758,0.579,0.094,0.016,65.0,6.0
11330,lh,precuneus,6056,4167.0,10694.0,2.408,0.602,0.122,0.024,67.0,6.2
11330,lh,rostralanteriorcingulate,1501,1029.0,3601.0,3.014,0.887,0.119,0.026,19.0,1.7
11330,lh,rostralmiddlefrontal,8965,6543.0,17685.0,2.423,0.571,0.134,0.026,127.0,9.7
11330,lh,superiorfrontal,12434,8425.0,26598.0,2.79,0.519,0.116,0.022,124.0,11.5
11330,lh,superiorparietal,9239,5982.0,13917.0,2.141,0.526,0.111,0.02,95.0,7.9
11330,lh,superiortemporal,7558,4950.0,15344.0,2.712,0.632,0.1,0.017,73.0,5.4
11330,lh,supramarginal,6691,4635.0,12300.0,2.389,0.548,0.116,0.021,78.0,5.6
11330,lh,frontalpole,387,299.0,1112.0,2.585,0.713,0.146,0.025,7.0,0.4
11330,lh,temporalpole,563,436.0,2571.0,3.698,0.872,0.118,0.023,6.0,0.6
11330,lh,transversetemporal,627,391.0,902.0,2.368,0.43,0.123,0.022,8.0,0.6
11330,lh,insula,3928,2605.0,8217.0,3.143,0.757,0.11,0.026,39.0,4.1
11330,rh,bankssts,1335,893.0,1933.0,2.211,0.481,0.092,0.014,9.0,0.7
11330,rh,caudalanteriorcingulate,1250,802.0,2365.0,2.434,0.813,0.098,0.013,11.0,0.7
11330,rh,caudalmiddlefrontal,4270,2862.0,7663.0,2.458,0.428,0.097,0.015,34.0,2.6
11330,rh,cuneus,2769,1769.0,3374.0,1.739,0.561,0.124,0.023,34.0,3.0
11330,rh,entorhinal,700,452.0,2306.0,3.275,0.826,0.098,0.019,5.0,0.5
11330,rh,fusiform,4743,3214.0,9697.0,2.64,0.605,0.122,0.027,61.0,5.3
11330,rh,inferiorparietal,9137,6075.0,15336.0,2.363,0.52,0.111,0.021,97.0,8.1
11330,rh,inferiortemporal,5104,3538.0,12270.0,2.923,0.78,0.114,0.021,56.0,4.5
11330,rh,isthmuscingulate,1401,963.0,2470.0,2.187,0.882,0.127,0.028,22.0,1.6
11330,rh,lateraloccipital,7798,5186.0,12940.0,2.188,0.654,0.133,0.029,96.0,9.8
11330,rh,lateralorbitofrontal,4428,3114.0,9349.0,2.817,0.647,0.121,0.026,53.0,5.0
11330,rh,lingual,4819,3359.0,6609.0,1.891,0.639,0.136,0.029,57.0,6.5
11330,rh,medialorbitofrontal,3338,2328.0,6600.0,2.528,0.652,0.109,0.019,41.0,2.8
11330,rh,middletemporal,5830,3922.0,13471.0,2.801,0.716,0.112,0.02,64.0,4.8
11330,rh,parahippocampal,932,597.0,1937.0,2.963,0.923,0.097,0.018,6.0,0.6
11330,rh,paracentral,2715,1593.0,4103.0,2.433,0.491,0.096,0.019,19.0,2.1
11330,rh,parsopercularis,2631,1803.0,4951.0,2.621,0.511,0.105,0.018,26.0,1.9
11330,rh,parsorbitalis,1413,1068.0,3905.0,2.89,0.593,0.14,0.029,27.0,1.8
11330,rh,parstriangularis,2878,2058.0,5685.0,2.407,0.537,0.116,0.021,34.0,2.4
11330,rh,pericalcarine,2725,1808.0,2730.0,1.677,0.492,0.123,0.027,27.0,3.1
11330,rh,postcentral,6122,3831.0,8260.0,1.978,0.631,0.089,0.014,44.0,3.7
11330,rh,posteriorcingulate,1757,1192.0,3425.0,2.545,0.741,0.118,0.02,22.0,1.6
11330,rh,precentral,8876,5562.0,15552.0,2.581,0.571,0.094,0.015,65.0,5.8
11330,rh,precuneus,7186,4881.0,11766.0,2.378,0.524,0.117,0.021,72.0,6.5
11330,rh,rostralanteriorcingulate,1031,717.0,2544.0,2.767,0.773,0.122,0.022,14.0,1.0
11330,rh,rostralmiddlefrontal,9615,6937.0,18371.0,2.342,0.565,0.127,0.026,122.0,10.3
11330,rh,superiorfrontal,11813,8032.0,25855.0,2.822,0.588,0.11,0.021,109.0,10.0
11330,rh,superiorparietal,8812,5607.0,13103.0,2.107,0.519,0.104,0.017,85.0,6.3
11330,rh,superiortemporal,6165,3917.0,13621.0,2.941,0.711,0.091,0.014,45.0,3.8
11330,rh,supramarginal,5488,3743.0,10392.0,2.5,0.572,0.114,0.021,65.0,4.6
11330,rh,frontalpole,486,400.0,1414.0,2.663,0.595,0.183,0.044,11.0,1.0
11330,rh,temporalpole,640,446.0,2784.0,4.112,0.835,0.121,0.025,7.0,0.6
11330,rh,transversetemporal,523,317.0,773.0,2.286,0.295,0.108,0.012,6.0,0.2
11330,rh,insula,3930,2647.0,8250.0,3.117,0.689,0.119,0.027,38.0,4.1
11433,lh,bankssts,1463,935.0,2225.0,2.544,0.353,0.066,0.008,4.0,0.5
11433,lh,caudalanteriorcingulate,994,634.0,1697.0,2.478,0.466,0.105,0.011,10.0,0.5
11433,lh,caudalmiddlefrontal,3569,2333.0,7098.0,2.826,0.502,0.103,0.018,27.0,2.6
11433,lh,cuneus,2178,1470.0,2868.0,1.869,0.563,0.143,0.035,30.0,3.3
11433,lh,entorhinal,874,569.0,2529.0,3.444,0.719,0.104,0.021,7.0,0.7
11433,lh,fusiform,5265,3508.0,11075.0,2.743,0.532,0.117,0.021,60.0,4.5
11433,lh,inferiorparietal,6014,4024.0,10918.0,2.46,0.472,0.111,0.019,61.0,4.7
11433,lh,inferiortemporal,5301,3675.0,11703.0,2.79,0.712,0.117,0.022,72.0,4.7
11433,lh,isthmuscingulate,1403,925.0,2429.0,2.268,0.723,0.115,0.022,18.0,1.3
11433,lh,lateraloccipital,8697,5716.0,12645.0,2.07,0.502,0.129,0.024,104.0,9.4
11433,lh,lateralorbitofrontal,4068,2799.0,8444.0,2.865,0.633,0.126,0.025,53.0,4.2
11433,lh,lingual,4655,3163.0,7159.0,2.063,0.685,0.13,0.028,53.0,5.7
11433,lh,medialorbitofrontal,2440,1657.0,4399.0,2.433,0.599,0.102,0.02,32.0,1.9
11433,lh,middletemporal,4726,3210.0,11395.0,2.82,0.722,0.11,0.019,52.0,3.6
11433,lh,parahippocampal,1062,660.0,2263.0,2.926,0.992,0.084,0.014,7.0,0.5
11433,lh,paracentral,2146,1309.0,3976.0,2.708,0.523,0.09,0.017,13.0,1.5
11433,lh,parsopercularis,2847,1900.0,6003.0,2.787,0.476,0.104,0.018,23.0,2.1
11433,lh,parsorbitalis,1093,778.0,2605.0,2.632,0.604,0.129,0.025,15.0,1.1
11433,lh,parstriangularis,2237,1487.0,4312.0,2.563,0.566,0.104,0.016,19.0,1.5
11433,lh,pericalcarine,1995,1372.0,1575.0,1.364,0.374,0.132,0.028,22.0,2.4
11433,lh,postcentral,6360,4059.0,9756.0,2.171,0.637,0.099,0.017,51.0,4.6
11433,lh,posteriorcingulate,1313,910.0,2592.0,2.676,0.456,0.124,0.023,18.0,1.4
11433,lh,precentral,7894,4901.0,14650.0,2.741,0.586,0.097,0.018,61.0,6.4
11433,lh,precuneus,6153,4095.0,10979.0,2.497,0.482,0.109,0.019,57.0,5.1
11433,lh,rostralanteriorcingulate,1470,959.0,3210.0,2.851,0.564,0.116,0.018,20.0,1.2
11433,lh,rostralmiddlefrontal,9109,6522.0,17583.0,2.42,0.545,0.126,0.023,114.0,8.8
11433,lh,superiorfrontal,11108,7398.0,24710.0,2.966,0.514,0.108,0.018,97.0,8.6
11433,lh,superiorparietal,10534,7020.0,17750.0,2.338,0.489,0.111,0.019,103.0,8.5
11433,lh,superiortemporal,5867,3847.0,12611.0,2.868,0.688,0.092,0.015,46.0,3.7
11433,lh,supramarginal,6003,4131.0,11878.0,2.607,0.471,0.118,0.022,61.0,5.6
11433,lh,frontalpole,409,323.0,1121.0,2.755,0.676,0.178,0.04,7.0,0.7
11433,lh,temporalpole,795,585.0,2936.0,3.619,0.692,0.121,0.024,9.0,0.8
11433,lh,transversetemporal,634,414.0,1149.0,2.622,0.459,0.13,0.023,6.0,0.6
11433,lh,insula,4005,2628.0,7820.0,2.955,0.823,0.11,0.028,37.0,4.6
11433,rh,bankssts,1482,967.0,2493.0,2.764,0.386,0.096,0.013,9.0,0.9
11433,rh,caudalanteriorcingulate,1446,962.0,2786.0,2.446,0.881,0.118,0.015,21.0,1.0
11433,rh,caudalmiddlefrontal,3443,2258.0,7127.0,2.845,0.515,0.101,0.017,25.0,2.5
11433,rh,cuneus,2723,1773.0,3522.0,1.862,0.437,0.13,0.025,30.0,3.2
11433,rh,entorhinal,1023,663.0,3219.0,3.339,0.713,0.101,0.021,10.0,0.8
11433,rh,fusiform,4613,3038.0,9482.0,2.797,0.574,0.115,0.019,51.0,3.8
11433,rh,inferiorparietal,7891,5421.0,15466.0,2.619,0.452,0.118,0.022,89.0,7.6
11433,rh,inferiortemporal,5288,3470.0,10863.0,2.776,0.754,0.106,0.021,56.0,4.5
11433,rh,isthmuscingulate,1313,859.0,2237.0,2.274,0.789,0.11,0.02,14.0,1.0
11433,rh,lateraloccipital,9061,5755.0,13514.0,2.153,0.559,0.118,0.022,99.0,8.7
11433,rh,lateralorbitofrontal,4172,2859.0,8242.0,2.764,0.711,0.123,0.027,52.0,4.4
11433,rh,lingual,5482,3642.0,7754.0,2.049,0.573,0.132,0.032,68.0,7.7
11433,rh,medialorbitofrontal,2961,2057.0,5578.0,2.504,0.645,0.114,0.024,37.0,3.0
11433,rh,middletemporal,5095,3395.0,11740.0,2.831,0.645,0.102,0.018,48.0,4.0
11433,rh,parahippocampal,978,602.0,1961.0,2.704,0.82,0.096,0.019,12.0,0.6
11433,rh,paracentral,2343,1427.0,3698.0,2.495,0.5,0.102,0.018,17.0,1.7
11433,rh,parsopercularis,2250,1500.0,4636.0,2.747,0.428,0.1,0.017,19.0,1.7
11433,rh,parsorbitalis,1271,897.0,2842.0,2.644,0.539,0.125,0.021,18.0,1.1
11433,rh,parstriangularis,2257,1567.0,4523.0,2.606,0.517,0.113,0.02,22.0,1.7
11433,rh,pericalcarine,2531,1695.0,2601.0,1.66,0.436,0.124,0.029,25.0,2.9
11433,rh,postcentral,6203,3988.0,9872.0,2.241,0.657,0.105,0.019,54.0,4.9
11433,rh,posteriorcingulate,1719,1190.0,3478.0,2.636,0.672,0.133,0.024,26.0,1.8
11433,rh,precentral,8210,4995.0,14681.0,2.679,0.624,0.093,0.016,55.0,5.4
11433,rh,precuneus,6196,4165.0,10915.0,2.53,0.502,0.109,0.019,56.0,4.6
11433,rh,rostralanteriorcingulate,1271,879.0,3145.0,2.902,0.713,0.12,0.018,18.0,1.1
11433,rh,rostralmiddlefrontal,9275,6599.0,18894.0,2.545,0.507,0.125,0.024,109.0,8.9
11433,rh,superiorfrontal,9650,6429.0,20859.0,2.931,0.516,0.111,0.019,86.0,7.7
11433,rh,superiorparietal,9368,6236.0,15215.0,2.268,0.462,0.115,0.02,98.0,8.2
11433,rh,superiortemporal,5025,3220.0,10955.0,2.98,0.576,0.09,0.015,36.0,3.0
11433,rh,supramarginal,4717,3175.0,9569.0,2.739,0.5,0.114,0.021,47.0,4.4
11433,rh,frontalpole,493,370.0,1313.0,2.552,0.646,0.161,0.037,10.0,0.8
11433,rh,temporalpole,692,502.0,2940.0,3.851,0.647,0.13,0.034,9.0,0.8
11433,rh,transversetemporal,441,304.0,873.0,2.562,0.434,0.106,0.027,4.0,0.5
11433,rh,insula,3318,2193.0,6858.0,3.205,0.669,0.099,0.019,28.0,2.5
11439,lh,bankssts,1565,1040.0,2222.0,2.202,0.547,0.09,0.016,7.0,1.1
11439,lh,caudalanteriorcingulate,1222,845.0,2304.0,2.472,0.515,0.128,0.018,18.0,1.0
11439,lh,caudalmiddlefrontal,3104,1992.0,5437.0,2.504,0.476,0.102,0.019,25.0,2.5
11439,lh,cuneus,2572,1682.0,2787.0,1.579,0.427,0.13,0.026,30.0,2.9
11439,lh,entorhinal,595,397.0,2010.0,3.201,0.895,0.114,0.026,7.0,0.6
11439,lh,fusiform,4781,3284.0,9801.0,2.567,0.663,0.124,0.029,55.0,5.6
11439,lh,inferiorparietal,6640,4442.0,10300.0,2.145,0.495,0.117,0.021,65.0,6.2
11439,lh,inferiortemporal,5014,3616.0,11034.0,2.614,0.598,0.124,0.024,57.0,5.0
11439,lh,isthmuscingulate,1656,1073.0,2498.0,1.96,0.845,0.108,0.024,17.0,1.5
11439,lh,lateraloccipital,8420,5448.0,11804.0,1.956,0.589,0.132,0.027,103.0,9.7
11439,lh,lateralorbitofrontal,3604,2503.0,6612.0,2.558,0.633,0.133,0.031,47.0,4.8
11439,lh,lingual,3793,2470.0,4373.0,1.725,0.547,0.122,0.027,35.0,4.6
11439,lh,medialorbitofrontal,3086,2142.0,5358.0,2.295,0.703,0.122,0.025,42.0,3.1
11439,lh,middletemporal,5410,3772.0,11360.0,2.489,0.673,0.119,0.023,62.0,5.3
11439,lh,parahippocampal,1039,656.0,1908.0,2.521,0.748,0.091,0.018,8.0,0.6
11439,lh,paracentral,2216,1200.0,3083.0,2.386,0.698,0.09,0.024,15.0,2.1
11439,lh,parsopercularis,2517,1666.0,4584.0,2.558,0.531,0.112,0.025,25.0,2.6
11439,lh,parsorbitalis,915,624.0,1799.0,2.461,0.522,0.128,0.027,12.0,1.0
11439,lh,parstriangularis,2123,1386.0,3322.0,2.186,0.555,0.112,0.024,20.0,2.1
11439,lh,pericalcarine,1704,1129.0,1321.0,1.365,0.289,0.115,0.027,14.0,2.0
11439,lh,postcentral,7071,4212.0,8751.0,1.904,0.587,0.087,0.016,46.0,4.8
11439,lh,posteriorcingulate,1966,1276.0,3004.0,2.193,0.696,0.116,0.024,19.0,1.9
11439,lh,precentral,7682,4599.0,12124.0,2.496,0.597,0.099,0.022,58.0,7.5
11439,lh,precuneus,6361,4170.0,9407.0,2.19,0.564,0.115,0.023,62.0,6.3
11439,lh,rostralanteriorcingulate,1538,1112.0,3290.0,2.742,0.739,0.131,0.026,25.0,1.7
11439,lh,rostralmiddlefrontal,10132,7009.0,16734.0,2.236,0.499,0.137,0.032,129.0,13.5
11439,lh,superiorfrontal,11323,7286.0,21069.0,2.592,0.575,0.11,0.021,102.0,9.9
11439,lh,superiorparietal,9043,5576.0,12115.0,2.002,0.519,0.099,0.018,68.0,6.6
11439,lh,superiortemporal,6291,4231.0,13412.0,2.733,0.836,0.103,0.019,52.0,5.3
11439,lh,supramarginal,6380,4306.0,11011.0,2.326,0.542,0.114,0.021,60.0,6.0
11439,lh,frontalpole,329,266.0,982.0,2.823,0.417,0.181,0.049,7.0,0.6
11439,lh,temporalpole,672,532.0,3307.0,3.837,0.872,0.143,0.041,9.0,1.1
11439,lh,transversetemporal,898,487.0,1165.0,2.178,0.412,0.089,0.016,7.0,0.5
11439,lh,insula,3473,2314.0,6941.0,2.924,0.953,0.108,0.033,27.0,4.1
11439,rh,bankssts,1704,1104.0,2240.0,2.158,0.513,0.093,0.018,11.0,1.2
11439,rh,caudalanteriorcingulate,1028,683.0,1704.0,2.256,0.587,0.111,0.014,12.0,0.7
11439,rh,caudalmiddlefrontal,3114,1991.0,4957.0,2.313,0.537,0.106,0.021,23.0,2.8
11439,rh,cuneus,3082,1870.0,3261.0,1.659,0.558,0.119,0.025,32.0,3.5
11439,rh,entorhinal,617,449.0,2296.0,3.191,0.793,0.136,0.033,10.0,0.8
11439,rh,fusiform,4603,3069.0,8935.0,2.497,0.717,0.119,0.029,55.0,5.1
11439,rh,inferiorparietal,8751,5772.0,14633.0,2.269,0.609,0.12,0.024,92.0,9.0
11439,rh,inferiortemporal,4819,3339.0,11215.0,2.812,0.671,0.116,0.025,58.0,4.8
11439,rh,isthmuscingulate,1296,803.0,1876.0,2.155,0.725,0.113,0.023,13.0,1.3
11439,rh,lateraloccipital,8354,5286.0,11795.0,1.991,0.611,0.13,0.031,92.0,10.7
11439,rh,lateralorbitofrontal,3829,2692.0,7067.0,2.581,0.72,0.131,0.03,54.0,4.9
11439,rh,lingual,4137,2677.0,5344.0,1.758,0.6,0.121,0.024,47.0,4.3
11439,rh,medialorbitofrontal,3279,2186.0,5406.0,2.292,0.547,0.117,0.021,47.0,2.9
11439,rh,middletemporal,5449,3727.0,11703.0,2.659,0.648,0.114,0.024,55.0,5.4
11439,rh,parahippocampal,1254,729.0,1824.0,2.159,0.622,0.08,0.014,7.0,0.6
11439,rh,paracentral,3403,1922.0,4606.0,2.3,0.63,0.099,0.022,28.0,3.2
11439,rh,parsopercularis,1756,1217.0,3120.0,2.421,0.591,0.127,0.025,20.0,1.8
11439,rh,parsorbitalis,1036,763.0,2174.0,2.605,0.588,0.137,0.028,14.0,1.3
11439,rh,parstriangularis,1833,1231.0,2997.0,2.226,0.608,0.116,0.028,21.0,2.1
11439,rh,pericalcarine,2208,1520.0,2004.0,1.458,0.353,0.124,0.028,20.0,2.7
11439,rh,postcentral,7586,4559.0,9340.0,1.899,0.619,0.096,0.019,54.0,6.1
11439,rh,posteriorcingulate,1674,1157.0,3037.0,2.407,0.644,0.126,0.025,18.0,2.0
11439,rh,precentral,7874,4801.0,12267.0,2.454,0.579,0.101,0.024,61.0,7.7
11439,rh,precuneus,6278,4076.0,9499.0,2.229,0.649,0.108,0.022,55.0,5.8
11439,rh,rostralanteriorcingulate,751,560.0,1635.0,2.494,0.53,0.133,0.031,11.0,0.9
11439,rh,rostralmiddlefrontal,9306,6513.0,15324.0,2.148,0.537,0.137,0.029,117.0,11.5
11439,rh,superiorfrontal,13327,8598.0,24048.0,2.486,0.583,0.113,0.023,125.0,12.4
11439,rh,superiorparietal,8250,4994.0,9906.0,1.908,0.502,0.102,0.02,67.0,7.1
11439,rh,superiortemporal,6043,3882.0,11408.0,2.593,0.749,0.101,0.021,47.0,5.4
11439,rh,supramarginal,5709,3730.0,8595.0,2.186,0.611,0.107,0.021,50.0,5.1
11439,rh,frontalpole,507,346.0,1089.0,2.442,0.508,0.155,0.038,8.0,0.8
11439,rh,temporalpole,686,523.0,3268.0,3.925,0.755,0.154,0.045,9.0,1.3
11439,rh,transversetemporal,641,339.0,763.0,1.992,0.463,0.108,0.022,6.0,0.5
11439,rh,insula,3507,2311.0,6905.0,2.891,0.903,0.112,0.031,35.0,4.4
11440,lh,bankssts,1261,823.0,1836.0,2.334,0.433,0.104,0.016,9.0,0.9
11440,lh,caudalanteriorcingulate,855,564.0,1168.0,2.045,0.533,0.131,0.015,13.0,0.6
11440,lh,caudalmiddlefrontal,3382,2203.0,6194.0,2.501,0.484,0.106,0.017,30.0,2.7
11440,lh,cuneus,2359,1536.0,2981.0,1.783,0.494,0.13,0.026,28.0,2.8
11440,lh,entorhinal,590,372.0,1592.0,3.158,1.012,0.124,0.044,10.0,0.9
11440,lh,fusiform,3984,2607.0,7799.0,2.605,0.649,0.107,0.02,41.0,3.1
11440,lh,inferiorparietal,5414,3696.0,8819.0,2.226,0.45,0.113,0.02,59.0,4.4
11440,lh,inferiortemporal,4254,3062.0,9511.0,2.693,0.597,0.128,0.026,50.0,4.6
11440,lh,isthmuscingulate,1399,943.0,2495.0,2.337,0.696,0.123,0.021,17.0,1.2
11440,lh,lateraloccipital,7253,4689.0,10140.0,2.031,0.573,0.129,0.026,85.0,8.1
11440,lh,lateralorbitofrontal,3959,2732.0,7677.0,2.588,0.57,0.126,0.025,52.0,4.5
11440,lh,lingual,5109,3463.0,7095.0,1.924,0.533,0.126,0.027,62.0,5.7
11440,lh,medialorbitofrontal,2801,1967.0,5027.0,2.294,0.653,0.124,0.027,46.0,3.3
11440,lh,middletemporal,4707,3248.0,10199.0,2.567,0.679,0.118,0.023,62.0,4.6
11440,lh,parahippocampal,1214,705.0,1873.0,2.268,0.537,0.063,0.009,5.0,0.4
11440,lh,paracentral,2305,1404.0,3300.0,2.197,0.515,0.103,0.022,17.0,2.3
11440,lh,parsopercularis,2786,1878.0,5022.0,2.403,0.44,0.111,0.02,28.0,2.3
11440,lh,parsorbitalis,900,670.0,2081.0,2.441,0.561,0.138,0.027,16.0,1.0
11440,lh,parstriangularis,2368,1673.0,3912.0,2.116,0.468,0.127,0.022,27.0,2.3
11440,lh,pericalcarine,2289,1542.0,2298.0,1.618,0.433,0.129,0.032,25.0,3.0
11440,lh,postcentral,6451,3980.0,7843.0,1.835,0.49,0.1,0.017,53.0,4.8
11440,lh,posteriorcingulate,1672,1135.0,2763.0,2.146,0.714,0.124,0.019,22.0,1.6
11440,lh,precentral,7868,4719.0,12425.0,2.469,0.513,0.099,0.019,59.0,6.2
11440,lh,precuneus,5292,3588.0,8942.0,2.324,0.539,0.123,0.023,62.0,5.1
11440,lh,rostralanteriorcingulate,1529,996.0,2693.0,2.419,0.623,0.102,0.018,16.0,1.1
11440,lh,rostralmiddlefrontal,9520,6759.0,16343.0,2.184,0.514,0.13,0.025,128.0,10.0
11440,lh,superiorfrontal,11592,7735.0,22010.0,2.587,0.535,0.115,0.024,114.0,11.7
11440,lh,superiorparietal,8398,5522.0,12302.0,2.049,0.449,0.115,0.021,87.0,7.6
11440,lh,superiortemporal,6261,4027.0,10889.0,2.477,0.644,0.093,0.015,50.0,4.2
11440,lh,supramarginal,6295,4319.0,11107.0,2.339,0.485,0.113,0.021,74.0,5.2
11440,lh,frontalpole,386,320.0,1087.0,2.525,0.604,0.156,0.038,7.0,0.7
11440,lh,temporalpole,663,497.0,3252.0,4.231,0.568,0.131,0.035,9.0,1.1
11440,lh,transversetemporal,674,411.0,806.0,1.953,0.355,0.115,0.019,8.0,0.6
11440,lh,insula,3800,2519.0,7440.0,2.845,0.792,0.12,0.03,41.0,4.6
11440,rh,bankssts,1044,693.0,1573.0,2.42,0.311,0.096,0.016,6.0,0.7
11440,rh,caudalanteriorcingulate,1054,696.0,1642.0,2.056,0.645,0.112,0.013,13.0,0.7
11440,rh,caudalmiddlefrontal,3603,2344.0,6695.0,2.526,0.569,0.1,0.018,29.0,2.7
11440,rh,cuneus,2757,1772.0,3305.0,1.766,0.466,0.13,0.029,31.0,3.5
11440,rh,entorhinal,458,291.0,1560.0,3.587,0.839,0.1,0.022,3.0,0.4
11440,rh,fusiform,4068,2762.0,8232.0,2.691,0.607,0.115,0.019,48.0,3.4
11440,rh,inferiorparietal,7419,4982.0,12333.0,2.275,0.497,0.119,0.023,78.0,7.1
11440,rh,inferiortemporal,4138,2993.0,9442.0,2.679,0.651,0.133,0.029,61.0,5.1
11440,rh,isthmuscingulate,1405,927.0,2558.0,2.406,0.706,0.124,0.025,21.0,1.6
11440,rh,lateraloccipital,7021,4526.0,9616.0,2.002,0.551,0.121,0.023,75.0,7.2
11440,rh,lateralorbitofrontal,4093,2873.0,7382.0,2.484,0.53,0.132,0.029,54.0,5.1
11440,rh,lingual,5569,3840.0,8320.0,1.999,0.593,0.136,0.027,76.0,6.8
11440,rh,medialorbitofrontal,2861,2002.0,4912.0,2.255,0.636,0.114,0.019,46.0,2.3
11440,rh,middletemporal,4784,3341.0,10332.0,2.521,0.716,0.114,0.023,56.0,4.9
11440,rh,parahippocampal,1319,776.0,1904.0,2.174,0.591,0.064,0.011,6.0,0.5
11440,rh,paracentral,2558,1535.0,3949.0,2.29,0.652,0.099,0.022,25.0,2.5
11440,rh,parsopercularis,1602,1079.0,2956.0,2.582,0.477,0.117,0.025,17.0,1.5
11440,rh,parsorbitalis,1172,837.0,2567.0,2.487,0.505,0.123,0.023,16.0,1.2
11440,rh,parstriangularis,2222,1515.0,3591.0,2.19,0.487,0.116,0.02,22.0,2.0
11440,rh,pericalcarine,2385,1595.0,2488.0,1.68,0.435,0.121,0.029,25.0,2.8
11440,rh,postcentral,6679,4069.0,8422.0,1.922,0.559,0.107,0.019,65.0,5.6
11440,rh,posteriorcingulate,1521,1017.0,2565.0,2.353,0.621,0.122,0.019,19.0,1.3
11440,rh,precentral,8503,5059.0,13397.0,2.49,0.529,0.098,0.018,65.0,6.5
11440,rh,precuneus,5283,3561.0,8947.0,2.366,0.524,0.118,0.021,55.0,4.3
11440,rh,rostralanteriorcingulate,840,611.0,1937.0,2.539,0.711,0.13,0.023,13.0,0.9
11440,rh,rostralmiddlefrontal,9862,6995.0,17666.0,2.251,0.489,0.129,0.026,135.0,11.1
11440,rh,superiorfrontal,11297,7567.0,22514.0,2.66,0.513,0.114,0.023,110.0,10.7
11440,rh,superiorparietal,8556,5494.0,12716.0,2.066,0.49,0.11,0.019,84.0,7.0
11440,rh,superiortemporal,5531,3578.0,9626.0,2.446,0.575,0.095,0.016,46.0,3.8
11440,rh,supramarginal,5121,3537.0,9156.0,2.423,0.532,0.122,0.024,65.0,5.4
11440,rh,frontalpole,501,409.0,1319.0,2.446,0.547,0.164,0.05,13.0,0.9
11440,rh,temporalpole,742,525.0,3153.0,3.339,1.139,0.128,0.033,9.0,0.9
11440,rh,transversetemporal,544,297.0,720.0,2.234,0.31,0.112,0.019,6.0,0.4
11440,rh,insula,3931,2558.0,7132.0,2.848,0.791,0.105,0.023,34.0,3.4
11461,lh,bankssts,1431,938.0,1530.0,1.795,0.442,0.102,0.021,9.0,1.1
11461,lh,caudalanteriorcingulate,1484,980.0,1944.0,2.024,0.668,0.115,0.02,15.0,1.2
11461,lh,caudalmiddlefrontal,3295,2032.0,4173.0,2.049,0.571,0.1,0.025,21.0,3.3
11461,lh,cuneus,2131,1480.0,2571.0,1.547,0.631,0.153,0.028,31.0,2.9
11461,lh,entorhinal,592,426.0,1298.0,2.237,0.913,0.163,0.06,9.0,1.6
11461,lh,fusiform,4685,3623.0,6111.0,1.763,0.484,0.163,0.038,62.0,8.9
11461,lh,inferiorparietal,7362,4824.0,7918.0,1.668,0.404,0.12,0.025,66.0,8.1
11461,lh,inferiortemporal,5737,4257.0,9883.0,2.179,0.604,0.152,0.039,78.0,9.4
11461,lh,isthmuscingulate,1496,1011.0,2071.0,2.024,0.67,0.119,0.023,18.0,1.5
11461,lh,lateraloccipital,7020,4763.0,7407.0,1.572,0.451,0.142,0.031,84.0,9.3
11461,lh,lateralorbitofrontal,3880,2701.0,5365.0,2.01,0.625,0.141,0.034,43.0,5.8
11461,lh,lingual,3431,2336.0,4043.0,1.609,0.516,0.133,0.025,38.0,4.1
11461,lh,medialorbitofrontal,2742,2104.0,4275.0,1.986,0.582,0.151,0.044,53.0,5.8
11461,lh,middletemporal,5467,3978.0,8492.0,2.037,0.62,0.138,0.031,63.0,7.8
11461,lh,parahippocampal,798,567.0,1057.0,1.771,0.52,0.094,0.028,6.0,1.2
11461,lh,paracentral,2012,1287.0,1982.0,1.602,0.412,0.115,0.022,14.0,2.1
11461,lh,parsopercularis,2060,1295.0,2975.0,2.206,0.552,0.116,0.03,17.0,2.7
11461,lh,parsorbitalis,971,647.0,1713.0,2.228,0.778,0.132,0.031,11.0,1.3
11461,lh,parstriangularis,1927,1215.0,2027.0,1.712,0.43,0.111,0.025,14.0,2.0
11461,lh,pericalcarine,1904,1202.0,1482.0,1.367,0.25,0.126,0.028,21.0,2.3
11461,lh,postcentral,5955,3876.0,5764.0,1.515,0.417,0.111,0.02,51.0,5.4
11461,lh,posteriorcingulate,1762,1243.0,2482.0,1.947,0.532,0.132,0.027,18.0,2.1
11461,lh,precentral,7343,4611.0,8306.0,1.812,0.566,0.108,0.022,51.0,7.0
11461,lh,precuneus,5338,3553.0,6221.0,1.757,0.482,0.132,0.03,52.0,7.0
11461,lh,rostralanteriorcingulate,1443,1005.0,2107.0,2.138,0.593,0.114,0.022,15.0,1.3
11461,lh,rostralmiddlefrontal,8317,5620.0,9708.0,1.79,0.49,0.131,0.03,87.0,10.9
11461,lh,superiorfrontal,10366,6501.0,14204.0,2.168,0.601,0.115,0.028,86.0,12.3
11461,lh,superiorparietal,8361,5305.0,8465.0,1.624,0.431,0.117,0.023,77.0,8.2
11461,lh,superiortemporal,6511,4331.0,8224.0,1.87,0.629,0.106,0.019,53.0,5.6
11461,lh,supramarginal,6166,4130.0,7274.0,1.759,0.461,0.127,0.026,60.0,7.0
11461,lh,frontalpole,384,319.0,857.0,2.213,0.493,0.18,0.054,7.0,0.8
11461,lh,temporalpole,756,503.0,1973.0,2.844,0.821,0.128,0.031,9.0,1.0
11461,lh,transversetemporal,761,485.0,745.0,1.538,0.453,0.092,0.015,5.0,0.4
11461,lh,insula,4130,2615.0,5740.0,2.29,0.861,0.108,0.029,37.0,5.1
11461,rh,bankssts,1449,896.0,1565.0,1.884,0.586,0.09,0.017,8.0,1.0
11461,rh,caudalanteriorcingulate,1150,759.0,1640.0,2.072,0.675,0.119,0.019,15.0,1.0
11461,rh,caudalmiddlefrontal,2361,1489.0,2376.0,1.641,0.459,0.113,0.023,19.0,2.4
11461,rh,cuneus,2147,1426.0,2711.0,1.654,0.708,0.134,0.027,25.0,2.8
11461,rh,entorhinal,576,454.0,1407.0,2.202,0.88,0.158,0.038,8.0,0.9
11461,rh,fusiform,4811,3402.0,6763.0,1.946,0.586,0.133,0.029,49.0,6.1
11461,rh,inferiorparietal,9452,5785.0,10138.0,1.733,0.467,0.114,0.023,82.0,9.6
11461,rh,inferiortemporal,5940,4019.0,9044.0,2.066,0.687,0.142,0.035,73.0,8.8
11461,rh,isthmuscingulate,1485,953.0,1834.0,1.83,0.634,0.11,0.022,16.0,1.3
11461,rh,lateraloccipital,6893,4640.0,8008.0,1.605,0.522,0.136,0.027,79.0,8.6
11461,rh,lateralorbitofrontal,3564,2446.0,5520.0,2.168,0.683,0.142,0.037,39.0,5.7
11461,rh,lingual,4265,2926.0,5269.0,1.653,0.67,0.137,0.028,49.0,5.7
11461,rh,medialorbitofrontal,2758,2078.0,4242.0,2.035,0.619,0.149,0.041,42.0,5.0
11461,rh,middletemporal,6400,4154.0,9515.0,2.102,0.657,0.112,0.023,60.0,6.8
11461,rh,parahippocampal,954,658.0,1141.0,1.664,0.423,0.086,0.015,5.0,0.6
11461,rh,paracentral,2583,1615.0,2957.0,1.814,0.481,0.114,0.026,22.0,3.1
11461,rh,parsopercularis,1950,1209.0,2165.0,1.781,0.406,0.114,0.029,15.0,2.3
11461,rh,parsorbitalis,1350,895.0,1928.0,2.021,0.556,0.139,0.039,16.0,2.2
11461,rh,parstriangularis,2222,1451.0,2865.0,1.93,0.501,0.126,0.032,26.0,3.1
11461,rh,pericalcarine,2124,1537.0,1734.0,1.285,0.273,0.157,0.042,28.0,4.3
11461,rh,postcentral,6813,4236.0,6506.0,1.525,0.494,0.104,0.019,50.0,5.8
11461,rh,posteriorcingulate,1612,1201.0,2450.0,2.064,0.562,0.161,0.042,28.0,3.1
11461,rh,precentral,7687,4683.0,8175.0,1.769,0.585,0.104,0.02,55.0,7.0
11461,rh,precuneus,5664,3612.0,6300.0,1.748,0.454,0.131,0.029,61.0,7.0
11461,rh,rostralanteriorcingulate,724,590.0,1372.0,2.129,0.567,0.151,0.03,12.0,1.2
11461,rh,rostralmiddlefrontal,8811,5985.0,10452.0,1.771,0.47,0.132,0.031,95.0,12.2
11461,rh,superiorfrontal,11008,6892.0,14389.0,2.088,0.575,0.117,0.026,97.0,12.4
11461,rh,superiorparietal,7655,4772.0,7366.0,1.572,0.392,0.12,0.024,69.0,7.7
11461,rh,superiortemporal,6343,3918.0,7059.0,1.789,0.548,0.092,0.017,40.0,4.8
11461,rh,supramarginal,6498,4070.0,7024.0,1.746,0.493,0.115,0.024,57.0,7.0
11461,rh,frontalpole,443,350.0,732.0,1.826,0.422,0.169,0.043,7.0,0.9
11461,rh,temporalpole,985,682.0,2066.0,2.48,0.765,0.148,0.053,13.0,2.4
11461,rh,transversetemporal,569,350.0,552.0,1.555,0.573,0.118,0.026,7.0,0.7
11461,rh,insula,4315,2731.0,5332.0,2.085,0.819,0.123,0.033,44.0,6.2
11472,lh,bankssts,1315,841.0,1646.0,2.133,0.383,0.068,0.008,4.0,0.5
11472,lh,caudalanteriorcingulate,842,541.0,1516.0,2.503,0.579,0.097,0.013,7.0,0.5
11472,lh,caudalmiddlefrontal,2765,1853.0,5027.0,2.59,0.498,0.133,0.034,32.0,4.1
11472,lh,cuneus,1962,1267.0,2242.0,1.655,0.382,0.122,0.021,20.0,2.0
11472,lh,entorhinal,660,440.0,2004.0,3.434,0.835,0.103,0.028,6.0,0.9
11472,lh,fusiform,4715,3090.0,9253.0,2.731,0.569,0.116,0.023,47.0,4.4
11472,lh,inferiorparietal,5978,3903.0,10530.0,2.462,0.514,0.107,0.019,52.0,4.8
11472,lh,inferiortemporal,4951,3395.0,11150.0,2.797,0.67,0.119,0.022,52.0,4.7
11472,lh,isthmuscingulate,1426,910.0,2257.0,2.107,0.926,0.103,0.024,16.0,1.1
11472,lh,lateraloccipital,7536,4730.0,11100.0,2.084,0.591,0.114,0.021,73.0,6.9
11472,lh,lateralorbitofrontal,3839,2577.0,7494.0,2.817,0.633,0.124,0.026,40.0,4.6
11472,lh,lingual,4097,2733.0,4962.0,1.738,0.483,0.12,0.021,40.0,3.8
11472,lh,medialorbitofrontal,2644,1777.0,5006.0,2.625,0.579,0.107,0.022,27.0,2.2
11472,lh,middletemporal,4261,2802.0,8271.0,2.537,0.622,0.102,0.016,36.0,2.9
11472,lh,parahippocampal,1346,835.0,2244.0,2.431,0.555,0.079,0.013,9.0,0.7
11472,lh,paracentral,2333,1398.0,4046.0,2.57,0.669,0.096,0.02,15.0,1.9
11472,lh,parsopercularis,1995,1368.0,4361.0,2.73,0.615,0.111,0.021,18.0,1.7
11472,lh,parsorbitalis,1000,686.0,2408.0,2.918,0.437,0.127,0.023,11.0,1.0
11472,lh,parstriangularis,1879,1239.0,3510.0,2.637,0.462,0.11,0.021,15.0,1.6
11472,lh,pericalcarine,1765,1171.0,1539.0,1.452,0.361,0.108,0.018,14.0,1.4
11472,lh,postcentral,5827,3581.0,7405.0,1.902,0.589,0.087,0.016,34.0,4.0
11472,lh,posteriorcingulate,1757,1161.0,2949.0,2.233,0.674,0.098,0.015,16.0,1.2
11472,lh,precentral,7482,4456.0,12164.0,2.503,0.598,0.096,0.02,51.0,6.6
11472,lh,precuneus,4779,3135.0,8297.0,2.45,0.588,0.112,0.02,41.0,4.1
11472,lh,rostralanteriorcingulate,884,597.0,1689.0,2.48,0.701,0.124,0.026,12.0,1.0
11472,lh,rostralmiddlefrontal,7410,4974.0,13364.0,2.535,0.475,0.116,0.022,69.0,6.7
11472,lh,superiorfrontal,10203,6589.0,21364.0,2.923,0.539,0.11,0.024,80.0,10.7
11472,lh,superiorparietal,7205,4559.0,10821.0,2.178,0.595,0.104,0.018,58.0,5.4
11472,lh,superiortemporal,5074,3375.0,10287.0,2.714,0.707,0.095,0.015,35.0,3.5
11472,lh,supramarginal,5301,3501.0,8814.0,2.315,0.579,0.111,0.02,48.0,4.6
11472,lh,frontalpole,338,262.0,747.0,2.546,0.423,0.165,0.029,5.0,0.5
11472,lh,temporalpole,719,568.0,2883.0,3.9,0.865,0.139,0.028,9.0,0.9
11472,lh,transversetemporal,657,371.0,963.0,2.432,0.426,0.09,0.018,4.0,0.4
11472,lh,insula,3375,2247.0,6485.0,2.842,0.708,0.108,0.027,30.0,3.4
11472,rh,bankssts,1322,862.0,2202.0,2.675,0.355,0.086,0.013,6.0,0.7
11472,rh,caudalanteriorcingulate,1042,667.0,1754.0,2.356,0.579,0.113,0.014,13.0,0.7
11472,rh,caudalmiddlefrontal,2708,1735.0,4836.0,2.574,0.487,0.11,0.022,23.0,2.6
11472,rh,cuneus,2156,1400.0,2593.0,1.748,0.409,0.121,0.023,20.0,2.3
11472,rh,entorhinal,640,447.0,2312.0,3.535,0.827,0.1,0.02,4.0,0.5
11472,rh,fusiform,4536,3013.0,9658.0,2.835,0.524,0.113,0.021,43.0,4.1
11472,rh,inferiorparietal,7585,5073.0,13197.0,2.4,0.5,0.118,0.026,81.0,8.3
11472,rh,inferiortemporal,3935,2651.0,8588.0,2.85,0.654,0.114,0.02,46.0,3.4
11472,rh,isthmuscingulate,1443,934.0,2484.0,2.228,0.987,0.101,0.021,15.0,1.1
11472,rh,lateraloccipital,6524,4239.0,9346.0,2.005,0.562,0.12,0.024,62.0,6.7
11472,rh,lateralorbitofrontal,3940,2757.0,7426.0,2.644,0.636,0.129,0.032,48.0,5.4
11472,rh,lingual,4471,2963.0,6587.0,1.949,0.675,0.127,0.025,51.0,4.9
11472,rh,medialorbitofrontal,2856,1967.0,5118.0,2.372,0.649,0.099,0.017,31.0,2.0
11472,rh,middletemporal,4699,3115.0,10157.0,2.817,0.599,0.109,0.02,44.0,3.9
11472,rh,parahippocampal,1005,633.0,1895.0,2.583,0.804,0.085,0.013,6.0,0.5
11472,rh,paracentral,2172,1289.0,3677.0,2.582,0.597,0.096,0.022,14.0,2.0
11472,rh,parsopercularis,1982,1283.0,3743.0,2.583,0.519,0.094,0.02,15.0,1.7
11472,rh,parsorbitalis,1189,792.0,2538.0,2.789,0.492,0.129,0.025,12.0,1.2
11472,rh,parstriangularis,2532,1728.0,4253.0,2.248,0.55,0.132,0.033,29.0,3.7
11472,rh,pericalcarine,1872,1273.0,1619.0,1.411,0.306,0.118,0.024,16.0,1.9
11472,rh,postcentral,5517,3398.0,7393.0,1.98,0.566,0.084,0.014,30.0,3.2
11472,rh,posteriorcingulate,1651,1162.0,2970.0,2.343,0.692,0.12,0.022,19.0,1.5
11472,rh,precentral,7594,4425.0,12673.0,2.685,0.561,0.088,0.016,42.0,5.2
11472,rh,precuneus,5432,3531.0,8932.0,2.393,0.538,0.107,0.034,357.0,10.5
11472,rh,rostralanteriorcingulate,774,527.0,1498.0,2.634,0.588,0.116,0.018,11.0,0.6
11472,rh,rostralmiddlefrontal,7345,5053.0,12953.0,2.387,0.497,0.123,0.025,78.0,7.8
11472,rh,superiorfrontal,9326,6031.0,17436.0,2.639,0.594,0.111,0.027,90.0,10.5
11472,rh,superiorparietal,7185,4607.0,11094.0,2.198,0.53,0.099,0.017,52.0,5.2
11472,rh,superiortemporal,5013,3237.0,10278.0,2.738,0.762,0.085,0.014,29.0,2.8
11472,rh,supramarginal,5197,3411.0,9464.0,2.532,0.508,0.113,0.021,46.0,5.2
11472,rh,frontalpole,397,303.0,1121.0,2.91,0.475,0.173,0.037,6.0,0.6
11472,rh,temporalpole,627,508.0,2812.0,3.805,0.838,0.167,0.039,11.0,1.1
11472,rh,transversetemporal,437,275.0,676.0,2.283,0.423,0.104,0.018,4.0,0.3
11472,rh,insula,2949,1951.0,6228.0,3.038,0.858,0.107,0.028,25.0,3.1
11492,lh,bankssts,1450,947.0,2114.0,2.362,0.34,0.074,0.011,5.0,0.6
11492,lh,caudalanteriorcingulate,952,604.0,1325.0,2.12,0.349,0.105,0.012,11.0,0.6
11492,lh,caudalmiddlefrontal,4189,2698.0,7341.0,2.477,0.539,0.104,0.017,32.0,3.1
11492,lh,cuneus,3006,1883.0,3332.0,1.665,0.525,0.124,0.024,34.0,3.1
11492,lh,entorhinal,644,446.0,2248.0,3.34,0.721,0.118,0.027,6.0,0.6
11492,lh,fusiform,5826,3909.0,11719.0,2.622,0.599,0.114,0.021,58.0,4.7
11492,lh,inferiorparietal,7779,5163.0,12994.0,2.351,0.463,0.114,0.02,73.0,6.8
11492,lh,inferiortemporal,4697,3132.0,9158.0,2.617,0.686,0.112,0.021,45.0,4.3
11492,lh,isthmuscingulate,1403,897.0,2408.0,2.48,0.62,0.109,0.023,13.0,1.4
11492,lh,lateraloccipital,10108,6375.0,13757.0,1.951,0.657,0.12,0.024,105.0,10.7
11492,lh,lateralorbitofrontal,4833,3197.0,8393.0,2.516,0.559,0.108,0.022,53.0,4.2
11492,lh,lingual,5472,3699.0,6254.0,1.655,0.564,0.128,0.026,62.0,6.4
11492,lh,medialorbitofrontal,2674,1823.0,4595.0,2.328,0.571,0.102,0.017,27.0,2.0
11492,lh,middletemporal,4573,3074.0,10860.0,2.83,0.657,0.116,0.022,50.0,4.2
11492,lh,parahippocampal,1234,770.0,2325.0,2.693,0.795,0.065,0.011,6.0,0.4
11492,lh,paracentral,2985,1672.0,4122.0,2.297,0.537,0.084,0.013,16.0,1.8
11492,lh,parsopercularis,2206,1484.0,3940.0,2.378,0.452,0.104,0.016,20.0,1.5
11492,lh,parsorbitalis,1113,755.0,2271.0,2.541,0.563,0.123,0.021,12.0,1.0
11492,lh,parstriangularis,2064,1400.0,3610.0,2.376,0.618,0.113,0.021,18.0,1.9
11492,lh,pericalcarine,2474,1657.0,2077.0,1.399,0.339,0.119,0.025,24.0,2.7
11492,lh,postcentral,6788,4162.0,9055.0,1.993,0.595,0.09,0.015,48.0,4.2
11492,lh,posteriorcingulate,1812,1195.0,3039.0,2.365,0.509,0.125,0.024,22.0,1.9
11492,lh,precentral,8214,4789.0,13135.0,2.519,0.566,0.087,0.017,55.0,5.9
11492,lh,precuneus,6259,4180.0,9685.0,2.188,0.551,0.113,0.02,60.0,5.3
11492,lh,rostralanteriorcingulate,1699,1160.0,3103.0,2.409,0.577,0.129,0.023,27.0,1.8
11492,lh,rostralmiddlefrontal,8537,5877.0,14723.0,2.272,0.548,0.124,0.024,96.0,8.4
11492,lh,superiorfrontal,12918,8365.0,24347.0,2.613,0.538,0.109,0.02,105.0,10.5
11492,lh,superiorparietal,8678,5533.0,12109.0,2.015,0.515,0.108,0.018,73.0,6.5
11492,lh,superiortemporal,5792,3736.0,11395.0,2.663,0.653,0.095,0.016,43.0,4.0
11492,lh,supramarginal,5806,3953.0,10774.0,2.474,0.547,0.119,0.02,62.0,5.3
11492,lh,frontalpole,379,300.0,866.0,2.279,0.621,0.18,0.041,8.0,0.7
11492,lh,temporalpole,647,477.0,2286.0,3.364,0.715,0.116,0.027,7.0,0.8
11492,lh,transversetemporal,646,381.0,824.0,2.141,0.342,0.107,0.016,7.0,0.3
11492,lh,insula,4142,2697.0,7474.0,2.723,0.806,0.102,0.022,32.0,3.7
11492,rh,bankssts,1323,868.0,1995.0,2.439,0.405,0.091,0.015,6.0,0.9
11492,rh,caudalanteriorcingulate,1276,843.0,2038.0,2.114,0.636,0.103,0.011,12.0,0.7
11492,rh,caudalmiddlefrontal,3401,2199.0,5843.0,2.505,0.476,0.102,0.018,25.0,2.5
11492,rh,cuneus,3198,2116.0,3304.0,1.516,0.447,0.129,0.026,36.0,3.9
11492,rh,entorhinal,721,498.0,2248.0,3.148,0.869,0.112,0.028,5.0,0.8
11492,rh,fusiform,4515,2970.0,9311.0,2.703,0.745,0.104,0.02,40.0,3.6
11492,rh,inferiorparietal,9071,5979.0,14657.0,2.287,0.472,0.116,0.02,91.0,7.9
11492,rh,inferiortemporal,4818,3231.0,9811.0,2.727,0.612,0.114,0.02,50.0,4.0
11492,rh,isthmuscingulate,1233,799.0,1919.0,2.112,0.759,0.106,0.02,14.0,0.8
11492,rh,lateraloccipital,8588,5465.0,12302.0,2.035,0.6,0.129,0.027,94.0,9.9
11492,rh,lateralorbitofrontal,4376,2942.0,7640.0,2.505,0.596,0.121,0.024,50.0,4.6
11492,rh,lingual,6238,4137.0,7971.0,1.851,0.6,0.128,0.026,72.0,7.3
11492,rh,medialorbitofrontal,3568,2505.0,6737.0,2.43,0.611,0.121,0.023,50.0,3.6
11492,rh,middletemporal,5188,3334.0,11236.0,2.755,0.676,0.101,0.017,44.0,3.6
11492,rh,parahippocampal,1244,746.0,2208.0,2.453,0.743,0.067,0.01,6.0,0.4
11492,rh,paracentral,3362,1943.0,4972.0,2.409,0.586,0.093,0.017,30.0,2.5
11492,rh,parsopercularis,1789,1200.0,2775.0,2.345,0.396,0.096,0.019,13.0,1.3
11492,rh,parsorbitalis,1317,881.0,2681.0,2.533,0.601,0.112,0.021,14.0,1.0
11492,rh,parstriangularis,2317,1548.0,3799.0,2.211,0.471,0.112,0.018,20.0,1.9
11492,rh,pericalcarine,2645,1753.0,2151.0,1.367,0.295,0.121,0.026,25.0,2.8
11492,rh,postcentral,7370,4532.0,9818.0,1.999,0.614,0.093,0.016,51.0,5.0
11492,rh,posteriorcingulate,1937,1317.0,3335.0,2.25,0.619,0.117,0.02,20.0,1.9
11492,rh,precentral,8794,5351.0,14383.0,2.489,0.542,0.094,0.015,63.0,5.9
11492,rh,precuneus,6524,4344.0,10223.0,2.268,0.534,0.12,0.02,65.0,6.0
11492,rh,rostralanteriorcingulate,976,688.0,2010.0,2.535,0.644,0.118,0.022,13.0,0.9
11492,rh,rostralmiddlefrontal,9281,6518.0,15682.0,2.165,0.499,0.123,0.023,103.0,9.5
11492,rh,superiorfrontal,11448,7509.0,21560.0,2.607,0.562,0.112,0.021,94.0,10.1
11492,rh,superiorparietal,8670,5536.0,11653.0,1.968,0.479,0.108,0.018,76.0,6.8
11492,rh,superiortemporal,5419,3490.0,10598.0,2.677,0.698,0.1,0.017,41.0,4.2
11492,rh,supramarginal,5524,3644.0,9607.0,2.398,0.5,0.105,0.019,49.0,4.2
11492,rh,frontalpole,514,415.0,1111.0,2.234,0.596,0.167,0.034,11.0,0.9
11492,rh,temporalpole,895,634.0,2854.0,3.535,0.59,0.126,0.03,8.0,1.2
11492,rh,transversetemporal,483,255.0,660.0,2.256,0.35,0.094,0.016,4.0,0.2
11492,rh,insula,4361,2923.0,8058.0,2.745,0.782,0.106,0.023,33.0,3.8
11539,lh,bankssts,1705,1105.0,2592.0,2.475,0.395,0.08,0.011,7.0,0.7
11539,lh,caudalanteriorcingulate,1172,749.0,1985.0,2.337,0.7,0.109,0.012,11.0,0.6
11539,lh,caudalmiddlefrontal,3856,2544.0,6407.0,2.459,0.382,0.108,0.021,31.0,3.4
11539,lh,cuneus,2450,1603.0,2781.0,1.658,0.411,0.126,0.025,28.0,2.7
11539,lh,entorhinal,830,540.0,2553.0,3.513,0.742,0.098,0.023,6.0,0.7
11539,lh,fusiform,5683,3749.0,11856.0,2.775,0.608,0.111,0.02,52.0,4.5
11539,lh,inferiorparietal,7872,5209.0,13134.0,2.368,0.476,0.1,0.016,68.0,5.3
11539,lh,inferiortemporal,5433,3683.0,11473.0,2.706,0.654,0.099,0.017,46.0,3.9
11539,lh,isthmuscingulate,1752,1139.0,2733.0,2.121,0.887,0.113,0.021,23.0,1.4
11539,lh,lateraloccipital,9316,6120.0,12645.0,1.958,0.461,0.118,0.021,100.0,8.5
11539,lh,lateralorbitofrontal,4708,3166.0,8937.0,2.679,0.606,0.115,0.022,48.0,4.3
11539,lh,lingual,5155,3494.0,7559.0,1.969,0.616,0.125,0.024,57.0,5.2
11539,lh,medialorbitofrontal,3043,2089.0,5449.0,2.31,0.648,0.113,0.021,37.0,2.6
11539,lh,middletemporal,5118,3444.0,12666.0,2.974,0.624,0.105,0.017,47.0,3.9
11539,lh,parahippocampal,1350,843.0,2781.0,2.751,0.673,0.076,0.012,7.0,0.6
11539,lh,paracentral,2612,1442.0,3713.0,2.407,0.592,0.081,0.012,14.0,1.4
11539,lh,parsopercularis,2581,1706.0,4473.0,2.459,0.489,0.095,0.015,21.0,1.4
11539,lh,parsorbitalis,1302,884.0,2764.0,2.528,0.576,0.126,0.024,15.0,1.4
11539,lh,parstriangularis,2362,1614.0,3948.0,2.297,0.452,0.121,0.021,25.0,2.1
11539,lh,pericalcarine,2182,1502.0,1920.0,1.504,0.345,0.124,0.022,26.0,2.0
11539,lh,postcentral,6751,4196.0,9472.0,2.016,0.61,0.09,0.014,50.0,3.9
11539,lh,posteriorcingulate,2171,1481.0,3879.0,2.445,0.755,0.124,0.023,24.0,2.2
11539,lh,precentral,8721,5299.0,13822.0,2.436,0.476,0.088,0.014,62.0,5.1
11539,lh,precuneus,6515,4542.0,10943.0,2.284,0.497,0.118,0.022,63.0,6.4
11539,lh,rostralanteriorcingulate,1512,1026.0,2924.0,2.529,0.676,0.119,0.02,17.0,1.3
11539,lh,rostralmiddlefrontal,10151,7117.0,17699.0,2.262,0.456,0.125,0.023,114.0,9.7
11539,lh,superiorfrontal,12730,8354.0,25168.0,2.668,0.517,0.107,0.018,104.0,9.8
11539,lh,superiorparietal,8731,5544.0,12632.0,2.083,0.46,0.103,0.018,77.0,6.3
11539,lh,superiortemporal,7351,4704.0,14909.0,2.822,0.658,0.094,0.014,52.0,4.4
11539,lh,supramarginal,6152,4157.0,11176.0,2.477,0.532,0.115,0.02,62.0,5.2
11539,lh,frontalpole,507,371.0,1142.0,2.417,0.612,0.138,0.031,8.0,0.6
11539,lh,temporalpole,754,503.0,3072.0,4.137,0.603,0.112,0.021,7.0,0.7
11539,lh,transversetemporal,914,532.0,1133.0,2.028,0.437,0.093,0.014,7.0,0.5
11539,lh,insula,4200,2761.0,8462.0,3.087,0.776,0.112,0.027,38.0,4.6
11539,rh,bankssts,1727,1108.0,2981.0,2.854,0.455,0.102,0.015,12.0,1.2
11539,rh,caudalanteriorcingulate,1302,866.0,2413.0,2.367,0.706,0.102,0.012,12.0,0.8
11539,rh,caudalmiddlefrontal,4355,2862.0,7345.0,2.413,0.385,0.106,0.019,39.0,3.5
11539,rh,cuneus,3014,1906.0,3478.0,1.65,0.468,0.111,0.017,29.0,2.4
11539,rh,entorhinal,868,555.0,3329.0,3.972,0.659,0.086,0.017,5.0,0.5
11539,rh,fusiform,4409,2885.0,9423.0,2.901,0.511,0.111,0.019,45.0,3.6
11539,rh,inferiorparietal,9831,6586.0,16459.0,2.318,0.494,0.106,0.017,100.0,7.4
11539,rh,inferiortemporal,4707,3175.0,10431.0,2.86,0.648,0.105,0.017,41.0,3.4
11539,rh,isthmuscingulate,1792,1156.0,2768.0,2.094,0.787,0.105,0.022,18.0,1.4
11539,rh,lateraloccipital,9887,6487.0,14573.0,2.11,0.582,0.127,0.025,111.0,11.0
11539,rh,lateralorbitofrontal,4495,3066.0,8313.0,2.588,0.561,0.119,0.023,51.0,4.4
11539,rh,lingual,5770,3998.0,9069.0,2.045,0.646,0.14,0.029,75.0,7.4
11539,rh,medialorbitofrontal,3538,2420.0,6094.0,2.262,0.66,0.107,0.017,35.0,2.7
11539,rh,middletemporal,5689,3837.0,13944.0,3.006,0.571,0.108,0.018,56.0,4.3
11539,rh,parahippocampal,1154,743.0,2352.0,2.753,0.75,0.085,0.013,9.0,0.7
11539,rh,paracentral,2845,1598.0,4089.0,2.43,0.558,0.086,0.016,17.0,1.8
11539,rh,parsopercularis,2080,1379.0,3911.0,2.581,0.389,0.103,0.015,18.0,1.4
11539,rh,parsorbitalis,1512,1057.0,3373.0,2.628,0.527,0.125,0.022,18.0,1.4
11539,rh,parstriangularis,2587,1723.0,4502.0,2.407,0.435,0.108,0.018,22.0,1.9
11539,rh,pericalcarine,2602,1757.0,2171.0,1.418,0.424,0.117,0.02,27.0,2.3
11539,rh,postcentral,6701,4110.0,9498.0,2.071,0.592,0.092,0.014,49.0,4.2
11539,rh,posteriorcingulate,2185,1464.0,3947.0,2.391,0.799,0.109,0.018,20.0,1.8
11539,rh,precentral,8832,5357.0,14096.0,2.475,0.477,0.085,0.013,54.0,5.3
11539,rh,precuneus,6951,4569.0,10885.0,2.229,0.497,0.107,0.018,66.0,5.4
11539,rh,rostralanteriorcingulate,1195,845.0,2403.0,2.441,0.617,0.13,0.021,18.0,1.1
11539,rh,rostralmiddlefrontal,10181,7259.0,17662.0,2.179,0.563,0.128,0.024,130.0,10.0
11539,rh,superiorfrontal,12254,8105.0,24478.0,2.693,0.554,0.109,0.019,100.0,9.7
11539,rh,superiorparietal,8216,5277.0,11771.0,2.084,0.454,0.109,0.018,73.0,6.3
11539,rh,superiortemporal,6868,4413.0,14065.0,2.877,0.578,0.091,0.014,50.0,4.2
11539,rh,supramarginal,5118,3351.0,9280.0,2.553,0.486,0.101,0.016,45.0,3.5
11539,rh,frontalpole,561,412.0,1177.0,2.21,0.636,0.143,0.027,8.0,0.7
11539,rh,temporalpole,789,516.0,2939.0,3.897,0.592,0.114,0.023,8.0,0.8
11539,rh,transversetemporal,562,322.0,965.0,2.624,0.36,0.098,0.022,5.0,0.5
11539,rh,insula,4097,2724.0,8144.0,2.972,0.715,0.115,0.027,37.0,4.5
11542,lh,bankssts,1718,1149.0,2194.0,2.062,0.415,0.095,0.015,10.0,1.1
11542,lh,caudalanteriorcingulate,1276,797.0,1832.0,2.367,0.344,0.112,0.012,14.0,0.7
11542,lh,caudalmiddlefrontal,3267,2170.0,5124.0,2.353,0.336,0.114,0.022,25.0,3.1
11542,lh,cuneus,2636,1748.0,2749.0,1.579,0.421,0.133,0.027,34.0,3.2
11542,lh,entorhinal,509,324.0,1739.0,3.725,0.633,0.076,0.017,3.0,0.4
11542,lh,fusiform,5737,3818.0,11814.0,2.623,0.61,0.109,0.02,53.0,4.7
11542,lh,inferiorparietal,6356,4159.0,10093.0,2.287,0.471,0.111,0.019,58.0,5.3
11542,lh,inferiortemporal,5328,3777.0,12112.0,2.643,0.688,0.12,0.021,57.0,4.9
11542,lh,isthmuscingulate,1805,1171.0,2622.0,1.987,0.822,0.108,0.023,22.0,1.6
11542,lh,lateraloccipital,9405,6102.0,13471.0,1.995,0.604,0.126,0.026,101.0,10.9
11542,lh,lateralorbitofrontal,3627,2491.0,7012.0,2.609,0.561,0.131,0.029,43.0,4.4
11542,lh,lingual,5887,4007.0,7934.0,1.819,0.626,0.129,0.028,67.0,7.2
11542,lh,medialorbitofrontal,2674,1811.0,4540.0,2.321,0.691,0.112,0.021,34.0,2.1
11542,lh,middletemporal,5182,3555.0,10891.0,2.511,0.645,0.118,0.022,60.0,4.6
11542,lh,parahippocampal,1240,728.0,1928.0,2.33,0.697,0.072,0.01,6.0,0.4
11542,lh,paracentral,2403,1395.0,3444.0,2.28,0.563,0.11,0.023,22.0,2.3
11542,lh,parsopercularis,2509,1682.0,4495.0,2.396,0.468,0.113,0.022,24.0,2.4
11542,lh,parsorbitalis,927,670.0,2108.0,2.564,0.55,0.155,0.035,14.0,1.3
11542,lh,parstriangularis,2084,1387.0,3090.0,2.055,0.481,0.125,0.023,24.0,2.1
11542,lh,pericalcarine,2578,1736.0,2362.0,1.476,0.335,0.126,0.025,26.0,3.0
11542,lh,postcentral,6353,3944.0,8012.0,1.865,0.568,0.097,0.017,45.0,4.7
11542,lh,posteriorcingulate,1967,1323.0,2968.0,2.124,0.724,0.126,0.023,26.0,2.2
11542,lh,precentral,8163,4997.0,12812.0,2.368,0.531,0.101,0.019,76.0,6.6
11542,lh,precuneus,4973,3414.0,7583.0,2.151,0.527,0.128,0.026,55.0,5.7
11542,lh,rostralanteriorcingulate,1887,1251.0,3561.0,2.553,0.496,0.108,0.021,20.0,1.7
11542,lh,rostralmiddlefrontal,7931,5606.0,13463.0,2.244,0.512,0.134,0.026,100.0,8.9
11542,lh,superiorfrontal,11383,7590.0,20075.0,2.371,0.492,0.117,0.025,102.0,12.0
11542,lh,superiorparietal,7080,4517.0,10124.0,2.057,0.473,0.108,0.02,65.0,5.8
11542,lh,superiortemporal,6966,4524.0,12565.0,2.49,0.697,0.098,0.017,53.0,4.9
11542,lh,supramarginal,7182,4825.0,11557.0,2.219,0.556,0.117,0.021,70.0,6.3
11542,lh,frontalpole,389,265.0,939.0,2.627,0.429,0.137,0.026,6.0,0.4
11542,lh,temporalpole,788,561.0,2644.0,3.28,0.7,0.114,0.021,8.0,0.8
11542,lh,transversetemporal,806,476.0,1128.0,2.146,0.274,0.089,0.012,6.0,0.4
11542,lh,insula,3664,2447.0,6612.0,2.666,0.814,0.114,0.029,34.0,4.9
11542,rh,bankssts,1532,1033.0,2325.0,2.235,0.446,0.105,0.021,13.0,1.3
11542,rh,caudalanteriorcingulate,1249,831.0,2065.0,2.174,0.722,0.108,0.015,13.0,1.0
11542,rh,caudalmiddlefrontal,3371,2201.0,5328.0,2.322,0.421,0.111,0.021,30.0,2.9
11542,rh,cuneus,2974,1976.0,3541.0,1.728,0.425,0.137,0.026,36.0,3.5
11542,rh,entorhinal,619,405.0,2255.0,3.601,0.838,0.069,0.011,3.0,0.2
11542,rh,fusiform,4596,3112.0,9744.0,2.806,0.683,0.122,0.021,51.0,4.2
11542,rh,inferiorparietal,8507,5696.0,13208.0,2.176,0.511,0.118,0.023,88.0,8.1
11542,rh,inferiortemporal,5205,3634.0,12309.0,2.793,0.711,0.122,0.024,60.0,5.4
11542,rh,isthmuscingulate,1752,1162.0,2561.0,1.886,0.834,0.108,0.022,24.0,1.4
11542,rh,lateraloccipital,9573,6357.0,14919.0,2.067,0.643,0.126,0.025,105.0,10.4
11542,rh,lateralorbitofrontal,3767,2576.0,7412.0,2.659,0.658,0.125,0.026,39.0,4.1
11542,rh,lingual,5887,3987.0,8784.0,1.972,0.65,0.134,0.028,69.0,7.4
11542,rh,medialorbitofrontal,3320,2263.0,5642.0,2.382,0.594,0.123,0.025,43.0,3.6
11542,rh,middletemporal,5759,3884.0,11617.0,2.534,0.637,0.113,0.02,60.0,4.9
11542,rh,parahippocampal,978,591.0,1453.0,2.077,0.729,0.076,0.014,6.0,0.4
11542,rh,paracentral,2757,1556.0,4246.0,2.504,0.551,0.099,0.023,20.0,2.6
11542,rh,parsopercularis,1858,1223.0,3364.0,2.518,0.432,0.108,0.019,16.0,1.5
11542,rh,parsorbitalis,1225,851.0,2570.0,2.534,0.529,0.132,0.028,15.0,1.4
11542,rh,parstriangularis,2078,1355.0,3335.0,2.255,0.521,0.102,0.017,16.0,1.4
11542,rh,pericalcarine,2925,1904.0,2404.0,1.384,0.292,0.115,0.022,29.0,2.7
11542,rh,postcentral,6149,3716.0,7589.0,1.875,0.55,0.095,0.017,47.0,4.3
11542,rh,posteriorcingulate,1878,1290.0,2973.0,2.1,0.74,0.123,0.022,22.0,2.0
11542,rh,precentral,8888,5360.0,13501.0,2.339,0.529,0.093,0.016,57.0,6.3
11542,rh,precuneus,5470,3676.0,8676.0,2.301,0.607,0.124,0.024,54.0,5.7
11542,rh,rostralanteriorcingulate,1131,780.0,2167.0,2.596,0.498,0.124,0.02,15.0,1.1
11542,rh,rostralmiddlefrontal,8241,5776.0,13991.0,2.245,0.489,0.129,0.025,95.0,9.1
11542,rh,superiorfrontal,10679,7114.0,18906.0,2.424,0.489,0.118,0.023,100.0,10.5
11542,rh,superiorparietal,7260,4648.0,9855.0,2.002,0.438,0.11,0.02,66.0,6.1
11542,rh,superiortemporal,6229,4022.0,11508.0,2.559,0.7,0.104,0.017,54.0,4.6
11542,rh,supramarginal,6931,4585.0,10428.0,2.185,0.483,0.117,0.022,70.0,6.4
11542,rh,frontalpole,465,327.0,1193.0,2.641,0.488,0.148,0.029,8.0,0.6
11542,rh,temporalpole,785,548.0,2708.0,3.576,0.644,0.115,0.026,7.0,0.8
11542,rh,transversetemporal,713,392.0,951.0,2.04,0.363,0.076,0.01,4.0,0.2
11542,rh,insula,3545,2334.0,6479.0,2.761,0.818,0.108,0.024,32.0,3.2
11570,lh,bankssts,1732,1117.0,2989.0,2.502,0.55,0.085,0.012,10.0,0.8
11570,lh,caudalanteriorcingulate,1039,678.0,1578.0,2.192,0.582,0.121,0.014,13.0,0.7
11570,lh,caudalmiddlefrontal,3798,2474.0,6596.0,2.47,0.421,0.105,0.017,31.0,3.0
11570,lh,cuneus,2819,1860.0,2836.0,1.55,0.403,0.131,0.025,32.0,3.1
11570,lh,entorhinal,929,608.0,2676.0,3.253,0.802,0.104,0.025,10.0,0.9
11570,lh,fusiform,5013,3394.0,9573.0,2.539,0.606,0.117,0.02,56.0,4.1
11570,lh,inferiorparietal,7994,5347.0,13262.0,2.308,0.484,0.111,0.019,73.0,6.7
11570,lh,inferiortemporal,5847,4010.0,12980.0,2.814,0.658,0.112,0.022,60.0,5.4
11570,lh,isthmuscingulate,1879,1212.0,3179.0,2.217,0.863,0.109,0.02,24.0,1.4
11570,lh,lateraloccipital,10270,6886.0,15775.0,2.105,0.549,0.124,0.024,108.0,10.8
11570,lh,lateralorbitofrontal,4484,3038.0,8458.0,2.659,0.546,0.122,0.026,49.0,4.6
11570,lh,lingual,4506,3033.0,5338.0,1.705,0.493,0.13,0.028,51.0,5.6
11570,lh,medialorbitofrontal,2646,1954.0,5040.0,2.451,0.734,0.133,0.024,41.0,3.0
11570,lh,middletemporal,5977,4014.0,12538.0,2.756,0.653,0.111,0.02,61.0,5.0
11570,lh,parahippocampal,1086,677.0,2151.0,2.593,0.845,0.077,0.012,5.0,0.5
11570,lh,paracentral,2226,1253.0,3538.0,2.508,0.538,0.097,0.02,16.0,2.0
11570,lh,parsopercularis,2897,1872.0,5153.0,2.466,0.578,0.099,0.016,26.0,1.9
11570,lh,parsorbitalis,1199,806.0,2886.0,2.836,0.594,0.131,0.028,13.0,1.6
11570,lh,parstriangularis,2530,1659.0,4723.0,2.44,0.594,0.099,0.017,20.0,1.8
11570,lh,pericalcarine,2330,1583.0,1935.0,1.406,0.282,0.133,0.027,26.0,2.9
11570,lh,postcentral,6190,3822.0,7937.0,1.897,0.605,0.094,0.017,44.0,4.4
11570,lh,posteriorcingulate,1678,1144.0,2800.0,2.346,0.707,0.122,0.021,22.0,1.6
11570,lh,precentral,7722,4743.0,12404.0,2.491,0.519,0.093,0.017,50.0,5.5
11570,lh,precuneus,6358,4206.0,11452.0,2.536,0.565,0.111,0.02,55.0,5.4
11570,lh,rostralanteriorcingulate,1340,893.0,2504.0,2.634,0.676,0.107,0.017,16.0,1.0
11570,lh,rostralmiddlefrontal,10370,7228.0,18802.0,2.405,0.597,0.125,0.026,113.0,11.2
11570,lh,superiorfrontal,13248,8804.0,25875.0,2.674,0.565,0.112,0.021,111.0,12.0
11570,lh,superiorparietal,8290,5338.0,14202.0,2.324,0.609,0.114,0.021,74.0,7.4
11570,lh,superiortemporal,7126,4643.0,14495.0,2.803,0.735,0.099,0.016,54.0,4.8
11570,lh,supramarginal,7283,4850.0,13051.0,2.458,0.517,0.112,0.019,63.0,6.1
11570,lh,frontalpole,374,340.0,1370.0,3.08,0.7,0.213,0.062,7.0,1.2
11570,lh,temporalpole,715,594.0,3059.0,3.952,0.435,0.166,0.037,11.0,1.3
11570,lh,transversetemporal,938,536.0,1269.0,2.164,0.326,0.084,0.011,7.0,0.4
11570,lh,insula,3899,2532.0,6756.0,2.71,0.792,0.102,0.021,28.0,3.2
11570,rh,bankssts,1586,1061.0,2219.0,2.196,0.471,0.1,0.018,10.0,1.2
11570,rh,caudalanteriorcingulate,1106,707.0,1529.0,1.99,0.729,0.129,0.014,18.0,0.7
11570,rh,caudalmiddlefrontal,3294,2174.0,5486.0,2.391,0.467,0.107,0.021,26.0,3.0
11570,rh,cuneus,2916,1934.0,3136.0,1.616,0.403,0.139,0.028,36.0,3.6
11570,rh,entorhinal,716,467.0,1997.0,3.142,0.802,0.108,0.017,5.0,0.5
11570,rh,fusiform,5870,3930.0,11303.0,2.531,0.611,0.112,0.021,61.0,5.0
11570,rh,inferiorparietal,9195,6062.0,15032.0,2.331,0.543,0.112,0.019,82.0,7.6
11570,rh,inferiortemporal,5096,3480.0,11124.0,2.802,0.67,0.112,0.021,51.0,4.6
11570,rh,isthmuscingulate,1628,1099.0,2819.0,2.224,0.871,0.111,0.026,22.0,1.3
11570,rh,lateraloccipital,9976,6516.0,15719.0,2.109,0.628,0.12,0.024,101.0,10.0
11570,rh,lateralorbitofrontal,4390,2965.0,7817.0,2.56,0.532,0.124,0.026,43.0,5.0
11570,rh,lingual,4340,2924.0,5504.0,1.743,0.638,0.127,0.028,50.0,5.1
11570,rh,medialorbitofrontal,3235,2221.0,5804.0,2.371,0.618,0.122,0.024,58.0,3.6
11570,rh,middletemporal,5690,3759.0,12565.0,2.814,0.67,0.107,0.02,56.0,4.7
11570,rh,parahippocampal,1049,650.0,2021.0,2.556,0.922,0.088,0.014,7.0,0.6
11570,rh,paracentral,2555,1513.0,4561.0,2.749,0.573,0.093,0.02,15.0,2.1
11570,rh,parsopercularis,2314,1528.0,4092.0,2.465,0.617,0.12,0.021,22.0,2.2
11570,rh,parsorbitalis,1491,1026.0,3488.0,2.761,0.555,0.127,0.025,17.0,1.5
11570,rh,parstriangularis,2819,1932.0,4576.0,2.264,0.462,0.116,0.022,25.0,2.7
11570,rh,pericalcarine,2542,1688.0,2233.0,1.438,0.296,0.111,0.022,22.0,2.4
11570,rh,postcentral,7247,4439.0,8833.0,1.806,0.634,0.091,0.016,48.0,4.9
11570,rh,posteriorcingulate,1926,1298.0,3286.0,2.325,0.803,0.119,0.022,22.0,1.8
11570,rh,precentral,8284,5056.0,12457.0,2.347,0.571,0.096,0.017,55.0,6.2
11570,rh,precuneus,6971,4639.0,11912.0,2.464,0.557,0.109,0.02,62.0,5.8
11570,rh,rostralanteriorcingulate,970,700.0,2149.0,2.547,0.566,0.122,0.022,14.0,1.0
11570,rh,rostralmiddlefrontal,10340,7168.0,17920.0,2.235,0.602,0.125,0.026,110.0,11.3
11570,rh,superiorfrontal,11956,7977.0,23830.0,2.705,0.596,0.112,0.021,104.0,10.6
11570,rh,superiorparietal,9122,5734.0,12642.0,2.06,0.541,0.106,0.018,76.0,7.3
11570,rh,superiortemporal,7066,4687.0,14683.0,2.857,0.706,0.103,0.019,56.0,5.7
11570,rh,supramarginal,7525,4939.0,11886.0,2.294,0.561,0.11,0.02,63.0,6.7
11570,rh,frontalpole,481,382.0,1436.0,2.784,0.548,0.169,0.048,10.0,1.0
11570,rh,temporalpole,708,530.0,3131.0,4.142,0.693,0.141,0.032,10.0,1.0
11570,rh,transversetemporal,729,372.0,1083.0,2.472,0.269,0.097,0.013,7.0,0.3
11570,rh,insula,3766,2481.0,7039.0,2.85,0.775,0.102,0.02,27.0,2.8
11606,lh,bankssts,1616,1066.0,2397.0,2.376,0.4,0.106,0.017,11.0,1.2
11606,lh,caudalanteriorcingulate,1058,702.0,1873.0,2.566,0.581,0.143,0.024,19.0,1.0
11606,lh,caudalmiddlefrontal,3417,2228.0,6157.0,2.511,0.525,0.098,0.015,24.0,2.2
11606,lh,cuneus,2798,1878.0,3575.0,1.751,0.515,0.129,0.026,35.0,3.3
11606,lh,entorhinal,771,500.0,2087.0,3.05,0.707,0.095,0.017,4.0,0.5
11606,lh,fusiform,5085,3369.0,10626.0,2.706,0.602,0.119,0.022,54.0,4.8
11606,lh,inferiorparietal,7552,4966.0,13156.0,2.436,0.487,0.113,0.018,70.0,6.2
11606,lh,inferiortemporal,5119,3428.0,10382.0,2.658,0.546,0.113,0.018,50.0,4.1
11606,lh,isthmuscingulate,1527,1009.0,2603.0,2.276,0.688,0.111,0.02,18.0,1.2
11606,lh,lateraloccipital,7519,4837.0,10655.0,1.989,0.556,0.122,0.025,79.0,8.2
11606,lh,lateralorbitofrontal,4044,2704.0,7247.0,2.552,0.534,0.123,0.021,49.0,3.5
11606,lh,lingual,4876,3282.0,7217.0,1.987,0.739,0.132,0.028,57.0,5.9
11606,lh,medialorbitofrontal,2814,1858.0,4596.0,2.218,0.605,0.105,0.02,35.0,2.3
11606,lh,middletemporal,4564,3108.0,9951.0,2.7,0.567,0.116,0.021,52.0,4.2
11606,lh,parahippocampal,1018,635.0,2096.0,2.756,0.766,0.085,0.016,7.0,0.6
11606,lh,paracentral,2555,1555.0,3680.0,2.148,0.603,0.095,0.017,17.0,2.0
11606,lh,parsopercularis,2504,1679.0,4694.0,2.441,0.518,0.099,0.016,21.0,1.8
11606,lh,parsorbitalis,861,582.0,1866.0,2.605,0.558,0.127,0.023,10.0,0.8
11606,lh,parstriangularis,1553,1018.0,2747.0,2.352,0.583,0.117,0.019,13.0,1.3
11606,lh,pericalcarine,2721,1854.0,2653.0,1.587,0.384,0.129,0.025,29.0,2.9
11606,lh,postcentral,6872,4274.0,9529.0,2.014,0.596,0.103,0.018,58.0,5.4
11606,lh,posteriorcingulate,1819,1203.0,3138.0,2.385,0.638,0.128,0.02,24.0,1.6
11606,lh,precentral,7462,4535.0,12151.0,2.472,0.662,0.104,0.019,59.0,6.2
11606,lh,precuneus,5723,3847.0,9813.0,2.35,0.53,0.118,0.021,57.0,5.1
11606,lh,rostralanteriorcingulate,899,600.0,1806.0,2.705,0.454,0.111,0.019,10.0,0.7
11606,lh,rostralmiddlefrontal,8103,5583.0,13496.0,2.161,0.544,0.13,0.025,100.0,8.5
11606,lh,superiorfrontal,10093,6633.0,18963.0,2.584,0.512,0.112,0.02,86.0,8.6
11606,lh,superiorparietal,8206,5344.0,12676.0,2.216,0.478,0.117,0.019,82.0,6.9
11606,lh,superiortemporal,5138,3366.0,9732.0,2.557,0.6,0.094,0.015,42.0,3.5
11606,lh,supramarginal,5289,3583.0,9921.0,2.474,0.474,0.112,0.021,53.0,4.8
11606,lh,frontalpole,318,230.0,738.0,2.373,0.471,0.148,0.026,5.0,0.4
11606,lh,temporalpole,673,499.0,2471.0,3.581,0.687,0.134,0.026,8.0,0.7
11606,lh,transversetemporal,643,345.0,875.0,2.346,0.3,0.102,0.017,6.0,0.4
11606,lh,insula,3201,2073.0,5958.0,2.871,0.752,0.103,0.022,24.0,2.7
11606,rh,bankssts,1465,940.0,2226.0,2.549,0.396,0.093,0.015,9.0,0.9
11606,rh,caudalanteriorcingulate,1376,922.0,2685.0,2.482,0.703,0.123,0.017,18.0,1.0
11606,rh,caudalmiddlefrontal,2714,1778.0,4754.0,2.433,0.454,0.099,0.015,20.0,1.8
11606,rh,cuneus,2788,1871.0,3677.0,1.76,0.609,0.137,0.024,37.0,3.2
11606,rh,entorhinal,587,386.0,1641.0,3.298,0.674,0.095,0.016,3.0,0.4
11606,rh,fusiform,4732,3084.0,9580.0,2.672,0.689,0.11,0.022,54.0,4.6
11606,rh,inferiorparietal,8348,5445.0,15176.0,2.515,0.498,0.106,0.018,72.0,6.5
11606,rh,inferiortemporal,4569,3085.0,9377.0,2.648,0.539,0.117,0.02,43.0,3.9
11606,rh,isthmuscingulate,1421,937.0,2449.0,2.399,0.723,0.122,0.022,17.0,1.3
11606,rh,lateraloccipital,7085,4615.0,10071.0,2.049,0.533,0.127,0.024,79.0,7.5
11606,rh,lateralorbitofrontal,3741,2564.0,6776.0,2.605,0.579,0.129,0.024,49.0,3.9
11606,rh,lingual,4963,3408.0,6730.0,1.853,0.66,0.137,0.029,62.0,6.4
11606,rh,medialorbitofrontal,2915,1992.0,5250.0,2.41,0.688,0.12,0.025,41.0,3.2
11606,rh,middletemporal,4909,3340.0,10818.0,2.737,0.629,0.115,0.02,49.0,4.5
11606,rh,parahippocampal,1072,656.0,2185.0,2.85,0.733,0.08,0.015,6.0,0.6
11606,rh,paracentral,2538,1518.0,3514.0,2.287,0.56,0.104,0.021,18.0,2.3
11606,rh,parsopercularis,1755,1166.0,3275.0,2.678,0.46,0.108,0.019,15.0,1.3
11606,rh,parsorbitalis,1200,794.0,2502.0,2.523,0.566,0.113,0.019,13.0,1.0
11606,rh,parstriangularis,1951,1290.0,3128.0,2.198,0.557,0.111,0.017,17.0,1.5
11606,rh,pericalcarine,2819,1901.0,2540.0,1.511,0.478,0.135,0.028,32.0,3.4
11606,rh,postcentral,6371,3832.0,8063.0,1.912,0.643,0.09,0.015,45.0,4.0
11606,rh,posteriorcingulate,1891,1306.0,3447.0,2.362,0.754,0.133,0.024,28.0,2.0
11606,rh,precentral,7774,4622.0,12065.0,2.426,0.684,0.098,0.018,59.0,5.9
11606,rh,precuneus,5650,3760.0,9900.0,2.371,0.564,0.115,0.02,60.0,4.6
11606,rh,rostralanteriorcingulate,813,577.0,1706.0,2.624,0.514,0.121,0.02,9.0,0.8
11606,rh,rostralmiddlefrontal,8416,5862.0,13514.0,2.125,0.48,0.13,0.025,107.0,9.2
11606,rh,superiorfrontal,9753,6509.0,19681.0,2.671,0.587,0.116,0.021,93.0,8.8
11606,rh,superiorparietal,9412,6116.0,15483.0,2.23,0.55,0.109,0.018,87.0,7.4
11606,rh,superiortemporal,5498,3437.0,10119.0,2.632,0.579,0.085,0.011,35.0,2.8
11606,rh,supramarginal,5982,3931.0,10566.0,2.495,0.51,0.112,0.02,56.0,5.0
11606,rh,frontalpole,406,329.0,886.0,2.359,0.486,0.189,0.047,11.0,0.8
11606,rh,temporalpole,587,440.0,2504.0,3.673,0.671,0.152,0.033,10.0,0.8
11606,rh,transversetemporal,513,290.0,693.0,2.163,0.369,0.09,0.016,4.0,0.3
11606,rh,insula,2939,1908.0,5681.0,2.931,0.695,0.094,0.019,19.0,2.0
11622,lh,bankssts,1108,738.0,1636.0,2.456,0.395,0.105,0.019,7.0,1.0
11622,lh,caudalanteriorcingulate,633,397.0,896.0,2.041,0.433,0.121,0.015,8.0,0.5
11622,lh,caudalmiddlefrontal,3041,1972.0,5897.0,2.662,0.524,0.103,0.019,24.0,2.4
11622,lh,cuneus,2267,1538.0,2892.0,1.805,0.441,0.152,0.032,37.0,3.2
11622,lh,entorhinal,446,299.0,1474.0,3.444,0.743,0.112,0.024,5.0,0.3
11622,lh,fusiform,3435,2321.0,6523.0,2.492,0.732,0.111,0.021,35.0,3.0
11622,lh,inferiorparietal,4900,3291.0,7839.0,2.227,0.477,0.119,0.023,53.0,4.8
11622,lh,inferiortemporal,3538,2483.0,7844.0,2.615,0.739,0.124,0.024,44.0,3.7
11622,lh,isthmuscingulate,1205,792.0,1757.0,2.129,0.573,0.126,0.025,16.0,1.3
11622,lh,lateraloccipital,5135,3439.0,6333.0,1.772,0.445,0.129,0.024,63.0,5.5
11622,lh,lateralorbitofrontal,2996,2035.0,4919.0,2.326,0.481,0.125,0.026,36.0,3.5
11622,lh,lingual,3883,2640.0,5064.0,1.775,0.507,0.133,0.027,51.0,4.7
11622,lh,medialorbitofrontal,2302,1604.0,3817.0,2.179,0.642,0.119,0.026,33.0,2.6
11622,lh,middletemporal,3346,2284.0,7618.0,2.7,0.619,0.115,0.022,36.0,3.1
11622,lh,parahippocampal,1077,603.0,1494.0,2.159,0.659,0.058,0.008,6.0,0.3
11622,lh,paracentral,1913,1133.0,2354.0,2.049,0.439,0.103,0.019,15.0,1.6
11622,lh,parsopercularis,2132,1411.0,3883.0,2.472,0.482,0.099,0.018,17.0,1.6
11622,lh,parsorbitalis,733,515.0,1599.0,2.726,0.505,0.156,0.044,13.0,1.2
11622,lh,parstriangularis,1717,1143.0,3079.0,2.41,0.542,0.118,0.026,19.0,1.9
11622,lh,pericalcarine,1658,1165.0,1514.0,1.419,0.288,0.132,0.024,19.0,1.6
11622,lh,postcentral,5056,3156.0,6703.0,1.914,0.582,0.105,0.022,47.0,4.4
11622,lh,posteriorcingulate,1491,991.0,2166.0,2.071,0.54,0.138,0.024,22.0,1.5
11622,lh,precentral,5753,3580.0,9815.0,2.552,0.582,0.105,0.021,47.0,4.9
11622,lh,precuneus,4205,2842.0,6794.0,2.197,0.534,0.117,0.02,47.0,3.5
11622,lh,rostralanteriorcingulate,731,447.0,939.0,2.173,0.845,0.09,0.015,5.0,0.4
11622,lh,rostralmiddlefrontal,6752,4649.0,11841.0,2.26,0.572,0.127,0.027,77.0,7.7
11622,lh,superiorfrontal,9320,6098.0,17053.0,2.497,0.544,0.114,0.024,89.0,9.5
11622,lh,superiorparietal,6771,4406.0,10863.0,2.201,0.558,0.12,0.023,71.0,6.6
11622,lh,superiortemporal,4657,3073.0,9039.0,2.578,0.627,0.099,0.016,38.0,3.2
11622,lh,supramarginal,4739,3254.0,8542.0,2.407,0.514,0.127,0.026,54.0,5.3
11622,lh,frontalpole,323,268.0,797.0,2.392,0.56,0.164,0.036,7.0,0.5
11622,lh,temporalpole,628,459.0,2470.0,3.514,0.841,0.113,0.023,6.0,0.7
11622,lh,transversetemporal,642,385.0,870.0,2.196,0.411,0.108,0.019,5.0,0.5
11622,lh,insula,3285,2127.0,5685.0,2.725,0.785,0.104,0.029,25.0,3.9
11622,rh,bankssts,1114,785.0,1527.0,2.194,0.426,0.124,0.027,10.0,1.2
11622,rh,caudalanteriorcingulate,1042,711.0,1802.0,2.27,0.6,0.126,0.021,16.0,0.9
11622,rh,caudalmiddlefrontal,2670,1787.0,5071.0,2.568,0.514,0.111,0.022,23.0,2.6
11622,rh,cuneus,2266,1475.0,2323.0,1.577,0.364,0.131,0.023,30.0,2.4
11622,rh,entorhinal,497,341.0,2131.0,3.835,0.922,0.108,0.029,6.0,0.7
11622,rh,fusiform,3138,2171.0,6325.0,2.592,0.687,0.118,0.025,32.0,3.3
11622,rh,inferiorparietal,5899,3920.0,9703.0,2.267,0.456,0.112,0.019,63.0,4.9
11622,rh,inferiortemporal,3016,2136.0,7203.0,2.83,0.711,0.133,0.03,39.0,3.9
11622,rh,isthmuscingulate,1250,785.0,1727.0,2.05,0.596,0.119,0.021,16.0,1.1
11622,rh,lateraloccipital,5134,3378.0,7088.0,1.953,0.554,0.134,0.028,60.0,6.3
11622,rh,lateralorbitofrontal,2814,2003.0,4865.0,2.419,0.59,0.144,0.035,41.0,4.2
11622,rh,lingual,3906,2742.0,5056.0,1.749,0.463,0.146,0.032,51.0,5.5
11622,rh,medialorbitofrontal,2179,1581.0,4048.0,2.378,0.648,0.132,0.026,29.0,2.4
11622,rh,middletemporal,4147,2829.0,8836.0,2.686,0.6,0.124,0.023,48.0,4.2
11622,rh,parahippocampal,784,469.0,1309.0,2.384,0.66,0.075,0.012,4.0,0.3
11622,rh,paracentral,1937,1166.0,2969.0,2.364,0.576,0.102,0.019,14.0,1.5
11622,rh,parsopercularis,1737,1159.0,3208.0,2.485,0.468,0.109,0.02,16.0,1.4
11622,rh,parsorbitalis,986,666.0,1996.0,2.503,0.524,0.138,0.028,13.0,1.1
11622,rh,parstriangularis,1960,1323.0,3653.0,2.39,0.57,0.114,0.021,19.0,1.7
11622,rh,pericalcarine,2322,1524.0,1982.0,1.406,0.273,0.114,0.02,24.0,2.1
11622,rh,postcentral,5034,3118.0,6887.0,2.028,0.658,0.103,0.022,40.0,4.6
11622,rh,posteriorcingulate,1529,1071.0,2559.0,2.222,0.621,0.129,0.023,20.0,1.7
11622,rh,precentral,6209,3815.0,10181.0,2.477,0.622,0.104,0.021,48.0,5.7
11622,rh,precuneus,4277,2926.0,7002.0,2.256,0.554,0.116,0.021,44.0,3.9
11622,rh,rostralanteriorcingulate,694,485.0,1394.0,2.414,0.555,0.112,0.019,8.0,0.6
11622,rh,rostralmiddlefrontal,6616,4662.0,11920.0,2.327,0.518,0.135,0.029,79.0,8.0
11622,rh,superiorfrontal,8233,5466.0,15125.0,2.572,0.462,0.113,0.024,81.0,8.3
11622,rh,superiorparietal,6212,4068.0,10134.0,2.162,0.606,0.121,0.023,60.0,6.0
11622,rh,superiortemporal,4819,3188.0,9514.0,2.652,0.577,0.105,0.018,45.0,3.8
11622,rh,supramarginal,4561,3047.0,7886.0,2.338,0.478,0.105,0.019,40.0,3.7
11622,rh,frontalpole,394,285.0,993.0,2.589,0.321,0.16,0.032,8.0,0.6
11622,rh,temporalpole,486,386.0,2257.0,3.694,0.701,0.166,0.048,8.0,0.9
11622,rh,transversetemporal,516,286.0,717.0,2.386,0.319,0.096,0.019,4.0,0.3
11622,rh,insula,3057,1935.0,5344.0,2.7,0.8,0.094,0.02,19.0,2.2
11681,lh,bankssts,1674,1118.0,2527.0,2.422,0.394,0.099,0.016,11.0,1.1
11681,lh,caudalanteriorcingulate,950,632.0,1861.0,2.488,0.781,0.121,0.018,14.0,0.7
11681,lh,caudalmiddlefrontal,3592,2322.0,6328.0,2.581,0.467,0.102,0.02,28.0,2.9
11681,lh,cuneus,2984,1995.0,3700.0,1.776,0.488,0.132,0.027,35.0,3.5
11681,lh,entorhinal,760,504.0,2006.0,3.14,0.581,0.098,0.02,4.0,0.6
11681,lh,fusiform,4588,3192.0,9883.0,2.727,0.614,0.124,0.028,57.0,5.2
11681,lh,inferiorparietal,6429,4332.0,10497.0,2.291,0.52,0.12,0.022,68.0,6.2
11681,lh,inferiortemporal,4723,3361.0,10737.0,2.809,0.649,0.116,0.02,51.0,4.2
11681,lh,isthmuscingulate,1563,1027.0,2749.0,2.211,0.906,0.11,0.023,18.0,1.5
11681,lh,lateraloccipital,8449,5606.0,12962.0,2.153,0.598,0.134,0.03,105.0,10.9
11681,lh,lateralorbitofrontal,3827,2677.0,7338.0,2.691,0.511,0.135,0.03,48.0,4.9
11681,lh,lingual,5054,3409.0,7466.0,2.024,0.679,0.129,0.028,58.0,6.1
11681,lh,medialorbitofrontal,2689,1852.0,4577.0,2.302,0.608,0.119,0.024,41.0,2.7
11681,lh,middletemporal,5194,3579.0,12023.0,2.742,0.617,0.112,0.022,59.0,4.7
11681,lh,parahippocampal,1211,711.0,2471.0,2.914,0.649,0.088,0.021,10.0,1.0
11681,lh,paracentral,2487,1344.0,3406.0,2.376,0.631,0.095,0.024,22.0,2.3
11681,lh,parsopercularis,2300,1499.0,3884.0,2.408,0.467,0.105,0.019,20.0,1.7
11681,lh,parsorbitalis,1312,868.0,2483.0,2.372,0.632,0.125,0.024,17.0,1.3
11681,lh,parstriangularis,2420,1628.0,4022.0,2.256,0.526,0.113,0.021,27.0,2.2
11681,lh,pericalcarine,2254,1532.0,2059.0,1.505,0.359,0.132,0.028,23.0,2.6
11681,lh,postcentral,7038,4316.0,8599.0,1.877,0.556,0.102,0.019,60.0,5.8
11681,lh,posteriorcingulate,1651,1178.0,2895.0,2.222,0.733,0.129,0.024,22.0,1.7
11681,lh,precentral,8165,4890.0,12940.0,2.507,0.636,0.102,0.022,65.0,7.8
11681,lh,precuneus,6402,4346.0,11123.0,2.351,0.629,0.122,0.023,63.0,6.3
11681,lh,rostralanteriorcingulate,1336,940.0,2710.0,2.595,0.602,0.132,0.025,24.0,1.3
11681,lh,rostralmiddlefrontal,8829,6302.0,15172.0,2.226,0.515,0.131,0.027,105.0,10.0
11681,lh,superiorfrontal,9866,6563.0,18896.0,2.605,0.57,0.117,0.025,92.0,10.3
11681,lh,superiorparietal,10500,6562.0,15799.0,2.181,0.563,0.107,0.02,90.0,8.9
11681,lh,superiortemporal,6775,4353.0,13477.0,2.761,0.673,0.1,0.02,57.0,5.6
11681,lh,supramarginal,6259,4249.0,11325.0,2.436,0.576,0.117,0.023,60.0,6.2
11681,lh,frontalpole,384,291.0,902.0,2.419,0.478,0.159,0.029,8.0,0.5
11681,lh,temporalpole,721,553.0,3020.0,3.928,0.639,0.139,0.031,8.0,0.9
11681,lh,transversetemporal,917,483.0,1331.0,2.512,0.457,0.105,0.02,9.0,0.7
11681,lh,insula,4033,2693.0,7558.0,2.862,0.823,0.121,0.033,51.0,5.7
11681,rh,bankssts,1485,987.0,2186.0,2.32,0.37,0.098,0.015,10.0,1.0
11681,rh,caudalanteriorcingulate,971,619.0,1472.0,2.09,0.669,0.116,0.012,12.0,0.5
11681,rh,caudalmiddlefrontal,3506,2276.0,6024.0,2.46,0.491,0.104,0.019,28.0,2.9
11681,rh,cuneus,3377,2209.0,4251.0,1.857,0.532,0.136,0.03,42.0,4.5
11681,rh,entorhinal,728,509.0,1989.0,2.936,0.826,0.124,0.03,7.0,1.0
11681,rh,fusiform,4336,2863.0,9107.0,2.715,0.569,0.116,0.021,50.0,4.1
11681,rh,inferiorparietal,8933,5997.0,16195.0,2.405,0.556,0.117,0.024,95.0,9.1
11681,rh,inferiortemporal,5200,3613.0,11517.0,2.84,0.664,0.118,0.023,59.0,5.1
11681,rh,isthmuscingulate,1501,985.0,2554.0,2.28,0.816,0.117,0.024,18.0,1.4
11681,rh,lateraloccipital,9417,6149.0,15460.0,2.268,0.622,0.129,0.03,111.0,12.0
11681,rh,lateralorbitofrontal,3992,2773.0,7490.0,2.59,0.614,0.138,0.033,53.0,5.3
11681,rh,lingual,4896,3367.0,6830.0,1.927,0.636,0.131,0.029,55.0,6.2
11681,rh,medialorbitofrontal,3210,2229.0,5694.0,2.326,0.748,0.117,0.023,44.0,3.0
11681,rh,middletemporal,5145,3495.0,11416.0,2.751,0.598,0.106,0.02,56.0,4.1
11681,rh,parahippocampal,856,517.0,1650.0,2.621,0.844,0.089,0.016,7.0,0.5
11681,rh,paracentral,2519,1402.0,3450.0,2.366,0.639,0.091,0.017,14.0,1.9
11681,rh,parsopercularis,2031,1319.0,3761.0,2.53,0.428,0.104,0.017,20.0,1.5
11681,rh,parsorbitalis,1367,967.0,2917.0,2.495,0.754,0.13,0.026,16.0,1.3
11681,rh,parstriangularis,2195,1532.0,3611.0,2.172,0.5,0.125,0.023,23.0,2.2
11681,rh,pericalcarine,2248,1487.0,1974.0,1.533,0.456,0.123,0.026,22.0,2.4
11681,rh,postcentral,6401,3842.0,8592.0,2.083,0.607,0.097,0.018,55.0,5.1
11681,rh,posteriorcingulate,1739,1154.0,2647.0,2.158,0.658,0.117,0.02,21.0,1.5
11681,rh,precentral,8195,4885.0,12307.0,2.436,0.565,0.101,0.021,63.0,7.3
11681,rh,precuneus,6387,4168.0,9863.0,2.237,0.574,0.108,0.019,54.0,5.2
11681,rh,rostralanteriorcingulate,1001,734.0,1985.0,2.375,0.634,0.131,0.026,14.0,1.1
11681,rh,rostralmiddlefrontal,8719,6271.0,15209.0,2.219,0.534,0.129,0.027,107.0,10.3
11681,rh,superiorfrontal,10071,6626.0,19472.0,2.615,0.578,0.115,0.024,102.0,9.9
11681,rh,superiorparietal,9196,5769.0,13036.0,2.123,0.478,0.114,0.021,90.0,8.5
11681,rh,superiortemporal,6209,4037.0,11968.0,2.69,0.554,0.101,0.018,53.0,4.8
11681,rh,supramarginal,5737,3902.0,10098.0,2.468,0.544,0.118,0.023,63.0,5.8
11681,rh,frontalpole,502,416.0,1321.0,2.456,0.623,0.191,0.046,15.0,1.1
11681,rh,temporalpole,577,409.0,2459.0,4.065,0.533,0.116,0.034,8.0,0.6
11681,rh,transversetemporal,542,301.0,856.0,2.519,0.347,0.106,0.019,6.0,0.4
11681,rh,insula,3475,2309.0,6646.0,2.901,0.601,0.115,0.024,32.0,3.6
11854,lh,bankssts,1451,985.0,2121.0,2.301,0.417,0.1,0.015,9.0,0.9
11854,lh,caudalanteriorcingulate,967,620.0,1377.0,2.052,0.588,0.103,0.011,10.0,0.6
11854,lh,caudalmiddlefrontal,2824,1870.0,5151.0,2.494,0.49,0.112,0.022,25.0,2.6
11854,lh,cuneus,2210,1400.0,2574.0,1.708,0.492,0.122,0.022,26.0,2.3
11854,lh,entorhinal,521,328.0,1871.0,3.415,0.856,0.077,0.021,2.0,0.3
11854,lh,fusiform,4059,2688.0,7383.0,2.535,0.535,0.112,0.022,39.0,3.4
11854,lh,inferiorparietal,5591,3863.0,9374.0,2.276,0.417,0.118,0.021,59.0,5.0
11854,lh,inferiortemporal,4794,3331.0,10645.0,2.744,0.68,0.119,0.024,54.0,4.9
11854,lh,isthmuscingulate,1509,948.0,2347.0,2.156,0.809,0.112,0.023,16.0,1.3
11854,lh,lateraloccipital,6623,4461.0,10366.0,2.086,0.555,0.133,0.027,83.0,7.8
11854,lh,lateralorbitofrontal,3182,2138.0,6467.0,2.72,0.751,0.127,0.029,34.0,3.8
11854,lh,lingual,4353,2917.0,5948.0,1.884,0.581,0.128,0.028,47.0,5.3
11854,lh,medialorbitofrontal,2457,1677.0,4186.0,2.3,0.726,0.116,0.023,33.0,2.6
11854,lh,middletemporal,4301,2988.0,9625.0,2.723,0.632,0.123,0.024,52.0,4.4
11854,lh,parahippocampal,1052,629.0,1651.0,2.315,0.625,0.066,0.01,5.0,0.3
11854,lh,paracentral,1878,1090.0,2575.0,2.18,0.582,0.081,0.014,10.0,1.1
11854,lh,parsopercularis,2239,1512.0,4181.0,2.426,0.584,0.111,0.022,23.0,2.0
11854,lh,parsorbitalis,818,546.0,1971.0,2.672,0.779,0.117,0.028,9.0,0.9
11854,lh,parstriangularis,1750,1163.0,2590.0,2.036,0.523,0.11,0.025,16.0,1.7
11854,lh,pericalcarine,2234,1483.0,2123.0,1.55,0.342,0.125,0.027,24.0,2.4
11854,lh,postcentral,5926,3754.0,8002.0,1.921,0.6,0.099,0.018,48.0,4.5
11854,lh,posteriorcingulate,1759,1138.0,2875.0,2.302,0.762,0.116,0.018,21.0,1.3
11854,lh,precentral,6474,4051.0,11330.0,2.543,0.578,0.096,0.019,45.0,5.4
11854,lh,precuneus,5273,3540.0,8457.0,2.241,0.57,0.111,0.021,50.0,5.0
11854,lh,rostralanteriorcingulate,1112,760.0,2370.0,2.805,0.818,0.111,0.027,13.0,1.3
11854,lh,rostralmiddlefrontal,7478,5210.0,13752.0,2.322,0.599,0.131,0.03,87.0,9.3
11854,lh,superiorfrontal,9366,6203.0,18113.0,2.572,0.599,0.111,0.022,87.0,8.4
11854,lh,superiorparietal,7595,5086.0,11766.0,2.112,0.469,0.112,0.019,76.0,6.4
11854,lh,superiortemporal,5317,3436.0,11081.0,2.787,0.672,0.099,0.017,44.0,3.9
11854,lh,supramarginal,4923,3348.0,8437.0,2.3,0.64,0.117,0.022,55.0,4.5
11854,lh,frontalpole,345,274.0,954.0,2.523,0.717,0.189,0.056,8.0,0.8
11854,lh,temporalpole,626,430.0,2138.0,3.491,0.797,0.105,0.023,6.0,0.6
11854,lh,transversetemporal,691,409.0,1009.0,2.334,0.375,0.115,0.015,8.0,0.4
11854,lh,insula,3019,1941.0,5667.0,2.908,0.835,0.099,0.024,19.0,2.8
11854,rh,bankssts,1155,755.0,1704.0,2.469,0.326,0.08,0.012,4.0,0.6
11854,rh,caudalanteriorcingulate,829,539.0,1279.0,2.139,0.607,0.124,0.014,12.0,0.6
11854,rh,caudalmiddlefrontal,2887,1949.0,5307.0,2.505,0.463,0.112,0.022,26.0,2.7
11854,rh,cuneus,2350,1517.0,2551.0,1.609,0.391,0.126,0.027,27.0,2.9
11854,rh,entorhinal,546,371.0,1860.0,3.34,0.728,0.107,0.026,5.0,0.5
11854,rh,fusiform,4163,2780.0,8909.0,2.675,0.669,0.109,0.021,40.0,3.5
11854,rh,inferiorparietal,7028,4739.0,12235.0,2.34,0.557,0.113,0.02,73.0,6.0
11854,rh,inferiortemporal,4502,3141.0,9718.0,2.682,0.66,0.125,0.023,53.0,4.6
11854,rh,isthmuscingulate,1407,885.0,2158.0,2.121,0.882,0.102,0.02,16.0,1.0
11854,rh,lateraloccipital,6995,4703.0,11548.0,2.224,0.589,0.128,0.025,82.0,7.7
11854,rh,lateralorbitofrontal,3366,2304.0,6209.0,2.589,0.795,0.128,0.031,39.0,4.5
11854,rh,lingual,4060,2862.0,5603.0,1.85,0.541,0.137,0.029,51.0,5.2
11854,rh,medialorbitofrontal,2566,1886.0,4985.0,2.458,0.757,0.129,0.028,44.0,3.2
11854,rh,middletemporal,4297,2922.0,9779.0,2.772,0.661,0.115,0.022,42.0,3.9
11854,rh,parahippocampal,938,558.0,1420.0,2.237,0.695,0.069,0.01,4.0,0.3
11854,rh,paracentral,2072,1186.0,2907.0,2.392,0.61,0.086,0.015,11.0,1.4
11854,rh,parsopercularis,1641,1088.0,3056.0,2.509,0.517,0.111,0.021,16.0,1.5
11854,rh,parsorbitalis,1017,710.0,2283.0,2.445,0.903,0.127,0.025,11.0,1.1
11854,rh,parstriangularis,1905,1319.0,3316.0,2.24,0.581,0.126,0.025,21.0,1.9
11854,rh,pericalcarine,2183,1487.0,1956.0,1.488,0.335,0.129,0.03,24.0,2.7
11854,rh,postcentral,5736,3524.0,7306.0,1.901,0.608,0.095,0.018,44.0,4.4
11854,rh,posteriorcingulate,1648,1078.0,2806.0,2.342,0.719,0.115,0.018,20.0,1.3
11854,rh,precentral,7041,4366.0,11537.0,2.462,0.571,0.098,0.018,50.0,5.6
11854,rh,precuneus,5128,3441.0,8668.0,2.34,0.601,0.117,0.022,52.0,4.7
11854,rh,rostralanteriorcingulate,625,411.0,1207.0,2.587,0.592,0.103,0.016,5.0,0.5
11854,rh,rostralmiddlefrontal,7717,5440.0,13568.0,2.184,0.599,0.124,0.026,86.0,8.3
11854,rh,superiorfrontal,8761,5840.0,17077.0,2.569,0.534,0.108,0.021,79.0,7.5
11854,rh,superiorparietal,7683,5069.0,12078.0,2.182,0.505,0.116,0.022,87.0,7.1
11854,rh,superiortemporal,5101,3249.0,9961.0,2.647,0.671,0.092,0.015,40.0,3.2
11854,rh,supramarginal,5024,3414.0,8995.0,2.349,0.569,0.116,0.022,55.0,4.9
11854,rh,frontalpole,451,370.0,1322.0,2.822,0.567,0.165,0.045,9.0,0.9
11854,rh,temporalpole,680,470.0,2259.0,3.436,0.596,0.134,0.031,9.0,0.9
11854,rh,transversetemporal,502,300.0,725.0,2.209,0.325,0.084,0.012,3.0,0.2
11854,rh,insula,2973,1902.0,5419.0,2.789,0.703,0.099,0.021,21.0,2.4
11861,lh,bankssts,1785,1182.0,2810.0,2.46,0.481,0.092,0.016,10.0,1.2
11861,lh,caudalanteriorcingulate,773,474.0,1155.0,2.323,0.373,0.1,0.01,7.0,0.4
11861,lh,caudalmiddlefrontal,3060,2054.0,6071.0,2.746,0.444,0.111,0.02,26.0,2.7
11861,lh,cuneus,2061,1335.0,2402.0,1.617,0.51,0.133,0.026,25.0,2.3
11861,lh,entorhinal,501,319.0,1646.0,3.605,0.657,0.084,0.017,3.0,0.3
11861,lh,fusiform,4293,2842.0,8884.0,2.799,0.521,0.112,0.021,43.0,3.7
11861,lh,inferiorparietal,7089,4863.0,13430.0,2.538,0.467,0.117,0.02,77.0,5.9
11861,lh,inferiortemporal,5091,3509.0,11504.0,2.723,0.629,0.123,0.027,65.0,5.6
11861,lh,isthmuscingulate,1549,992.0,2329.0,1.979,0.845,0.108,0.022,20.0,1.3
11861,lh,lateraloccipital,7256,4787.0,10658.0,2.043,0.578,0.128,0.026,88.0,7.9
11861,lh,lateralorbitofrontal,3579,2403.0,7388.0,2.956,0.667,0.12,0.025,39.0,3.7
11861,lh,lingual,4705,3204.0,6200.0,1.813,0.609,0.125,0.022,51.0,4.7
11861,lh,medialorbitofrontal,2707,1831.0,4902.0,2.481,0.721,0.128,0.036,42.0,4.0
11861,lh,middletemporal,4843,3361.0,12310.0,2.929,0.67,0.126,0.023,63.0,4.8
11861,lh,parahippocampal,1099,659.0,1951.0,2.454,0.666,0.067,0.009,4.0,0.3
11861,lh,paracentral,2052,1236.0,3289.0,2.445,0.509,0.095,0.019,14.0,1.6
11861,lh,parsopercularis,2598,1722.0,4780.0,2.532,0.468,0.107,0.019,26.0,2.0
11861,lh,parsorbitalis,888,673.0,2205.0,2.683,0.747,0.145,0.035,17.0,1.3
11861,lh,parstriangularis,1864,1259.0,3391.0,2.411,0.559,0.125,0.023,22.0,1.9
11861,lh,pericalcarine,1848,1253.0,1500.0,1.407,0.342,0.124,0.024,18.0,2.0
11861,lh,postcentral,6553,4209.0,10031.0,2.127,0.615,0.113,0.021,68.0,6.0
11861,lh,posteriorcingulate,1629,1067.0,2798.0,2.359,0.629,0.12,0.018,21.0,1.4
11861,lh,precentral,7493,4571.0,12974.0,2.634,0.561,0.099,0.019,55.0,6.0
11861,lh,precuneus,4899,3378.0,8339.0,2.355,0.553,0.127,0.023,56.0,4.7
11861,lh,rostralanteriorcingulate,1260,833.0,2660.0,2.659,0.619,0.127,0.021,16.0,1.2
11861,lh,rostralmiddlefrontal,7991,5650.0,15510.0,2.422,0.59,0.131,0.028,104.0,9.3
11861,lh,superiorfrontal,11092,7411.0,23567.0,2.817,0.529,0.115,0.022,106.0,10.0
11861,lh,superiorparietal,7322,4676.0,12156.0,2.308,0.555,0.11,0.021,72.0,6.2
11861,lh,superiortemporal,5564,3718.0,11904.0,2.773,0.665,0.102,0.018,51.0,4.2
11861,lh,supramarginal,5842,3996.0,10906.0,2.497,0.511,0.121,0.022,69.0,5.3
11861,lh,frontalpole,346,237.0,950.0,2.976,0.347,0.152,0.034,7.0,0.5
11861,lh,temporalpole,617,455.0,2503.0,3.589,0.892,0.135,0.031,8.0,0.8
11861,lh,transversetemporal,659,438.0,1007.0,2.202,0.394,0.126,0.02,7.0,0.5
11861,lh,insula,3410,2250.0,6713.0,2.976,0.618,0.115,0.028,32.0,3.7
11861,rh,bankssts,1504,1033.0,2307.0,2.31,0.423,0.102,0.017,11.0,1.0
11861,rh,caudalanteriorcingulate,888,579.0,1591.0,2.287,0.766,0.115,0.012,11.0,0.5
11861,rh,caudalmiddlefrontal,3066,2037.0,6376.0,2.751,0.45,0.111,0.019,27.0,2.6
11861,rh,cuneus,2766,1713.0,3608.0,1.833,0.593,0.134,0.025,36.0,3.4
11861,rh,entorhinal,461,305.0,1599.0,3.417,0.701,0.086,0.018,3.0,0.4
11861,rh,fusiform,4404,2845.0,8521.0,2.733,0.619,0.11,0.018,43.0,3.3
11861,rh,inferiorparietal,9064,6062.0,16122.0,2.421,0.498,0.114,0.02,96.0,7.7
11861,rh,inferiortemporal,5143,3519.0,12025.0,2.813,0.67,0.124,0.025,68.0,5.3
11861,rh,isthmuscingulate,1638,1051.0,2552.0,1.99,0.808,0.107,0.019,19.0,1.2
11861,rh,lateraloccipital,6929,4484.0,10365.0,2.117,0.554,0.123,0.025,79.0,7.6
11861,rh,lateralorbitofrontal,3482,2423.0,6688.0,2.621,0.664,0.132,0.034,51.0,5.2
11861,rh,lingual,4680,3164.0,6016.0,1.779,0.611,0.128,0.028,55.0,5.6
11861,rh,medialorbitofrontal,2988,2076.0,5597.0,2.349,0.785,0.125,0.024,45.0,3.4
11861,rh,middletemporal,5903,3950.0,13762.0,2.839,0.65,0.112,0.019,64.0,4.9
11861,rh,parahippocampal,1045,616.0,1741.0,2.431,0.671,0.06,0.007,4.0,0.2
11861,rh,paracentral,2181,1215.0,3626.0,2.682,0.635,0.096,0.02,14.0,1.9
11861,rh,parsopercularis,2353,1580.0,4442.0,2.535,0.462,0.11,0.018,23.0,1.8
11861,rh,parsorbitalis,1082,756.0,2462.0,2.641,0.683,0.142,0.03,15.0,1.4
11861,rh,parstriangularis,2555,1725.0,4470.0,2.285,0.524,0.115,0.021,28.0,2.1
11861,rh,pericalcarine,2259,1485.0,1873.0,1.423,0.341,0.111,0.022,22.0,2.1
11861,rh,postcentral,6233,3823.0,8937.0,2.077,0.601,0.097,0.016,53.0,4.3
11861,rh,posteriorcingulate,1781,1195.0,3060.0,2.331,0.79,0.13,0.025,25.0,1.9
11861,rh,precentral,7426,4589.0,12463.0,2.539,0.51,0.097,0.016,55.0,5.2
11861,rh,precuneus,5660,3771.0,9249.0,2.349,0.564,0.119,0.022,57.0,5.2
11861,rh,rostralanteriorcingulate,623,439.0,1361.0,2.46,0.656,0.117,0.02,10.0,0.6
11861,rh,rostralmiddlefrontal,8020,5663.0,14632.0,2.305,0.525,0.132,0.026,102.0,8.8
11861,rh,superiorfrontal,10000,6552.0,21383.0,2.863,0.544,0.109,0.02,85.0,8.6
11861,rh,superiorparietal,7179,4706.0,10977.0,2.154,0.483,0.115,0.02,75.0,6.2
11861,rh,superiortemporal,5536,3611.0,11689.0,2.736,0.712,0.097,0.015,45.0,3.7
11861,rh,supramarginal,5004,3377.0,9238.0,2.498,0.539,0.12,0.022,57.0,4.7
11861,rh,frontalpole,473,334.0,1256.0,2.879,0.685,0.164,0.032,9.0,0.7
11861,rh,temporalpole,604,450.0,2564.0,3.829,0.716,0.121,0.027,6.0,0.7
11861,rh,transversetemporal,495,317.0,616.0,1.971,0.381,0.145,0.021,7.0,0.4
11861,rh,insula,3318,2206.0,6417.0,2.917,0.692,0.111,0.023,28.0,2.9
11885,lh,bankssts,1274,864.0,1616.0,2.032,0.337,0.101,0.018,10.0,0.9
11885,lh,caudalanteriorcingulate,1137,719.0,1668.0,2.264,0.382,0.108,0.013,11.0,0.7
11885,lh,caudalmiddlefrontal,2775,1793.0,4133.0,2.208,0.502,0.109,0.024,24.0,2.7
11885,lh,cuneus,2581,1671.0,2713.0,1.559,0.395,0.132,0.028,29.0,3.2
11885,lh,entorhinal,680,447.0,1803.0,3.109,0.778,0.098,0.021,5.0,0.5
11885,lh,fusiform,4395,2901.0,7798.0,2.397,0.57,0.112,0.021,44.0,3.7
11885,lh,inferiorparietal,6878,4616.0,9814.0,2.096,0.457,0.12,0.021,69.0,6.3
11885,lh,inferiortemporal,4778,3268.0,8504.0,2.356,0.531,0.115,0.022,54.0,4.6
11885,lh,isthmuscingulate,1365,952.0,1924.0,1.87,0.796,0.117,0.027,19.0,1.4
11885,lh,lateraloccipital,8692,5532.0,10056.0,1.753,0.489,0.128,0.025,97.0,9.5
11885,lh,lateralorbitofrontal,3486,2279.0,5380.0,2.353,0.576,0.128,0.026,39.0,3.8
11885,lh,lingual,5221,3547.0,6517.0,1.774,0.624,0.138,0.027,68.0,6.3
11885,lh,medialorbitofrontal,2615,1862.0,4477.0,2.196,0.635,0.126,0.027,44.0,2.8
11885,lh,middletemporal,4526,3073.0,8701.0,2.414,0.571,0.116,0.02,48.0,3.9
11885,lh,parahippocampal,1158,741.0,2657.0,3.26,0.755,0.106,0.021,14.0,0.8
11885,lh,paracentral,2548,1444.0,3250.0,2.132,0.572,0.092,0.019,16.0,1.9
11885,lh,parsopercularis,1716,1127.0,2754.0,2.313,0.406,0.101,0.017,11.0,1.2
11885,lh,parsorbitalis,974,639.0,1842.0,2.537,0.483,0.132,0.034,12.0,1.3
11885,lh,parstriangularis,1650,1069.0,2863.0,2.455,0.466,0.117,0.024,15.0,1.7
11885,lh,pericalcarine,2459,1685.0,2013.0,1.361,0.307,0.147,0.034,32.0,3.4
11885,lh,postcentral,6590,4061.0,7433.0,1.761,0.502,0.108,0.021,53.0,6.0
11885,lh,posteriorcingulate,1368,899.0,2155.0,2.277,0.678,0.116,0.023,13.0,1.4
11885,lh,precentral,7762,4832.0,10778.0,2.174,0.535,0.104,0.02,56.0,6.8
11885,lh,precuneus,5207,3491.0,7208.0,2.012,0.47,0.124,0.023,54.0,5.0
11885,lh,rostralanteriorcingulate,1162,811.0,2033.0,2.469,0.445,0.12,0.021,12.0,1.0
11885,lh,rostralmiddlefrontal,7644,5329.0,12256.0,2.233,0.483,0.133,0.031,89.0,9.7
11885,lh,superiorfrontal,12924,8411.0,22075.0,2.412,0.533,0.112,0.022,109.0,11.8
11885,lh,superiorparietal,8693,5509.0,10159.0,1.833,0.48,0.118,0.021,88.0,7.9
11885,lh,superiortemporal,5107,3290.0,8336.0,2.397,0.56,0.104,0.018,40.0,4.1
11885,lh,supramarginal,5023,3436.0,7200.0,2.009,0.504,0.125,0.024,51.0,5.2
11885,lh,frontalpole,416,310.0,969.0,2.447,0.406,0.155,0.034,6.0,0.6
11885,lh,temporalpole,652,461.0,2290.0,3.47,0.589,0.128,0.028,6.0,0.8
11885,lh,transversetemporal,569,379.0,709.0,1.912,0.372,0.119,0.021,5.0,0.5
11885,lh,insula,3208,2142.0,5317.0,2.666,0.679,0.121,0.031,29.0,3.9
11885,rh,bankssts,1437,934.0,2052.0,2.343,0.414,0.092,0.016,8.0,1.0
11885,rh,caudalanteriorcingulate,1318,827.0,1932.0,2.194,0.531,0.123,0.016,17.0,1.0
11885,rh,caudalmiddlefrontal,2950,1891.0,4350.0,2.22,0.445,0.107,0.021,24.0,2.5
11885,rh,cuneus,2702,1787.0,2954.0,1.615,0.44,0.142,0.031,35.0,3.8
11885,rh,entorhinal,639,420.0,2292.0,3.536,0.765,0.099,0.019,3.0,0.5
11885,rh,fusiform,4415,2991.0,8329.0,2.5,0.605,0.127,0.026,50.0,4.8
11885,rh,inferiorparietal,7767,5100.0,11976.0,2.239,0.411,0.122,0.023,80.0,7.7
11885,rh,inferiortemporal,4048,2744.0,7329.0,2.438,0.543,0.119,0.022,45.0,3.8
11885,rh,isthmuscingulate,1384,947.0,2070.0,1.941,0.748,0.112,0.024,17.0,1.2
11885,rh,lateraloccipital,7915,5019.0,9139.0,1.757,0.471,0.129,0.026,93.0,8.9
11885,rh,lateralorbitofrontal,3648,2505.0,6043.0,2.482,0.672,0.139,0.031,47.0,4.7
11885,rh,lingual,5329,3565.0,6203.0,1.648,0.579,0.135,0.028,64.0,6.6
11885,rh,medialorbitofrontal,2928,2052.0,4849.0,2.224,0.631,0.125,0.024,44.0,2.9
11885,rh,middletemporal,4658,3155.0,8873.0,2.479,0.645,0.115,0.023,49.0,4.3
11885,rh,parahippocampal,1012,639.0,2086.0,2.837,0.857,0.101,0.018,10.0,0.7
11885,rh,paracentral,2274,1318.0,2913.0,2.204,0.553,0.105,0.022,17.0,2.1
11885,rh,parsopercularis,1507,995.0,2631.0,2.535,0.428,0.104,0.021,12.0,1.2
11885,rh,parsorbitalis,1314,885.0,2533.0,2.511,0.508,0.132,0.035,16.0,1.7
11885,rh,parstriangularis,1672,1093.0,2531.0,2.247,0.474,0.12,0.025,15.0,1.8
11885,rh,pericalcarine,2679,1792.0,1968.0,1.24,0.34,0.129,0.025,32.0,3.0
11885,rh,postcentral,6082,3713.0,7248.0,1.832,0.6,0.094,0.017,41.0,4.6
11885,rh,posteriorcingulate,1755,1186.0,2760.0,2.212,0.752,0.128,0.025,21.0,1.9
11885,rh,precentral,7451,4592.0,10426.0,2.198,0.561,0.108,0.022,58.0,7.2
11885,rh,precuneus,5260,3460.0,7773.0,2.189,0.497,0.126,0.024,55.0,5.5
11885,rh,rostralanteriorcingulate,886,635.0,1844.0,2.507,0.687,0.136,0.028,13.0,1.1
11885,rh,rostralmiddlefrontal,8466,5958.0,14018.0,2.164,0.499,0.135,0.031,100.0,11.4
11885,rh,superiorfrontal,11064,7216.0,19135.0,2.512,0.51,0.114,0.022,96.0,10.5
11885,rh,superiorparietal,8044,5019.0,9863.0,1.872,0.47,0.104,0.018,65.0,6.3
11885,rh,superiortemporal,5798,3750.0,9606.0,2.411,0.547,0.106,0.021,49.0,5.2
11885,rh,supramarginal,5401,3549.0,8407.0,2.268,0.475,0.117,0.023,52.0,5.1
11885,rh,frontalpole,515,377.0,1030.0,2.241,0.514,0.168,0.041,10.0,0.9
11885,rh,temporalpole,599,441.0,1787.0,3.184,0.552,0.14,0.04,7.0,0.9
11885,rh,transversetemporal,449,263.0,534.0,2.03,0.418,0.102,0.022,4.0,0.4
11885,rh,insula,3157,2066.0,5399.0,2.742,0.688,0.112,0.026,26.0,3.1
11900,lh,bankssts,1373,886.0,2040.0,2.462,0.406,0.073,0.01,4.0,0.6
11900,lh,caudalanteriorcingulate,1211,815.0,2095.0,2.433,0.622,0.125,0.016,18.0,0.9
11900,lh,caudalmiddlefrontal,2960,1915.0,5415.0,2.649,0.423,0.099,0.016,19.0,2.1
11900,lh,cuneus,2410,1474.0,2839.0,1.767,0.577,0.126,0.024,30.0,2.6
11900,lh,entorhinal,690,438.0,1939.0,3.197,0.892,0.091,0.013,3.0,0.4
11900,lh,fusiform,4597,2954.0,8534.0,2.588,0.524,0.096,0.017,39.0,3.3
11900,lh,inferiorparietal,6425,4212.0,11456.0,2.473,0.477,0.1,0.017,57.0,4.4
11900,lh,inferiortemporal,4618,3165.0,10439.0,2.907,0.657,0.122,0.023,51.0,4.4
11900,lh,isthmuscingulate,1504,964.0,2455.0,2.25,0.724,0.116,0.022,17.0,1.4
11900,lh,lateraloccipital,7457,4708.0,11115.0,2.139,0.538,0.121,0.022,80.0,7.2
11900,lh,lateralorbitofrontal,3874,2546.0,7183.0,2.627,0.514,0.109,0.021,36.0,3.4
11900,lh,lingual,4203,2743.0,5621.0,1.953,0.614,0.12,0.022,44.0,4.1
11900,lh,medialorbitofrontal,2580,1730.0,4388.0,2.306,0.609,0.113,0.019,31.0,2.1
11900,lh,middletemporal,4692,3087.0,10305.0,2.815,0.6,0.107,0.018,47.0,3.7
11900,lh,parahippocampal,1164,699.0,1976.0,2.506,0.619,0.059,0.008,3.0,0.3
11900,lh,paracentral,2328,1247.0,3267.0,2.464,0.454,0.088,0.018,18.0,1.8
11900,lh,parsopercularis,2648,1729.0,4871.0,2.591,0.436,0.098,0.017,20.0,1.9
11900,lh,parsorbitalis,1021,682.0,2167.0,2.567,0.572,0.126,0.024,12.0,1.1
11900,lh,parstriangularis,2139,1392.0,3410.0,2.325,0.569,0.112,0.02,20.0,1.9
11900,lh,pericalcarine,1829,1263.0,2038.0,1.841,0.554,0.11,0.021,13.0,1.7
11900,lh,postcentral,5325,3264.0,8478.0,2.286,0.652,0.095,0.018,41.0,3.8
11900,lh,posteriorcingulate,1718,1118.0,2859.0,2.349,0.561,0.101,0.013,17.0,1.1
11900,lh,precentral,6591,3987.0,11531.0,2.705,0.588,0.101,0.018,54.0,5.3
11900,lh,precuneus,5341,3547.0,9358.0,2.594,0.493,0.116,0.02,52.0,4.5
11900,lh,rostralanteriorcingulate,1369,948.0,2752.0,2.79,0.659,0.135,0.024,23.0,1.6
11900,lh,rostralmiddlefrontal,7593,5147.0,13255.0,2.32,0.48,0.117,0.022,79.0,7.0
11900,lh,superiorfrontal,10509,6930.0,20812.0,2.685,0.495,0.107,0.018,90.0,8.1
11900,lh,superiorparietal,7576,4888.0,12262.0,2.307,0.445,0.105,0.017,65.0,5.6
11900,lh,superiortemporal,5881,3716.0,11988.0,2.789,0.661,0.082,0.013,35.0,3.3
11900,lh,supramarginal,5068,3392.0,9716.0,2.616,0.479,0.115,0.02,48.0,4.3
11900,lh,frontalpole,381,267.0,942.0,2.702,0.455,0.153,0.029,6.0,0.5
11900,lh,temporalpole,604,460.0,2888.0,4.127,0.775,0.121,0.027,6.0,0.8
11900,lh,transversetemporal,670,359.0,974.0,2.521,0.339,0.081,0.016,4.0,0.4
11900,lh,insula,3586,2370.0,7112.0,3.044,0.858,0.105,0.021,28.0,2.9
11900,rh,bankssts,1375,880.0,2238.0,2.676,0.398,0.075,0.01,5.0,0.6
11900,rh,caudalanteriorcingulate,929,619.0,1618.0,2.594,0.74,0.144,0.02,17.0,0.9
11900,rh,caudalmiddlefrontal,2856,1876.0,5501.0,2.672,0.419,0.107,0.019,23.0,2.4
11900,rh,cuneus,2432,1447.0,2694.0,1.766,0.463,0.12,0.024,28.0,2.7
11900,rh,entorhinal,703,454.0,1928.0,3.135,0.812,0.112,0.021,5.0,0.7
11900,rh,fusiform,4475,2875.0,8597.0,2.748,0.582,0.102,0.018,37.0,3.3
11900,rh,inferiorparietal,6705,4415.0,12382.0,2.537,0.477,0.105,0.018,60.0,5.1
11900,rh,inferiortemporal,4170,2743.0,9525.0,2.985,0.641,0.109,0.02,40.0,3.5
11900,rh,isthmuscingulate,1362,899.0,2369.0,2.276,0.748,0.111,0.021,15.0,1.2
11900,rh,lateraloccipital,6676,4291.0,9971.0,2.15,0.511,0.123,0.023,73.0,6.6
11900,rh,lateralorbitofrontal,3641,2493.0,6585.0,2.497,0.628,0.13,0.032,45.0,5.1
11900,rh,lingual,4317,2694.0,5846.0,2.042,0.597,0.118,0.026,48.0,4.8
11900,rh,medialorbitofrontal,2875,2031.0,5287.0,2.337,0.616,0.111,0.02,39.0,2.3
11900,rh,middletemporal,4939,3371.0,11613.0,2.924,0.666,0.11,0.018,51.0,4.0
11900,rh,parahippocampal,1119,644.0,1959.0,2.581,0.723,0.072,0.011,6.0,0.4
11900,rh,paracentral,2726,1516.0,3997.0,2.557,0.527,0.077,0.013,13.0,1.5
11900,rh,parsopercularis,1952,1286.0,3493.0,2.49,0.399,0.105,0.019,15.0,1.5
11900,rh,parsorbitalis,1191,841.0,2461.0,2.533,0.594,0.137,0.023,17.0,1.2
11900,rh,parstriangularis,2197,1491.0,3803.0,2.346,0.423,0.114,0.019,21.0,1.8
11900,rh,pericalcarine,2072,1376.0,1977.0,1.609,0.472,0.121,0.024,19.0,2.1
11900,rh,postcentral,6110,3622.0,9207.0,2.269,0.676,0.095,0.017,46.0,4.4
11900,rh,posteriorcingulate,1624,1073.0,3006.0,2.537,0.566,0.103,0.014,15.0,1.2
11900,rh,precentral,6855,4158.0,12180.0,2.709,0.565,0.096,0.018,53.0,5.4
11900,rh,precuneus,5286,3496.0,9404.0,2.565,0.454,0.108,0.019,47.0,4.4
11900,rh,rostralanteriorcingulate,730,477.0,1302.0,2.748,0.534,0.112,0.016,10.0,0.5
11900,rh,rostralmiddlefrontal,8443,5932.0,15234.0,2.285,0.51,0.122,0.022,100.0,8.1
11900,rh,superiorfrontal,9478,6195.0,19196.0,2.765,0.557,0.105,0.018,76.0,7.4
11900,rh,superiorparietal,7596,4812.0,11878.0,2.283,0.489,0.106,0.017,66.0,5.4
11900,rh,superiortemporal,5778,3595.0,11663.0,2.828,0.72,0.083,0.012,33.0,3.0
11900,rh,supramarginal,5091,3310.0,9546.0,2.627,0.532,0.106,0.017,45.0,3.7
11900,rh,frontalpole,458,370.0,1234.0,2.452,0.566,0.176,0.034,8.0,0.7
11900,rh,temporalpole,678,460.0,2748.0,4.108,0.536,0.117,0.025,8.0,0.7
11900,rh,transversetemporal,568,291.0,853.0,2.544,0.401,0.09,0.018,5.0,0.4
11900,rh,insula,3729,2396.0,7253.0,3.009,0.749,0.104,0.021,28.0,3.0
11920,lh,bankssts,1341,895.0,1602.0,1.97,0.428,0.102,0.021,8.0,1.1
11920,lh,caudalanteriorcingulate,1122,746.0,1732.0,2.39,0.613,0.141,0.02,18.0,1.0
11920,lh,caudalmiddlefrontal,3309,2108.0,5510.0,2.411,0.549,0.11,0.024,25.0,3.4
11920,lh,cuneus,2232,1591.0,2345.0,1.53,0.358,0.157,0.032,33.0,3.2
11920,lh,entorhinal,494,343.0,1492.0,3.115,0.959,0.111,0.033,6.0,0.6
11920,lh,fusiform,5331,3568.0,9890.0,2.461,0.671,0.117,0.024,58.0,5.2
11920,lh,inferiorparietal,7278,4748.0,10516.0,2.091,0.503,0.12,0.023,75.0,7.0
11920,lh,inferiortemporal,4985,3571.0,10729.0,2.575,0.759,0.133,0.029,66.0,5.7
11920,lh,isthmuscingulate,1360,889.0,2125.0,2.187,0.639,0.122,0.026,18.0,1.5
11920,lh,lateraloccipital,7843,5452.0,9976.0,1.772,0.488,0.143,0.034,109.0,12.1
11920,lh,lateralorbitofrontal,4430,3128.0,7553.0,2.267,0.703,0.142,0.038,58.0,7.0
11920,lh,lingual,4598,3215.0,5641.0,1.699,0.539,0.14,0.03,60.0,6.1
11920,lh,medialorbitofrontal,3216,2189.0,5249.0,2.325,0.688,0.115,0.029,38.0,3.7
11920,lh,middletemporal,4212,2914.0,8113.0,2.468,0.671,0.124,0.026,46.0,4.7
11920,lh,parahippocampal,1114,683.0,1356.0,1.836,0.549,0.063,0.01,4.0,0.5
11920,lh,paracentral,2348,1549.0,3115.0,1.916,0.603,0.121,0.031,19.0,3.1
11920,lh,parsopercularis,2340,1618.0,4329.0,2.449,0.609,0.126,0.03,24.0,2.8
11920,lh,parsorbitalis,1116,802.0,2166.0,2.353,0.654,0.151,0.039,17.0,1.8
11920,lh,parstriangularis,2289,1528.0,3490.0,2.158,0.489,0.121,0.031,22.0,2.7
11920,lh,pericalcarine,1823,1268.0,1536.0,1.416,0.337,0.136,0.029,22.0,2.2
11920,lh,postcentral,6093,3726.0,7311.0,1.793,0.573,0.102,0.02,47.0,5.6
11920,lh,posteriorcingulate,1758,1202.0,2835.0,2.164,0.624,0.138,0.023,26.0,1.7
11920,lh,precentral,8391,5231.0,11548.0,2.148,0.676,0.112,0.028,71.0,9.7
11920,lh,precuneus,6016,4145.0,9650.0,2.284,0.577,0.124,0.025,62.0,6.4
11920,lh,rostralanteriorcingulate,1389,977.0,2985.0,2.745,0.695,0.116,0.024,17.0,1.4
11920,lh,rostralmiddlefrontal,9292,6330.0,13590.0,2.051,0.528,0.123,0.028,94.0,10.6
11920,lh,superiorfrontal,12143,8018.0,22110.0,2.551,0.619,0.119,0.029,107.0,14.3
11920,lh,superiorparietal,9265,6070.0,13650.0,2.086,0.588,0.117,0.025,87.0,9.8
11920,lh,superiortemporal,6181,4104.0,11685.0,2.52,0.779,0.103,0.02,53.0,5.3
11920,lh,supramarginal,6313,4156.0,9049.0,2.053,0.567,0.119,0.026,64.0,6.8
11920,lh,frontalpole,401,306.0,992.0,2.348,0.581,0.174,0.05,9.0,0.7
11920,lh,temporalpole,841,660.0,2680.0,3.036,1.051,0.159,0.053,14.0,1.8
11920,lh,transversetemporal,764,463.0,993.0,2.108,0.365,0.115,0.022,7.0,0.7
11920,lh,insula,4273,2917.0,7310.0,2.627,0.796,0.123,0.034,42.0,5.7
11920,rh,bankssts,1497,976.0,2193.0,2.376,0.534,0.099,0.019,9.0,1.1
11920,rh,caudalanteriorcingulate,1524,1075.0,2595.0,2.19,0.766,0.133,0.023,23.0,1.6
11920,rh,caudalmiddlefrontal,3849,2413.0,6668.0,2.565,0.571,0.112,0.025,32.0,4.2
11920,rh,cuneus,2547,1793.0,2781.0,1.546,0.462,0.158,0.033,40.0,3.9
11920,rh,entorhinal,584,374.0,1536.0,2.934,0.954,0.116,0.03,8.0,0.6
11920,rh,fusiform,4287,2928.0,8147.0,2.591,0.733,0.128,0.028,54.0,4.8
11920,rh,inferiorparietal,9757,6436.0,14061.0,2.079,0.519,0.124,0.026,106.0,10.8
11920,rh,inferiortemporal,4989,3374.0,10553.0,2.606,0.744,0.122,0.024,65.0,5.0
11920,rh,isthmuscingulate,1415,934.0,2157.0,2.207,0.803,0.126,0.027,19.0,1.7
11920,rh,lateraloccipital,7425,5022.0,10589.0,1.95,0.623,0.137,0.031,90.0,10.0
11920,rh,lateralorbitofrontal,3952,2708.0,7241.0,2.539,0.754,0.128,0.032,50.0,5.0
11920,rh,lingual,5951,4144.0,7751.0,1.78,0.591,0.144,0.032,83.0,8.7
11920,rh,medialorbitofrontal,3130,2158.0,5426.0,2.325,0.684,0.115,0.025,39.0,3.1
11920,rh,middletemporal,5356,3468.0,9612.0,2.493,0.645,0.112,0.022,53.0,4.8
11920,rh,parahippocampal,1268,722.0,1322.0,1.763,0.632,0.076,0.016,8.0,1.0
11920,rh,paracentral,2631,1705.0,3206.0,1.921,0.527,0.118,0.027,23.0,3.1
11920,rh,parsopercularis,2165,1410.0,3815.0,2.458,0.584,0.108,0.026,17.0,2.2
11920,rh,parsorbitalis,1372,996.0,2748.0,2.281,0.658,0.156,0.043,21.0,2.7
11920,rh,parstriangularis,2625,1747.0,3832.0,2.15,0.587,0.123,0.028,27.0,3.0
11920,rh,pericalcarine,2485,1672.0,2225.0,1.438,0.442,0.117,0.022,23.0,2.2
11920,rh,postcentral,6150,3652.0,7238.0,1.841,0.604,0.095,0.02,46.0,4.9
11920,rh,posteriorcingulate,2215,1512.0,3545.0,2.253,0.746,0.133,0.025,28.0,2.4
11920,rh,precentral,8942,5491.0,12639.0,2.279,0.666,0.113,0.028,75.0,11.1
11920,rh,precuneus,6460,4463.0,9943.0,2.143,0.53,0.124,0.027,70.0,6.8
11920,rh,rostralanteriorcingulate,1030,715.0,2221.0,2.725,0.732,0.131,0.028,15.0,1.2
11920,rh,rostralmiddlefrontal,7974,5539.0,12615.0,2.107,0.576,0.13,0.029,89.0,9.8
11920,rh,superiorfrontal,12295,7986.0,21218.0,2.455,0.641,0.12,0.029,119.0,14.4
11920,rh,superiorparietal,8664,5787.0,13273.0,2.069,0.604,0.127,0.028,93.0,10.5
11920,rh,superiortemporal,6181,3945.0,10716.0,2.5,0.67,0.103,0.02,53.0,5.4
11920,rh,supramarginal,5729,3629.0,7931.0,2.155,0.573,0.122,0.027,60.0,6.7
11920,rh,frontalpole,497,411.0,1285.0,2.59,0.593,0.184,0.05,9.0,1.0
11920,rh,temporalpole,691,538.0,2539.0,3.432,0.706,0.163,0.051,11.0,1.5
11920,rh,transversetemporal,659,358.0,904.0,2.325,0.357,0.121,0.03,8.0,0.7
11920,rh,insula,4048,2692.0,7160.0,2.774,0.786,0.123,0.033,40.0,5.4
