"Record ID","Survey Identifier","Researchers. Does this participant exist in the RF1 SRPAL REDCap Database?","Intracranial Volume","Cap size","Today's Date","What is your birthdate?","Age in years:","Legal First Name","Last Name","Preferred First Name",Gender,"if other, please describe","Mobile Phone Number",Email,"What gender were you assigned at birth?",Race,"If other:",Ethnicity,"If other:","Current Address (Street)","Current City","Current State","Current Zip Code","When did you move to your current location?","Birth City/Municipality",Complete?,Notes:,"Phone Number",Email,Name,"Recontact Status","Next contact step","Date of next contact","Initial Contact",Date,"Initial Contact RA Initials","Phone Screener Scheduled",Date,"RA initials","Phone Screener Completed",Date,"RA initials","Visit Scheduled",Date,"RA initials","4 Day Visit Reminder Sent",Date,"RA initials","1 Day Visit Reminder Sent",Date,"RA initials","Visit Completed",Date,"RA initials","Payment Completed",Date,"RA initials",Complete?,"Clicking this button will email the safety review to their email. [email]. Please confirm that this is the correct email address with the participant before sending. (if it is innacurate, update the subjection information instrument before sending) Bikson, M., et al. (2016). Safety of transcranial direct current stimulation: Evidence based update 2016. Brain Stimulation, 9(5), 641-661.  https://doi.org/10.1016/j.brs.2016.06.004","'The study requires that you wear a head cap, and that the electrodes sit close to your scalp. Because of this, some hair types might make waering the cap and applying the electrodes too difficult. I'm going to text an image of the electrode cap to your number. Can you take a look and let me know if your hair will prevent the cap from sitting close to your scalp?'   Copy and paste this image into the text conversaion:  ","'Would you be comfortable wearing the electrode cap and having the gel applied to your scalp?'","'In the past two weeks, have you experienced a period of very elevated or very low mood, or intense anxiety, that has affected your every day life and would make it hard for you to participate in this study?'   If they say yes to any of these, they should be excluded.","- History of seizures- Alzheimer's disease- Amyotrophic lateral sclerosis (ALS)- Cerebral palsy- Epilepsy- Huntington's disease- Multiple sclerosis- Parkinson's disease or any other neurological disorder   If they say yes to any of these, they should be excluded.","Scheduled visit date: (24 hour time)",Complete?,"Survey Timestamp","Can you open this PDF and view the Adult consent form?","I consent to being contacted to participate in future studies.","I consent to having my de-identified data used in future experiments, and having the research team contact me about any additional bonus payments that result from my choices","I consent to being contacted for follow-ups and additional data collection, as well as any additional bonus payments that result from my choices. ","After the study's completion, are you interested in being sent any articles that are written about it?","Please sign here if you agree to participate in this study:","Please type in your full name if you agree to participate in this study:","Please enter today's date (M/D/YYYY)","Person obtaining consent please sign here: ","Person obtaining consent please type your full name: ","Please enter today's date (M/D/YYYY)",Complete?,"Survey Timestamp","When have you usually gone to bed at night?","When have you usually gotten up in the morning?","How long has it usually taken you to fall asleep each night?","How many hours of actual sleep did you get at night?","Have you had trouble sleeping because you wake up in the middle of the night or early morning?","How would you rate your sleep quality overall?",Complete?,"Survey Timestamp","Some people show a tendency to judge a harmful action as worse than an equally harmful inaction. For example, this tendency leads to thinking it is worse to falsely testify in court that someone is guilty, than not to testify that someone is innocent.","Psychologists have claimed that some people show a tendency to do or believe a thing only because many other people believe or do that thing, to feel safer or to avoid conflict.","Many psychological studies have shown that people react to counterevidence by actually strengthening their beliefs. For example, when exposed to negative evidence about their favorite political candidate, people tend to implicitly counterargue against that evidence, therefore strengthening their favorable feelings toward the candidate.","Psychologists have claimed that some people show a disconfirmation tendency in the way they evaluate research about potentially dangerous habits. That is, they are more critical and skeptical in evaluating evidence that an activity is dangerous when they engage in that activity than when they do not.","Psychologists have identified an effect called diffusion of responsibility, where people tend not to help in an emergency situation when other people are present. This happens because as the number of bystanders increases, a bystander who sees other people standing around is less likely to interpret the incident as a problem, and also is less likely to feel individually responsible for taking action.","Research has found that people will make irrational decisions to justify actions they have already taken. For example, when two people engage in a bidding war for an object, they can end up paying much more than the object is worth to justify the initial expenses associated with bidding.","Psychologists have claimed that some people show a tendency to make overly dispositional inferences in the way they view victims of assault crimes. That is, they are overly inclined to view the victims plight as one he or she brought on by carelessness, foolishness, misbehavior, or naivete.","Psychologists have claimed that some people show a 'halo effect' in the way they form impressions of attractive people. For instance, when it comes to assessing how nice, interesting, or able someone is, people tend to judge an attractive person more positively than he or she deserves.","Extensive psychological research has shown that people possess an unconscious, automatic tendency to be less generous to people of a different race than to people of their race. This tendency has been shown to affect the behavior of everyone from doctors to taxi drivers.","Psychologists have identified a tendency called the 'ostrich effect', an aversion to learning about potential losses. For example, people may try to avoid bad news by ignoring it. The name comes from the common (but false) legend that ostriches bury their heads in the sand to avoid danger.","Many psychological studies have found that people have the tendency to underestimate the impact or the strength of another person's feelings. For example, people who have not been victims of discrimination do not really understand a victim's social suffering and the emotional effects of discrimination.","Psychologists have claimed that some people show a 'self-interest' effect in the way they view political candidates. That is, peoples assessments of qualifications, and their judgments about the extent to which particular candidates would pursue policies good for the American people as a whole, are influenced by their feelings about whether the candidates policies would serve their own particular interests.","Psychologists have claimed that some people show a 'self-serving' tendency in the way they view their academic or job performance. That is, they tend to take credit for success but deny responsibility for failure. They see their successes as the result of personal qualities, like drive or ability, but their failures as the result of external factors, like unreasonable work requirements or inadequate instructions.","Psychologists have argued that gender biases lead people to associate men with technology and women with housework.","Some people show a tendency to judge a harmful action as worse than an equally harmful inaction. For example, this tendency leads to thinking it is worse to falsely testify in court that someone is guilty, than not to testify that someone is innocent.","Psychologists have claimed that some people show a tendency to do or believe a thing only because many other people believe or do that thing, to feel safer or to avoid conflict.","Many psychological studies have shown that people react to counterevidence by actually strengthening their beliefs. For example, when exposed to negative evidence about their favorite political candidate, people tend to implicitly counterargue against that evidence, therefore strengthening their favorable feelings toward the candidate.","Psychologists have claimed that some people show a 'disconfirmation' tendency in the way they evaluate research about potentially dangerous habits. That is, they are more critical and skeptical in evaluating evidence that an activity is dangerous when they engage in that activity than when they do not.","Psychologists have identified an effect called 'diffusion of responsibility', where people tend not to help in an emergency situation when other people are present. This happens because as the number of bystanders increases, a bystander who sees other people standing around is less likely to interpret the incident as a problem, and also is less likely to feel individually responsible for taking action.","Research has found that people will make irrational decisions to justify actions they have already taken. For example, when two people engage in a bidding war for an object, they can end up paying much more than the object is worth to justify the initial expenses associated with bidding.","Psychologists have claimed that some people show a tendency to make overly dispositional inferences in the way they view victims of assault crimes. That is, they are overly inclined to view the victims plight as one he or she brought on by carelessness, foolishness, misbehavior, or naivete.","Psychologists have claimed that some people show a 'halo effect' in the way they form impressions of attractive people. For instance, when it comes to assessing how nice, interesting, or able someone is, people tend to judge an attractive person more positively than he or she deserves.","Extensive psychological research has shown that people possess an unconscious, automatic tendency to be less generous to people of a different race than to people of their race. This tendency has been shown to affect the behavior of everyone from doctors to taxi drivers.","Psychologists have identified a tendency called the 'ostrich effect', an aversion to learning about potential losses. For example, people may try to avoid bad news by ignoring it. The name comes from the common (but false) legend that ostriches bury their heads in the sand to avoid danger.","Many psychological studies have found that people have the tendency to underestimate the impact or the strength of another person's feelings. For example, people who have not been victims of discrimination do not really understand a victim's social suffering and the emotional effects of discrimination.","Psychologists have claimed that some people show a 'self-interest' effect in the way they view political candidates. That is, peoples assessments of qualifications, and their judgments about the extent to which particular candidates would pursue policies good for the American people as a whole, are influenced by their feelings about whether the candidates policies would serve their own particular interests.","Psychologists have claimed that some people show a 'self-serving' tendency in the way they view their academic or job performance. That is, they tend to take credit for success but deny responsibility for failure. They see their successes as the result of personal qualities, like drive or ability, but their failures as the result of external factors, like unreasonable work requirements or inadequate instructions.","Psychologists have argued that gender biases lead people to associate men with technology and women with housework.",Complete?,"Survey Timestamp","A bat and a ball cost $1.10 in total. The bat costs a dollar more than the ball. How much does the ball cost?","If it takes 5 machines 5 minutes to make 5 widgets, how long would it take 100 machines to make 100 widgets?","In a lake, there is a patch of lily pads. Every day, the patch doubles in size. If it takes 48 days for the patch to cover the entire lake, how long would it take for the patch to cover half of the lake?","If three elves can wrap three toys in an hour, how many elves are needed to wrap six toys in 2 hours?","Jerry received both the 15th highest and the 15th lowest mark in the class. How many students are there in the class?","In an athletics team, tall members are three times more likely to win a medal than short members. This year the team has won 60 medals so far. How many of these have been won by short athletes?",Complete?,"Survey Timestamp","When I take a shower or a bath, I stay alert to the sensations of water on my body.","I'm good at finding words to describe my feelings.","I don't pay attention to what I'm doing because I'm daydreaming, worrying, or otherwise distracted.","I believe some of my thoughts are abnormal or bad and I shouldn't think that way.","When I have distressing thoughts or images, I step back and am aware of the thought or image without getting taken over by it.","I notice how foods and drinks affect my thoughts, bodily sensations, and emotions.","I have trouble thinking of the right words to express how I feel about things.","I do jobs or tasks automatically without being aware of what I'm doing.","I think some of my emotions are bad or inappropriate and I shouldn't feel them.","When I have distressing thoughts or images I am able just to notice them without reacting.","I pay attention to sensations, such as the wind in my hair or sun on my face.","Even when I'm feeling terribly upset I can find a way to put it into words.","I find myself doing things without paying attention.","I tell myself I shouldn't be feeling the way I'm feeling.","When I have distressing thoughts or images I just notice them and let them go.",Complete?,"Survey Timestamp","I am afraid of new or unexpected situations.","I like being the center of attention at a party or a social gathering.","I am easily discouraged in difficult situations.","When I am in a group, I try to make my opinions the most intelligent or the funniest.","I am a shy person.","I take the opportunity to pick up people I find attractive.","I avoid demonstrating my skills for fear of being embarrassed.","The possibility of social advancement moves me to action, even if this involves not playing fair.","I worry about things that I said or did.","I prefer activities that lead to an immediate gain.","I think that I could do more things if it was not for my insecurity or fear.","I like to compete and do everything I can to win.","Compared to people I know, I am afraid of many things.","I do things for quick gains.","I find myself worrying about things so much that my ability to perform other mental tasks is impaired.","I like to make a competition out of all of my activities.","I refrain from doing something I like in order to not be rejected by or disapproved of by others.","I would like to be a socially powerful person.","I refrain from doing something because of my fear of being embarrassed.","I like displaying my physical abilities even though this may involve danger.",Complete?,"Session Notes","Stim RA Initials","Behavioral RA Initials","Shadow RA Initials","Today's date",Counterbalance,"Cap size","Electrode F3 Impedance Check 1Please record the exact number kOhms displayed","Electrode Fp1 Impedance Check 1Please record the exact number kOhms displayed","Electrode CZ Impedance Check 1Please record the exact number kOhms displayed","Electrode T7 Impedance Check 1Please record the exact number kOhms displayed","Electrode F4 Impedance Check 1 Please record the exact number kOhms displayed","Electrode P4 Impedance Check 1Please record the exact number kOhms displayed","Electrode P3 Impedance Check 1Please record the exact number kOhms displayed","Electrode EXT Impedance Check 1Please record the exact number kOhms displayed","Electrode F3 Impedance Check 2Please record the exact number kOhms displayed","Electrode Fp1 Impedance Check 2Please record the exact number kOhms displayed","Electrode CZ Impedance Check 2Please record the exact number kOhms displayed","Electrode T7 Impedance Check 2Please record the exact number kOhms displayed","Electrode F4 Impedance Check 2Please record the exact number kOhms displayed","Electrode P4 Impedance Check 2Please record the exact number kOhms displayed","Electrode P3 Impedance Check 2Please record the exact number kOhms displayed","Electrode EXT Impedance Check 2Please record the exact number kOhms displayed","Electrode F3 Impedance Check 3Please record the exact number kOhms displayed","Electrode Fp1 Impedance Check 3Please record the exact number kOhms displayed","Electrode CZ Impedance Check 3Please record the exact number kOhms displayed","Electrode T7 Impedance Check 3Please record the exact number kOhms displayed","Electrode F4 Impedance Check 3Please record the exact number kOhms displayed","Electrode P4 Impedance Check 3Please record the exact number kOhms displayed","Electrode P3 Impedance Check 3Please record the exact number kOhms displayed","Electrode EXT Impedance Check 3Please record the exact number kOhms displayed","Electrode F3 Impedance Check 4Please record the exact number kOhms displayed","Electrode Fp1 Impedance Check 4Please record the exact number kOhms displayed","Electrode CZ Impedance Check 4Please record the exact number kOhms displayed","Electrode T7 Impedance Check 4Please record the exact number kOhms displayed","Electrode F4 Impedance Check 4Please record the exact number kOhms displayed","Electrode P4 Impedance Check 4Please record the exact number kOhms displayed","Electrode P3 Impedance Check 4Please record the exact number kOhms displayed","Electrode EXT Impedance Check 4Please record the exact number kOhms displayed","Electrode F3 Impedance Check 5Please record the exact number kOhms displayed","Electrode Fp1 Impedance Check 5Please record the exact number kOhms displayed","Electrode CZ Impedance Check 5Please record the exact number kOhms displayed","Electrode T7 Impedance Check 5Please record the exact number kOhms displayed","Electrode F4 Impedance Check 5Please record the exact number kOhms displayed","Electrode P4 Impedance Check 5Please record the exact number kOhms displayed","Electrode P3 Impedance Check 5Please record the exact number kOhms displayed","Electrode EXT Impedance Check 5Please record the exact number kOhms displayed","Run 1 Researcher Estimate","Run 2 Researcher Estimate","Run 3 Researcher Estimate","Run 4 Researcher Estimate","Run 5 Researcher Estimate","Run 6 Researcher Estimate","Run 7 Researcher Estimate","Run 8 Researcher Estimate","Was the PI present as an observer on this visit?","PI signature",Complete?,"Survey Timestamp",Headache,"Is this related to tES?",Notes:,"Neck Pain","Is this related to tES?",Notes:,"Scalp Pain","Is this related to tES?",Notes:,"Scalp Burns","Is this related to tES?",Notes:,Tingling,"Is this related to tES?",Notes:,"Skin Redness","Is this related to tES?",Notes:,Sleepiness,"Is this related to tES?",Notes:,"Trouble Concentratng","Is this related to tES?",Notes:,"Acute Mood Change","Is this related to tES?",Notes:,"Other (please specify)","Is this related to tES?",Notes:,Complete?,"Survey Timestamp","I acknowledge I have received ClinCard payment as compensation for my participation today.","Today's Date","Participant Name","Participant Signature","Participant Date of Birth","Calc bday","Participant Street Address","Please confirm that this is the correct email. If it is incorrect, please change it before leaving this page.","Researcher Name","ClinCard Token","'Do you have any travel expenses that we need to reimburse you for?'","Travel Amount (Maximum $30)","Notes  - Travel type  - Travel cost here   - Travel cost back",Complete?,"Survey Timestamp","I acknowledge I have received ClinCard payment as compensation for my participation today.","Today's Date","Participant Name","Participant Signature","Participant Date of Birth","Participant Street Address","Please confirm that this is the correct email. If it is incorrect, please change it before leaving this page.","Researcher Name","ClinCard Token","'Do you have any travel expenses that we need to reimburse you for?'","Travel Amount (Maximum $30)","Notes  - Travel type  - Travel cost here   - Travel cost back",Complete?,"How many links are needed?","Amazon link 1","Amazon link 2","Amazon link 3","Amazon link 4","Amazon link Dollar Amount 1","Amazon link Dollar Amount 2","Amazon link Dollar Amount 3","Amazon link Dollar Amount 4","Press this button to send the automatic Amazon Email",,"Researcher: How will the participant be paid?",Complete?,"Survey Timestamp",,Date,"Participant Signature",Name,Complete?,panas_positive_score,panas_negative_score,Complete?
10317,,Yes,1512.346,Large,2026-02-20,1960-06-01,65.72,Shay,Seaborne,Shay,Female,,"(703) 862-5946",shaysails@gmail.com,Female,White,,"Not Hispanic or Latino",,,,,,,,Incomplete,,"(703) 862-5946",shaysails@gmail.com,Shay,"Does not need to be recontacted","Schedule Phone Screener",2026-02-27,,2026-02-24,MW,,,,,,,,,,,,,,,,,,,,,,Incomplete,,,,,,,Incomplete,,,,,,,,,,,,,Incomplete,,,,,,,,Incomplete,,,,,,,,,,,,,,,,,,,,,,,,,,,,,,Incomplete,,,,,,,,Incomplete,,,,,,,,,,,,,,,,,Incomplete,,,,,,,,,,,,,,,,,,,,,,Incomplete,,,,,,,,,,,,,,,,,,,,,,,,,,,,,,,,,,,,,,,,,,,,,,,,,,,,,,,,,,Incomplete,,,,,,,,,,,,,,,,,,,,,,,,,,,,,,,,Incomplete,,,,,,,,,,,,,,,Incomplete,,,,,,,,,,,,,,Incomplete,,,,,,,,,,,,,Incomplete,,,,,,Incomplete,,,Incomplete
10369,,Yes,1534.479,Large,2026-02-23,1991-02-19,35.01,Chris,Grubb,Chris,Male,,"(215) 595-3321",Chrisjgrubb@gmail.com,,White,,"Not Hispanic or Latino",,"224 Beech Ave",Langhorn,PA,19047,,,Incomplete,,"(215) 595-3321",Chrisjgrubb@gmail.com,Chris,"Does not need to be recontacted",Payment,2026-03-16,,2026-02-24,MW,,2026-02-24,AD,,2026-02-24,AD,,2026-03-05,JS,,2026-03-09,AD,,2026-03-12,RG,,2026-03-19,RG,,2026-03-19,JW,Complete,,,Yes,No,No,"2026-03-13 15:00",Complete,"2026-03-13 15:32:05",Yes,Yes,Yes,Yes,Yes,signature_2026-03-13_1530.png,"Christopher Jon Grubb",2026-03-13,signature_2026-03-13_1531.png,"Dilver Diljit Singh",2026-03-13,Complete,"2026-03-13 15:33:03",22:15,06:00,"Less than 15","More than 7 hours","Not during the past month","Fairly good",Complete,"2026-03-13 15:40:22",,,,,,,,,,,,,"Not much at all",,,,,,,,,,,,,,,,Complete,"2026-03-13 15:44:53",.05,"1 minute",47,3,29,15,Complete,"2026-03-13 15:46:40","Very often, or always true","Very often, or always true","Rarely true","Sometimes true","Often true","Very often, or always true","Never, or very rarely true","Sometimes true","Sometimes true","Rarely true","Very often, or always true","Very often, or always true","Rarely true","Never, or very rarely true","Sometimes true",Complete,"2026-03-13 15:49:22","Neither Untrue nor True","Very Untrue","Neither Untrue nor True","Neither Untrue nor True","Neither Untrue nor True","Neither Untrue nor True","Neither Untrue nor True","Neither Untrue nor True","Somewhat True","Neither Untrue nor True","Very Untrue","Neither Untrue nor True","Somewhat Untrue","Somewhat True","Very Untrue","Neither Untrue nor True","Very Untrue","Somewhat True","Somewhat Untrue","Very Untrue",Complete,,RSG,DS,,2026-03-13,B,Large,1540,7490,13107,4133,,,,,2078,6923,11507,2645,,,,,2623,6718,10034,1068,,,,,,,,,,,,,,,,,,,,,"No Stimulation Condition or Sham Condition","No Stimulation Condition or Sham Condition","Stimulation Condition","Stimulation Condition","No Stimulation Condition or Sham Condition","No Stimulation Condition or Sham Condition","No Stimulation Condition or Sham Condition","Stimulation Condition",No,,Complete,,Absent,,,Absent,,,Mild,Probable,,Mild,Probable,,Absent,,,Absent,,,Absent,,,Absent,,,Moderate,Remote,,Mild,"None (not related)","""Frustration""",Incomplete,"2026-03-13 18:01:41",Yes,2026-03-13,"Christopher Grubb",signature_2026-03-13_1801.png,1991-02-19,,"224 Beech Avenue",Chrisjgrubb@gmail.com,"Ryan Gephart",45576862,Yes,30,Uber,Complete,,,,,,,,,,,,,,Incomplete,,,,,,,,,,,,,Incomplete,,,,,,Incomplete,,,Incomplete
10402,,Yes,1621.958,"Extra Large",2026-02-23,1986-12-02,39.23,Brian,Beverley,,Male,,"(856) 850-0390",brianismagikal@gmail.com,,"Black or African American",,"Not Hispanic or Latino",,,,,,,,Incomplete," -needs to review electrode cap and let us know if it would be possible with their hair type before scheduling","(856) 850-0390",brianismagikal@gmail.com,Brian,"Does not need to be recontacted","Schedule Visit",2026-05-04,,2026-03-26,MW,,2026-03-02,AD,,2026-03-12,JS,,,,,,,,,,,,,,,,Complete,,"hair is about 2 feet long, has locs",Yes,No,No,,Incomplete,,,,,,,,,,,,,Incomplete,,,,,,,,Incomplete,,,,,,,,,,,,,,,,,,,,,,,,,,,,,,Incomplete,,,,,,,,Incomplete,,,,,,,,,,,,,,,,,Incomplete,,,,,,,,,,,,,,,,,,,,,,Incomplete,,,,,,,,,,,,,,,,,,,,,,,,,,,,,,,,,,,,,,,,,,,,,,,,,,,,,,,,,,Incomplete,,,,,,,,,,,,,,,,,,,,,,,,,,,,,,,,Incomplete,,,,,,,,,,,,,,,Incomplete,,,,,,,,,,,,,,Incomplete,,,,,,,,,,,,,Incomplete,,,,,,Incomplete,,,Incomplete
10418,,Yes,1328.9524,,2026-02-16,1954-06-13,71.68,Joanne,Tenaglio,,Female,,"(610) 331-5862",jctenaglio@gmail.com,Female,White,,"Not Hispanic or Latino",,"26 Dorset Drive",Broomall,PA,19008,,"Cleveland, Ohio",Complete,"First and second impedance checks didn't save so the ones that are in the session notes are the third impedance checks","(610) 331-5862",jctenaglio@gmail.com,Joanne,"Does not need to be recontacted",Payment,2026-03-10,,2026-02-17,PS,,2026-02-19,RG,,2026-02-19,RG,,2026-02-19,RG,,2026-03-05,JW,,2026-03-06,PS,,2026-03-10,MW,,2026-03-19,JW,Complete,,,Yes,No,No,"2026-03-09 15:00",Complete,,Yes,Yes,Yes,Yes,Yes,signature_2026-03-09_1544.png,"Joanne Tenaglio ",2026-03-09,signature_2026-03-09_1545.png,"Puja Saha",2026-03-09,Complete,,23:00,07:30,"15 to 30 minutes","More than 7 hours","Once or twice a week","Fairly good",Complete,"2026-03-09 15:52:26",,,,,,,,,,,,,,,,,,,,,,,,,,"Very much",,,Complete,"2026-03-09 15:55:27",0.10,"5 minutes","5 days",3,1,6,Complete,"2026-03-09 15:56:59","Very often, or always true","Sometimes true","Sometimes true","Rarely true","Often true","Often true","Sometimes true","Sometimes true","Rarely true","Often true","Very often, or always true","Often true","Often true","Rarely true","Sometimes true",Complete,"2026-03-09 15:59:05","Very Untrue","Very Untrue","Somewhat True","Neither Untrue nor True","Very True","Very Untrue","Neither Untrue nor True","Very Untrue","Very True","Somewhat True","Very True","Somewhat Untrue","Very Untrue","Somewhat True","Somewhat Untrue","Somewhat Untrue","Somewhat Untrue","Very Untrue","Somewhat True","Somewhat Untrue",Complete,,FS,RSG,PMS,2026-03-09,B,Medium,100,9133,7592,1137,,,,,,,,,,,,,,,,,,,,,,,,,,,,,,,,,,,,,"Stimulation Condition","Stimulation Condition","No Stimulation Condition or Sham Condition","Stimulation Condition","No Stimulation Condition or Sham Condition","Stimulation Condition","No Stimulation Condition or Sham Condition","No Stimulation Condition or Sham Condition",No,,Complete,,Moderate,Possible,,Absent,,,Moderate,Definite,,Moderate,Possible,,Absent,,,Moderate,Possible,,Absent,,,Absent,,,Absent,,,Absent,,,Incomplete,,Yes,2026-03-09,"Joanne Tenaglio",signature_2026-03-09_1759.png,1954-06-13,,"26 Dorset Dr, Broomal, PA 19008",jctenaglio@gmail.com,"Puja Saha ",25577508,Yes,23.90,"Parking and gas",Complete,,,,,,,,,,,,,,Incomplete,,,,,,,,,,,,,Incomplete,,,,,,Incomplete,,,Incomplete
10462,,Yes,1772.2935,"Extra Large",2026-03-01,1960-11-05,65.32,Bradley,Spann,,Male,,"(323) 326-6125",bcspann@msn.com,,"Black or African American",,"Not Hispanic or Latino",,,,,,,,Incomplete,,"(323) 326-6125",bcspann@msn.com,Bradley,"Does not need to be recontacted","Schedule Phone Screener",2026-03-12,,2026-03-04,JW,,,,,,,,,,,,,,,,,,,,,,Incomplete,,,,,,,Incomplete,,,,,,,,,,,,,Incomplete,,,,,,,,Incomplete,,,,,,,,,,,,,,,,,,,,,,,,,,,,,,Incomplete,,,,,,,,Incomplete,,,,,,,,,,,,,,,,,Incomplete,,,,,,,,,,,,,,,,,,,,,,Incomplete,,,,,,,,,,,,,,,,,,,,,,,,,,,,,,,,,,,,,,,,,,,,,,,,,,,,,,,,,,Incomplete,,,,,,,,,,,,,,,,,,,,,,,,,,,,,,,,Incomplete,,,,,,,,,,,,,,,Incomplete,,,,,,,,,,,,,,Incomplete,,,,,,,,,,,,,Incomplete,,,,,,Incomplete,,,Incomplete
10478,,Yes,1416.801,Medium,2026-02-23,1995-01-04,31.14,Tiffany,Nguyen,,Female,,"(267) 882-7801",Tuf09285@temple.edu,,Asian,,"Not Hispanic or Latino",,,,,,,,Incomplete,"Many follow ups sent. Not sure what to do from here. -3/13 PS  Set to do not contact due to unresponsiveness -3/17, RG","(267) 882-7801",Tuf09285@temple.edu,Tiffany,"Does not need to be recontacted","Schedule Phone Screener",2026-03-17,,2026-02-24,MW,,,,,,,,,,,,,,,,,,,,,,Incomplete,,,,,,,Incomplete,,,,,,,,,,,,,Incomplete,,,,,,,,Incomplete,,,,,,,,,,,,,,,,,,,,,,,,,,,,,,Incomplete,,,,,,,,Incomplete,,,,,,,,,,,,,,,,,Incomplete,,,,,,,,,,,,,,,,,,,,,,Incomplete,,,,,,,,,,,,,,,,,,,,,,,,,,,,,,,,,,,,,,,,,,,,,,,,,,,,,,,,,,Incomplete,,,,,,,,,,,,,,,,,,,,,,,,,,,,,,,,Incomplete,,,,,,,,,,,,,,,Incomplete,,,,,,,,,,,,,,Incomplete,,,,,,,,,,,,,Incomplete,,,,,,Incomplete,,,Incomplete
10486,,,1333.571,Small,2026-03-01,1981-04-06,44.9,Melissa,Mazur,,Female,,"(610) 212-6874",mmazur@temple.edu,,White,,"Not Hispanic or Latino",,,,,,,,Incomplete," -wanted to read the review paper and be contacted later  - followed up 3/10 to schedule phone screener, said they no longer want to participate in study.","(610) 212-6874",mmazur@temple.edu,Melissa,"Does not need to be recontacted","Schedule Phone Screener",2026-03-12,,2026-03-05,RG,,,,,,,,,,,,,,,,,,,,,,Incomplete,"Send paper",,,,,,Incomplete,,,,,,,,,,,,,Incomplete,,,,,,,,Incomplete,,,,,,,,,,,,,,,,,,,,,,,,,,,,,,Incomplete,,,,,,,,Incomplete,,,,,,,,,,,,,,,,,Incomplete,,,,,,,,,,,,,,,,,,,,,,Incomplete,,,,,,,,,,,,,,,,,,,,,,,,,,,,,,,,,,,,,,,,,,,,,,,,,,,,,,,,,,Incomplete,,,,,,,,,,,,,,,,,,,,,,,,,,,,,,,,Incomplete,,,,,,,,,,,,,,,Incomplete,,,,,,,,,,,,,,Incomplete,,,,,,,,,,,,,Incomplete,,,,,,Incomplete,,,Incomplete
10529,,Yes,1395.299,Medium,2026-03-01,1955-04-29,70.84,Kenneth,Bobst,,Male,,"(267) 345-8817",bobstken@yahoo.com,,White,,"Not Hispanic or Latino",,,,,,,,Incomplete,"Previously replied STOP to our messages so we cannot reach out to them","(267) 345-8817",bobstken@yahoo.com,Kenneth,"Does not need to be recontacted","Schedule Phone Screener",2026-03-10,,2026-03-05,RG,,,,,,,,,,,,,,,,,,,,,,Incomplete,,,,,,,Incomplete,,,,,,,,,,,,,Incomplete,,,,,,,,Incomplete,,,,,,,,,,,,,,,,,,,,,,,,,,,,,,Incomplete,,,,,,,,Incomplete,,,,,,,,,,,,,,,,,Incomplete,,,,,,,,,,,,,,,,,,,,,,Incomplete,,,,,,,,,,,,,,,,,,,,,,,,,,,,,,,,,,,,,,,,,,,,,,,,,,,,,,,,,,Incomplete,,,,,,,,,,,,,,,,,,,,,,,,,,,,,,,,Incomplete,,,,,,,,,,,,,,,Incomplete,,,,,,,,,,,,,,Incomplete,,,,,,,,,,,,,Incomplete,,,,,,Incomplete,,,Incomplete
10541,,Yes,1614.648,"Extra Large",2026-03-01,1953-10-20,72.36,Craig,Bersak,Craig,Male,,"(856) 906-1457",craih.bersak@gmail.com,Male,White,,"Not Hispanic or Latino",,"1501 Old Black Horse Pike Apt W3",Blackwood,"New Jersey",08012,2019-03-05,Colonia,Incomplete,,"(856) 906-1457",craih.bersak@gmail.com,Craig,"Does not need to be recontacted",Payment,2026-03-31,,2026-03-05,RG,,2026-03-05,MW,,2026-03-12,DS,,2026-03-12,DS,,2026-03-26,DS,,2026-03-27,PS,,,,,,,Incomplete,,,Yes,No,No,"2026-03-30 13:00",Incomplete,"2026-03-30 12:58:00",Yes,Yes,Yes,Yes,No,signature_2026-03-30_1257.png,"Craig Bersak",2026-03-30,signature_2026-03-30_1257.png,JBW,2026-03-30,Complete,"2026-03-30 13:19:42",23:15,07:45,"Less than 15","More than 7 hours","Not during the past month","Fairly good",Complete,"2026-03-30 13:24:29",,,,,,,,,,,,,,,,,"Very much","Very much","Very much","Very much","Very much","Very much","Very much","Very much",,"Very much","Very much",,Complete,"2026-03-30 13:27:27"," 5 cents","5 minutes","47 days","3 elves",29,15,Complete,"2026-03-30 13:29:02","Sometimes true","Rarely true","Sometimes true","Never, or very rarely true","Often true","Never, or very rarely true","Often true","Often true","Never, or very rarely true","Often true","Sometimes true","Sometimes true","Often true","Rarely true","Often true",Complete,"2026-03-30 13:31:11","Somewhat Untrue","Very Untrue","Somewhat Untrue","Somewhat True","Somewhat True","Very Untrue","Somewhat Untrue","Very Untrue","Somewhat True","Somewhat True","Neither Untrue nor True","Somewhat True","Very Untrue","Somewhat Untrue","Very Untrue","Somewhat Untrue","Somewhat Untrue","Very Untrue","Somewhat Untrue","Very Untrue",Complete,,JW,PMS,,2026-03-30,B,Large,2683,10388,16350,8162,,,,,4386,7562,9420,5295,,,,,,,,,,,,,,,,,,,,,,,,,,,,,,,,,,,,,,,Incomplete,,,,,,,,,,,,,,,,,,,,,,,,,,,,,,,,Incomplete,"2026-03-30 14:43:55",Yes,2026-03-30,"Craig Bersak",signature_2026-03-30_1442.png,1953-10-20,,"16 Old Mill Dr., Voorhees, NJ. 08043",craih.bersak@gmail.com,Jbw,75572235,Yes,30,"Parking 24.00; Ben Franklin Bridge 6.00",Complete,,,,,,,,,,,,,,Incomplete,,,,,,,,,,,,,Incomplete,,,,,,Incomplete,,,Incomplete
10555,,Yes,,,2026-02-23,1994-04-03,31.89,Natalia,Likambo,,Female,,"(484) 541-4621",Natalialebo@gmail.com,,White,,"Not Hispanic or Latino",,,,,,,,Incomplete,"Set to do not contact if no response by 3/24 (RG)","(484) 541-4621",Natalialebo@gmail.com,Natalia,"Does not need to be recontacted","Schedule Phone Screener",2026-03-24,,2026-02-25,PS,,,,,,,,,,,,,,,,,,,,,,Incomplete,,,,,,,Incomplete,,,,,,,,,,,,,Incomplete,,,,,,,,Incomplete,,,,,,,,,,,,,,,,,,,,,,,,,,,,,,Incomplete,,,,,,,,Incomplete,,,,,,,,,,,,,,,,,Incomplete,,,,,,,,,,,,,,,,,,,,,,Incomplete,,,,,,,,,,,,,,,,,,,,,,,,,,,,,,,,,,,,,,,,,,,,,,,,,,,,,,,,,,Incomplete,,,,,,,,,,,,,,,,,,,,,,,,,,,,,,,,Incomplete,,,,,,,,,,,,,,,Incomplete,,,,,,,,,,,,,,Incomplete,,,,,,,,,,,,,Incomplete,,,,,,Incomplete,,,Incomplete
10559,,,1443.609,Large,2026-02-23,1994-06-11,31.71,myles,ragin,,Male,,"(267) 638-8941",mylesragin1@gmail.com,Male,"Black or African American",,"Not Hispanic or Latino",,"900 N 9th st",Philadelphia,PA,19123,,,Complete,,"(267) 638-8941",mylesragin1@gmail.com,myles,"Does not need to be recontacted",Payment,2026-03-19,,2026-02-24,MW,,2026-02-26,PS,,2026-02-26,PS,,2026-03-13,JS,,,,,2026-03-17,RG,,2026-03-19,PS,,2026-03-19,JW,Complete,,,Yes,No,No,"2026-03-18 17:00",Complete,"2026-03-18 17:13:30",Yes,Yes,Yes,Yes,Yes,signature_2026-03-18_1712.png,"Myles Ragin",2026-03-18,signature_2026-03-18_1713.png,"Abraham Dachs",2026-03-18,Complete,"2026-03-18 17:31:27",01:00,09:00,"15 to 30 minutes","Between 5 and 6 hours","Not during the past month","Fairly good",Complete,"2026-03-18 17:42:52",,,,,,,"Not much at all",,,,,,,"Not much at all",,"Very much","Very much",,"Very much",,,,"Very much","Very much","Very much",,"Very much",,Complete,"2026-03-18 17:49:41",.05,"5 minutes","47 days","three elves",30,15,Complete,"2026-03-18 17:52:46","Often true","Very often, or always true","Sometimes true","Sometimes true","Often true","Very often, or always true","Never, or very rarely true","Rarely true","Rarely true","Often true","Often true","Very often, or always true","Rarely true","Rarely true","Often true",Complete,"2026-03-18 17:55:56","Neither Untrue nor True","Somewhat Untrue","Neither Untrue nor True","Somewhat Untrue","Neither Untrue nor True","Very Untrue","Neither Untrue nor True","Neither Untrue nor True","Somewhat True","Somewhat True","Somewhat True","Neither Untrue nor True","Neither Untrue nor True","Neither Untrue nor True","Somewhat Untrue","Somewhat Untrue","Somewhat Untrue","Neither Untrue nor True","Somewhat True","Very Untrue",Complete,,JMS,AD,PMS,2026-03-18,A,Large,2254,7483,9181,322,,,,,4356,6376,6220,2409,,,,,,,,,,,,,,,,,,,,,,,,,,,,,,,,,,,,,No,,Complete,,Absent,,,Absent,,,Absent,,,Absent,,,Absent,,,Absent,,,Mild,Possible,,Mild,Possible,,Absent,,,Absent,,,Incomplete,"2026-03-18 19:10:13",Yes,2026-03-18,"Myles Ragin",signature_2026-03-18_1909.png,1994-06-11,,"2431 E Firth, Philadelphia ",mylesragin1@gmail.com,"Jenelle Scholl",35585699,No,,,Complete,,,2026-03-18,,,1994-06-11,,mylesragin1@gmail.com,,,,,,Incomplete,,,,,,,,,,,,,Incomplete,,,,,,Incomplete,,,Incomplete
10572,,Yes,1211.939,Small,2026-03-01,1952-09-13,73.46,Anita,Braun,,Female,,"(856) 520-1098",earlgreylady@yahoo.com,,White,,"Not Hispanic or Latino",,,,,,,,Incomplete," - followed up initial contact on 3/13/26 PS  - if no response by 3/14, set to do not contact (3/17,  RG)","(856) 520-1098",earlgreylady@yahoo.com,Anita,"Does not need to be recontacted","Schedule Phone Screener",2026-03-24,,2026-03-05,RG,,,,,,,,,,,,,,,,,,,,,,Incomplete,,,,,,,Incomplete,,,,,,,,,,,,,Incomplete,,,,,,,,Incomplete,,,,,,,,,,,,,,,,,,,,,,,,,,,,,,Incomplete,,,,,,,,Incomplete,,,,,,,,,,,,,,,,,Incomplete,,,,,,,,,,,,,,,,,,,,,,Incomplete,,,,,,,,,,,,,,,,,,,,,,,,,,,,,,,,,,,,,,,,,,,,,,,,,,,,,,,,,,Incomplete,,,,,,,,,,,,,,,,,,,,,,,,,,,,,,,,Incomplete,,,,,,,,,,,,,,,Incomplete,,,,,,,,,,,,,,Incomplete,,,,,,,,,,,,,Incomplete,,,,,,Incomplete,,,Incomplete
10581,,Yes,1430.808,Medium,2026-03-01,1974-11-27,51.26,James,Lucas,,Male,,"(215) 980-0406",bigglucas74@gmail.com,,"Black or African American",,"Not Hispanic or Latino",,,,,,,,Incomplete," - followed up initial contact on 3/10/26  - if no response by 3/24, set to do not contact","(215) 980-0406",bigglucas74@gmail.com,James,"Does not need to be recontacted","Schedule Phone Screener",2026-03-24,,2026-03-05,JW,,,,,,,,,,,,,,,,,,,,,,Incomplete,,,,,,,Incomplete,,,,,,,,,,,,,Incomplete,,,,,,,,Incomplete,,,,,,,,,,,,,,,,,,,,,,,,,,,,,,Incomplete,,,,,,,,Incomplete,,,,,,,,,,,,,,,,,Incomplete,,,,,,,,,,,,,,,,,,,,,,Incomplete,,,,,,,,,,,,,,,,,,,,,,,,,,,,,,,,,,,,,,,,,,,,,,,,,,,,,,,,,,Incomplete,,,,,,,,,,,,,,,,,,,,,,,,,,,,,,,,Incomplete,,,,,,,,,,,,,,,Incomplete,,,,,,,,,,,,,,Incomplete,,,,,,,,,,,,,Incomplete,,,,,,Incomplete,,,Incomplete
10584,,Yes,1567.0499,"Extra Large",2026-03-01,1973-04-25,52.85,Vira,Katolik,,Female,,"(215) 840-5800",Vkatolik@yahoo.com,Female,White,,"Ethnicity not described (Other)",,"27 butternut drive",Hatboro,PA,19040,,"Philadelphia ",Incomplete,"does not want to participate ","(215) 840-5800",Vkatolik@yahoo.com,Vira,"Does not need to be recontacted","Phone Screener",2026-03-06,,2026-03-05,JW,,2026-03-05,JS,,,,,,,,,,,,,,,,,,,Incomplete,,,,,,,Incomplete,,,,,,,,,,,,,Incomplete,,,,,,,,Incomplete,,,,,,,,,,,,,,,,,,,,,,,,,,,,,,Incomplete,,,,,,,,Incomplete,,,,,,,,,,,,,,,,,Incomplete,,,,,,,,,,,,,,,,,,,,,,Incomplete,,,,,,,,,,,,,,,,,,,,,,,,,,,,,,,,,,,,,,,,,,,,,,,,,,,,,,,,,,Incomplete,,,,,,,,,,,,,,,,,,,,,,,,,,,,,,,,Incomplete,,,,,,,,,,,,,,,Incomplete,,,,,,,,,,,,,,Incomplete,,,,,,,,,,,,,Incomplete,,,,,,Incomplete,,,Incomplete
10585,,Yes,1371.757,Medium,2026-03-01,1959-10-31,66.33,Phyllis,Rubin-Arnold,,Female,,"(215) 348-4011",prubinarnold31@gmail.com,,White,,"Not Hispanic or Latino",,,,,,,,Incomplete,"Having issues with back and cannot participate in the study ","(215) 348-4011",prubinarnold31@gmail.com,Phyllis,"Does not need to be recontacted","Schedule Phone Screener",2026-03-25,,2026-03-06,JS,,,,,,,,,,,,,,,,,,,,,,Incomplete,,,,,,,Incomplete,,,,,,,,,,,,,Incomplete,,,,,,,,Incomplete,,,,,,,,,,,,,,,,,,,,,,,,,,,,,,Incomplete,,,,,,,,Incomplete,,,,,,,,,,,,,,,,,Incomplete,,,,,,,,,,,,,,,,,,,,,,Incomplete,,,,,,,,,,,,,,,,,,,,,,,,,,,,,,,,,,,,,,,,,,,,,,,,,,,,,,,,,,Incomplete,,,,,,,,,,,,,,,,,,,,,,,,,,,,,,,,Incomplete,,,,,,,,,,,,,,,Incomplete,,,,,,,,,,,,,,Incomplete,,,,,,,,,,,,,Incomplete,,,,,,Incomplete,,,Incomplete
10589,,Yes,1494.241,Large,2026-03-01,1988-05-21,37.78,Patrick,Sullivan,,Male,,"(484) 938-8030",jtps@msn.com,,White,,"Not Hispanic or Latino",,,,,,,,Incomplete,,"(484) 938-8030",jtps@msn.com,Patrick,"Does not need to be recontacted",Payment,2026-03-31,,2026-03-09,JW,,2026-03-06,JS,,2026-03-06,JS,,2026-03-06,JS,,2026-03-13,CK,,2026-03-18,PS,,2026-03-19,RG,,,,Complete,,,Yes,No,No,,Complete,"2026-03-19 11:53:08",Yes,Yes,Yes,Yes,Yes,signature_2026-03-19_1152.png,"Patrick Sullivan ",2026-03-19,signature_2026-03-19_1152.png,"Dilver Diljit Singh",2026-03-19,Complete,"2026-03-19 12:17:08",00:00,09:00,"15 to 30 minutes","Between 6 and 7 hours","Three or more times a week","Fairly bad",Complete,"2026-03-19 12:21:48",,,,,,,,,,,,,,,,,,,,,"Very much",,,,"Very much",,,,Complete,"2026-03-19 12:23:55",5,5,47,3,30,15,Complete,"2026-03-19 12:24:59","Sometimes true","Sometimes true","Sometimes true","Sometimes true","Rarely true","Sometimes true","Sometimes true","Sometimes true","Often true","Rarely true","Rarely true","Sometimes true","Sometimes true","Rarely true","Rarely true",Complete,"2026-03-19 12:26:18","Somewhat True","Somewhat Untrue","Somewhat True","Somewhat True","Neither Untrue nor True","Somewhat True","Very True","Somewhat Untrue","Very True","Somewhat True","Very True","Somewhat Untrue","Somewhat Untrue","Somewhat True","Somewhat Untrue","Somewhat Untrue","Somewhat True","Somewhat True","Very True","Somewhat Untrue",Complete,,RSG,DDS,,2026-03-19,A,,157,7675,17797,8616,,,,,446,7100,14013,4982,,,,,1353,6916,9614,768,,,,,,,,,,,,,,,,,,,,,"Stimulation Condition","Stimulation Condition","Stimulation Condition","No Stimulation Condition or Sham Condition","Stimulation Condition","No Stimulation Condition or Sham Condition","No Stimulation Condition or Sham Condition","Stimulation Condition",,,Complete,,Absent,,,Absent,,,Absent,,,Absent,,,Mild,Possible,,Absent,,,Absent,,,Absent,,,Absent,,,Absent,,,Incomplete,"2026-03-19 13:43:35",Yes,2026-03-19,"Patrick Sullivan ",signature_2026-03-19_1342.png,1988-05-21,,"277 Union street, royersford, Pa 19468",jtps@msn.com,"Ryan Gephart ",95563358,Yes,30,"Parking and gas",Complete,,,,,,,,,,,,,,Incomplete,,,,,,,,,,,,,Incomplete,,,,,,Incomplete,,,Incomplete
10590,,Yes,1577.46,"Extra Large",2026-03-01,1967-01-26,59.09,Charis,Duke,,Female,,"(910) 920-7565",charisduke@gmail.com,Female,White,,"Not Hispanic or Latino",,"5242 N Carlisle St",Philadelphia,PA,19141,,"Walnut Creek, CA",Incomplete,,"(910) 920-7565",charisduke@gmail.com,Charis,"Does not need to be recontacted",Payment,2026-04-17,,2026-03-09,AD,,2026-03-10,MW,,2026-03-19,"PS ",,2026-03-26,JS,,2026-04-13,PS,,2026-04-16,SG,,2026-04-21,RG,,,,Incomplete,,,Yes,No,No,"2026-04-17 10:30",Complete,"2026-04-17 10:49:25",Yes,Yes,Yes,Yes,Yes,signature_2026-04-17_1048.png,"Charis B Duke",2026-04-17,signature_2026-04-17_1049.png,JBW,2026-04-17,Complete,"2026-04-17 11:07:15",23:00,07:00,"Less than 15","Between 6 and 7 hours","Once or twice a week","Fairly good",Complete,"2026-04-17 11:13:02",,"Not much at all",,,,,"Not much at all",,"Not much at all",,,"Not much at all",,"Not much at all",,,,,,,,"Very much",,,,,,,Complete,"2026-04-17 11:16:01",$.10,"5 minutes","47 days",3,30,20,Complete,"2026-04-17 11:17:23","Very often, or always true","Very often, or always true","Rarely true","Rarely true","Often true","Often true","Never, or very rarely true","Sometimes true","Never, or very rarely true","Often true","Very often, or always true","Never, or very rarely true","Rarely true","Never, or very rarely true","Very often, or always true",Complete,"2026-04-17 11:18:54","Somewhat True","Somewhat True","Somewhat Untrue","Neither Untrue nor True","Neither Untrue nor True","Very Untrue","Very Untrue","Very Untrue","Somewhat True","Somewhat Untrue","Very Untrue","Somewhat Untrue","Very Untrue","Somewhat Untrue","Very Untrue","Very Untrue","Very Untrue","Somewhat Untrue","Very Untrue","Somewhat Untrue",Complete,,JBW,,,2026-04-17,B,Large,1171,6935,8765,1067,,,,,1353,3994,6772,1855,,,,,,,,,,,,,,,,,,,,,,,,,,,,,"No Stimulation Condition or Sham Condition","No Stimulation Condition or Sham Condition","No Stimulation Condition or Sham Condition","No Stimulation Condition or Sham Condition","No Stimulation Condition or Sham Condition","Stimulation Condition","Stimulation Condition","No Stimulation Condition or Sham Condition",No,,Incomplete,,Absent,,,Absent,,,Absent,,,Absent,,,Absent,,,Absent,,,Mild,Remote,,Absent,,,Absent,,,Absent,,,Incomplete,"2026-04-17 12:33:15",Yes,2026-04-17,"Charis B Duke",signature_2026-04-17_1232.png,1967-01-26,,"5242 N Carlisle",charisduke@gmail.com,JBW,95586117,No,,,Complete,,,,,,,,,,,,,,Incomplete,,,,,,,,,,,,,Incomplete,,,,,,Incomplete,,,Incomplete
10596,,Yes,1329.652,Small,2026-02-23,1995-11-01,30.31,Maria,Iacoponi,,Female,,"(215) 787-7896",miacoponi@uarts.edu,,White,,"Not Hispanic or Latino",,,,,,,,Incomplete,"Asking if she can schedule a visit in May.     -visit was on 6/4 and needs rescheduled","(215) 787-7896",miacoponi@uarts.edu,Maria,"Does not need to be recontacted","Schedule Visit",2026-07-06,,2026-02-26,DS,,2026-03-05,JS,,2026-03-10,MW,,,,,,,,,,,,,,,,Complete,,,Yes,No,No,"2026-06-04 11:00",Incomplete,,,,,,,,,,,,,Incomplete,,,,,,,,Incomplete,,,,,,,,,,,,,,,,,,,,,,,,,,,,,,Incomplete,,,,,,,,Incomplete,,,,,,,,,,,,,,,,,Incomplete,,,,,,,,,,,,,,,,,,,,,,Incomplete,,,,,,,,,,,,,,,,,,,,,,,,,,,,,,,,,,,,,,,,,,,,,,,,,,,,,,,,,,Incomplete,,,,,,,,,,,,,,,,,,,,,,,,,,,,,,,,Incomplete,,,,,,,,,,,,,,,Incomplete,,,,,,,,,,,,,,Incomplete,,,,,,,,,,,,,Incomplete,,,,,,Incomplete,,,Incomplete
10603,,Yes,1333.315,Small,2026-02-27,1953-11-13,72.29,Cathy,Robinson,,Female,,"(267) 679-3191",kyicat@comcast.net,,"Black or African American",,"Not Hispanic or Latino",,,,,,,,Incomplete," -wanted to read papers before agreeing to the study  - sent follow-up to see if they've read papers on 3/10/26","(267) 679-3191",kyicat@comcast.net,Cathy,"Does not need to be recontacted","Schedule Phone Screener",2026-03-16,,2026-02-26,,,2026-03-05,JS,,,,,,,,,,,,,,,,,,,Incomplete,"Send paper",,,,,,Incomplete,,,,,,,,,,,,,Incomplete,,,,,,,,Incomplete,,,,,,,,,,,,,,,,,,,,,,,,,,,,,,Incomplete,,,,,,,,Incomplete,,,,,,,,,,,,,,,,,Incomplete,,,,,,,,,,,,,,,,,,,,,,Incomplete,,,,,,,,,,,,,,,,,,,,,,,,,,,,,,,,,,,,,,,,,,,,,,,,,,,,,,,,,,Incomplete,,,,,,,,,,,,,,,,,,,,,,,,,,,,,,,,Incomplete,,,,,,,,,,,,,,,Incomplete,,,,,,,,,,,,,,Incomplete,,,,,,,,,,,,,Incomplete,,,,,,Incomplete,,,Incomplete
10606,,Yes,1489.644,Large,2026-02-23,2000-09-10,25.45,Emma,Lindsley,,Female,,"(609) 792-3448",lindslee@dickinson.edu,,White,,"Not Hispanic or Latino",,,,,,,,Incomplete,,"(609) 792-3448",lindslee@dickinson.edu,Emma,"Does not need to be recontacted",Payment,2026-03-16,,2026-02-26,PS,,2026-03-05,JW,,2026-03-05,JW,,2026-03-05,DS,,2026-03-11,PS,,2026-03-13,CK,,2026-03-16,PS,,2026-03-19,JW,Incomplete,,,Yes,No,No,"2026-03-15 11:00",Complete,"2026-03-15 11:14:24",Yes,Yes,Yes,Yes,Yes,signature_2026-03-15_1113.png,"Emma Lindsley",2026-03-15,signature_2026-03-15_1114.png,"Abraham Dachs",2026-03-15,Complete,"2026-03-15 11:16:58",00:00,08:00,"Less than 15","More than 7 hours","Not during the past month","Very good",Complete,"2026-03-15 11:23:23",,,,,"Not much at all",,,,,,"Not much at all",,,"Not much at all",,,,,,,,,,,,,,"Very much",Complete,"2026-03-15 11:25:02","5 cents","5 minutes","47 days",Three,29,15,Complete,"2026-03-15 11:26:38","Very often, or always true","Sometimes true","Sometimes true","Never, or very rarely true","Often true","Sometimes true","Sometimes true","Sometimes true","Never, or very rarely true","Often true","Very often, or always true","Sometimes true","Sometimes true","Never, or very rarely true","Often true",Complete,"2026-03-15 11:29:13","Somewhat True","Somewhat True","Very Untrue","Somewhat Untrue","Very Untrue","Neither Untrue nor True","Very Untrue","Very Untrue","Somewhat True","Neither Untrue nor True","Somewhat Untrue","Somewhat True","Very Untrue","Somewhat Untrue","Very Untrue","Neither Untrue nor True","Very Untrue","Neither Untrue nor True","Very Untrue","Somewhat Untrue",Complete,"CZ kept being too high    6th check  F3. 873  Fp1. 9353  CZ. 11860  T7. 2859",,,,2026-03-15,A,Large,5896,11924,21812,12376,,,,,4570,10502,18700,9288,,,,,3448,9984,16243,7103,,,,,2506,9539,13826,4726,,,,,1497,9459,12530,3491,,,,,"Stimulation Condition","Stimulation Condition","No Stimulation Condition or Sham Condition","No Stimulation Condition or Sham Condition","No Stimulation Condition or Sham Condition","Stimulation Condition","No Stimulation Condition or Sham Condition","Stimulation Condition",No,,Complete,,Absent,,,Absent,,,Absent,,,Absent,,,Severe,Definite,,Absent,,,Absent,,,Mild,"None (not related)",,Absent,,,Absent,,,Incomplete,"2026-03-15 13:40:28",Yes,2026-03-15,"Emma Lindsley",signature_2026-03-15_1339.png,2000-09-10,,"1027B Society Hill, Cherry Hill, NJ 08003",grooverbeetle@gmail.com,"Ryan Gephart",15572262,Yes,20,"Tolls and parking",Complete,,,,,,,,,,,,,,Incomplete,,,,,,,,,,,,,Incomplete,,,,,,Incomplete,,,Incomplete
10608,,Yes,1197.486,Small,2026-03-18,1994-01-05,32.2,Darrah,Ellis,Darrah,Female,,"(317) 764-7778",dmellis223@gmail.com,,"Black or African American",,"Not Hispanic or Latino",,,,,,,,Incomplete,,"(317) 764-7778",dmellis223@gmail.com,Darrah,"Does not need to be recontacted",Payment,2026-03-19,,2026-02-27,PS,,2026-03-05,JW,,2026-03-05,AD,,2026-03-10,PS,,2026-03-13,PS,,2026-03-17,RG,,,,,,,Complete,,,Yes,No,No,,Complete,"2026-03-18 14:28:19",Yes,Yes,Yes,Yes,Yes,signature_2026-03-18_1427.png,"Darrah Ellis",2026-03-18,signature_2026-03-18_1428.png,"Abraham Dachs",2026-03-18,Complete,"2026-03-18 14:58:44",23:00,08:00,"30 to 60 minutes","Between 6 and 7 hours","Not during the past month","Fairly good",Complete,"2026-03-18 15:04:49",,,"Not much at all",,,,"Not much at all",,"Not much at all",,,"Not much at all",,"Not much at all","Not much at all","Very much","Very much",,"Very much",,"Very much",,"Very much",,"Very much","Very much",,,Complete,"2026-03-18 15:10:02",$0.05,"5 minutes","24 days","three elves",29,15-20,Complete,"2026-03-18 15:11:24","Often true","Sometimes true","Often true","Never, or very rarely true","Sometimes true","Rarely true","Sometimes true","Sometimes true","Never, or very rarely true","Sometimes true","Very often, or always true","Rarely true","Rarely true","Never, or very rarely true","Sometimes true",Complete,"2026-03-18 15:13:20","Neither Untrue nor True","Very Untrue","Neither Untrue nor True","Somewhat True","Very True","Neither Untrue nor True","Somewhat True","Neither Untrue nor True","Somewhat Untrue","Somewhat True","Very True","Very Untrue","Very True","Very Untrue","Somewhat True","Very Untrue","Neither Untrue nor True","Somewhat True","Very True","Very Untrue",Complete,,RSG,AD,,2026-03-12,A,Small,702,11680,11443,5862,,,,,1404,9431,9402,2449,,,,,,,,,,,,,,,,,,,,,,,,,,,,,"No Stimulation Condition or Sham Condition","Stimulation Condition","Stimulation Condition","No Stimulation Condition or Sham Condition","Stimulation Condition","Stimulation Condition","No Stimulation Condition or Sham Condition","No Stimulation Condition or Sham Condition",No,,Complete,,Absent,,,Absent,,,Absent,,,Absent,,,Mild,Definite,"Not a bother",Absent,,,Absent,,,Absent,,,Absent,,,Absent,,,Incomplete,"2026-03-18 16:27:14",Yes,2026-03-18,"Darrah Ellis",signature_2026-03-18_1627.png,1994-01-05,,"1531 N Bucknell Street",dmellis223@gmail.com,"Ryan Gephart",25592037,Yes,30,Uber,Complete,,,,,,,,,,,,,,Incomplete,,,,,,,,,,,,,Incomplete,,,,,,Incomplete,,,Incomplete
10617,,Yes,1339.618,Small,2026-04-22,1949-11-01,76.47,Sherry,cote,,Female,,"(610) 212-4774",dougsherry1@verizon.net,Female,White,,"Not Hispanic or Latino",,"106 Elmwood dr","Downingtown ",Pa,19335,,"Arlington ",Complete,"conflicting visits on 4/13, needs to be rescheduled. ","(610) 212-4774",dougsherry1@verizon.net,Sherry,"Does not need to be recontacted",Payment,2026-04-23,,2026-03-10,MW,,2026-03-10,PS,,2026-03-11,PS,,2026-04-09,DS,,2026-03-27,PS,,2026-04-01,PS,,,,,,,Incomplete,,,Yes,No,No,"2026-04-02 11:15",Complete,"[not completed]",,,Yes,Yes,Yes,signature_2026-04-22_1120.png,"Sherry Cote",2026-04-22,signature_2026-04-22_1121.png,JBW,2026-04-22,Incomplete,"2026-04-22 11:37:42",09:30,06:30,"15 to 30 minutes","More than 7 hours","Once or twice a week","Very good",Complete,"2026-04-22 11:43:57",,"Not much at all",,,"Not much at all","Not much at all","Not much at all","Not much at all","Not much at all","Not much at all","Not much at all",,"Not much at all","Not much at all",,,,,,,,"Very much","Very much",,"Very much",,,"Very much",Complete,"2026-04-22 11:47:38",0.10,"100 min","47 days",6,15,20,Complete,"2026-04-22 11:48:57","Often true","Very often, or always true","Rarely true","Never, or very rarely true","Very often, or always true","Never, or very rarely true","Never, or very rarely true","Very often, or always true","Never, or very rarely true","Often true","Often true","Very often, or always true","Sometimes true","Rarely true","Often true",Complete,"2026-04-22 11:50:35","Very Untrue","Very Untrue","Very Untrue","Very Untrue","Very Untrue","Very Untrue","Very Untrue","Very Untrue","Somewhat True","Very Untrue","Very Untrue","Neither Untrue nor True","Very Untrue","Very Untrue","Very Untrue","Very Untrue","Very Untrue","Very Untrue","Somewhat Untrue","Very Untrue",Complete,,JW,JMS,,2026-04-22,B,Medium,466,11496,13096,4127,,,,,807,9954,10669,1847,,,,,,,,,,,,,,,,,,,,,,,,,,,,,"No Stimulation Condition or Sham Condition","No Stimulation Condition or Sham Condition","Stimulation Condition","Stimulation Condition","No Stimulation Condition or Sham Condition","Stimulation Condition","Stimulation Condition","No Stimulation Condition or Sham Condition",Yes,signature_2026-04-22_1305.png,Incomplete,,Absent,,,Absent,,,Absent,,,Absent,,,Absent,,,Absent,,,Absent,,,Absent,,,Absent,,,Absent,,,Incomplete,"2026-04-22 13:13:55",Yes,2026-04-22,"Sherry Cote",signature_2026-04-22_1313.png,1949-11-01,,"106 elm wood dr",dougsherry1@verizon.net,JBW,75587889,No,,,Complete,,,,,,,,,,,,,,Incomplete,,,,,,,,,,,,,Incomplete,,,,,,Incomplete,,,Incomplete
10636,,,1313.446,,2026-02-23,1996-07-14,29.61,Kathryn,Yumiko,,Female,,"(610) 704-6642",yumikokono@gmail.com,Female,Asian,,"Not Hispanic or Latino",,"300 W. Elm St.","Conshohocken ","Pennsylvania ",19428,,Nanning,Incomplete,,"(610) 704-6642",yumikokono@gmail.com,Kathryn,"Does not need to be recontacted",Payment,2026-03-12,,2026-02-27,PS,,2026-03-02,AD,,2026-03-02,AD,,2026-03-02,AD,,2026-03-06,JS,,2026-03-10,MW,,2026-03-12,JS,,2026-03-19,JW,Incomplete,,,Yes,No,No,"2026-03-10 14:00",Complete,"2026-03-10 14:07:17",Yes,Yes,Yes,Yes,Yes,signature_2026-03-10_1406.png,"Kathryn Yumiko Kono",2026-03-10,,,2026-03-10,Complete,"2026-03-10 14:08:57",22:00,06:30,"Less than 15","Between 6 and 7 hours","Not during the past month","Fairly good",Complete,"2026-03-10 14:16:00",,,,,,,,,"Not much at all",,,,,,,,"Very much","Very much","Very much",,"Very much","Very much",,,"Very much","Very much","Very much",,Complete,"2026-03-10 14:23:41",$0.10,"100 minutes","24 days","six elves","30 students",20,Complete,"2026-03-10 14:25:58","Rarely true","Often true","Sometimes true","Sometimes true","Often true","Often true","Rarely true","Often true","Sometimes true","Rarely true","Often true","Often true","Sometimes true","Sometimes true","Rarely true",Complete,"2026-03-10 14:28:38","Somewhat True","Somewhat Untrue","Somewhat True","Somewhat True","Neither Untrue nor True","Somewhat Untrue","Somewhat True","Somewhat Untrue","Very True","Somewhat True","Somewhat True","Somewhat True","Somewhat Untrue","Somewhat True","Somewhat True","Very Untrue","Somewhat True","Somewhat True","Somewhat True","Neither Untrue nor True",Complete,,FS,RSG,,2026-03-10,B,Small,4195,11475,11783,2850,,,,,1204,8906,9914,1069,,,,,,,,,,,,,,,,,,,,,,,,,,,,,"No Stimulation Condition or Sham Condition","Stimulation Condition","No Stimulation Condition or Sham Condition","No Stimulation Condition or Sham Condition","Stimulation Condition","No Stimulation Condition or Sham Condition","Stimulation Condition","No Stimulation Condition or Sham Condition",,,Unverified,,Mild,Probable,,Absent,,,Absent,,,Moderate,Probable,,Absent,,,Absent,,,Moderate,"None (not related)",,Mild,"None (not related)",,Absent,,,Absent,,,Incomplete,"2026-03-10 16:11:35",Yes,2026-03-10,"Kathryn Yumiko Kono",signature_2026-03-10_1611.png,1996-07-14,,"600 Trenton Rd, Langhorne PA 19047",yumikokono@gmail.com,"Ryan Gephart",05568257,No,,,Complete,,,,,,,,,,,,,,Incomplete,,,,,,,,,,,,,Incomplete,,,,,,Incomplete,,,Incomplete
10638,,Yes,1235.7356,Small,2026-03-01,1951-07-26,74.6,Jean,Simon,,Female,,"(407) 257-2536",JeanSimon@atravelersfriend.com,Female,White,,"Not Hispanic or Latino",,"1747 West Chester Pike",Havertown,PA,19083,,Auburn,Incomplete,"Rescheduled visit on 3/26 at 2pm (RG)  ","(407) 257-2536",JeanSimon@atravelersfriend.com,Jean,"Does not need to be recontacted",Payment,2026-04-07,,2026-03-10,MW,,2026-03-17,RG,,2026-03-17,RG,,2026-03-17,RG,,2026-04-03,PS,,,,,2026-04-07,RG,,,,Complete,"Send paper",,Yes,No,No,"2026-03-26 14:00",Complete,"[not completed]",Yes,Yes,Yes,,Yes,signature_2026-04-07_0924.png,"Jean Simon",2026-04-07,signature_2026-04-07_0925.png,JBW,2026-04-07,Incomplete,"2026-04-07 09:51:11",03:00,08:00,"Less than 15","Less than 7 hours","Not during the past month","Very good",Complete,"2026-04-07 10:00:05",,"Not much at all",,,"Not much at all",,"Not much at all",,"Not much at all",,"Not much at all",,,"Very much",,,,,,,,,,,,,,,Complete,"2026-04-07 10:03:17",$.10,20,24,3,30,20,Complete,"2026-04-07 10:05:24","Very often, or always true","Often true","Sometimes true","Never, or very rarely true","Sometimes true","Rarely true","Rarely true","Sometimes true","Never, or very rarely true","Rarely true","Very often, or always true","Sometimes true","Sometimes true","Never, or very rarely true","Sometimes true",Complete,"2026-04-07 10:08:07","Very Untrue","Neither Untrue nor True","Very Untrue","Somewhat True","Very Untrue","Somewhat Untrue","Neither Untrue nor True","Very Untrue","Very Untrue","Somewhat Untrue","Somewhat Untrue","Neither Untrue nor True","Somewhat Untrue","Somewhat Untrue","Very Untrue","Somewhat Untrue","Very Untrue","Neither Untrue nor True","Very Untrue","Neither Untrue nor True",Complete,,JW,JMS,,2026-04-07,B,Small,6684,17141,17307,8280,,,,,5906,16226,16679,7631,,,,,2138,12280,13335,4462,,,,,,,,,,,,,,,,,,,,,"No Stimulation Condition or Sham Condition","Stimulation Condition","Stimulation Condition","No Stimulation Condition or Sham Condition","No Stimulation Condition or Sham Condition","No Stimulation Condition or Sham Condition","Stimulation Condition","Stimulation Condition",,,Incomplete,,Absent,,,Absent,,,Absent,,,Absent,,,Absent,,,Absent,,,Absent,,,Absent,,,Absent,,,Absent,,,Incomplete,"2026-04-07 11:35:23",Yes,2026-04-07,"Jean Simon",signature_2026-04-07_1134.png,1951-07-26,,"461 Brookfield Rd, Drexel Hill, PA 19026",JeanSimon@atravelersfriend.com,JBW,25550826,No,,,Complete,,,,,,,,,,,,,,Incomplete,,,,,,,,,,,,,Incomplete,,,,,,Incomplete,,,Incomplete
10640,,Yes,1567.556,"Extra Large",2026-03-01,1992-01-06,34.15,Carolyn,Chila,,Female,,"(267) 738-4064",Chila.Carolyn@gmail.com,Female,White,,"Not Hispanic or Latino",,"3120 Lanvale Place",PHILADELPHIA,PA,19145,,Philadelphia,Incomplete,"Wanted to read the safety review before deciding whether to participate (3/17, RG). Next contact should ask if she is still interested in participating.    Calls from 267-207-1627","(267) 738-4064",Chila.Carolyn@gmail.com,Carolyn,"Does not need to be recontacted","Schedule Phone Screener",2026-04-17,,2026-03-11,PS,,,,,,,,,,,,,,,,,,,,,,Incomplete,"Send paper",,,,,,Incomplete,,,,,,,,,,,,,Incomplete,,,,,,,,Incomplete,,,,,,,,,,,,,,,,,,,,,,,,,,,,,,Incomplete,,,,,,,,Incomplete,,,,,,,,,,,,,,,,,Incomplete,,,,,,,,,,,,,,,,,,,,,,Incomplete,,,,,,,,,,,,,,,,,,,,,,,,,,,,,,,,,,,,,,,,,,,,,,,,,,,,,,,,,,Incomplete,,,,,,,,,,,,,,,,,,,,,,,,,,,,,,,,Incomplete,,,,,,,,,,,,,,,Incomplete,,,,,,,,,,,,,,Incomplete,,,,,,,,,,,,,Incomplete,,,,,,Incomplete,,,Incomplete
10641,,,1313.536,Small,2026-03-01,1978-10-22,47.36,Clarissa,vermulst,,Female,,"(571) 217-8768",onerissa@yahoo.com,,White,,"Not Hispanic or Latino",,,,,,,,Incomplete,,"(571) 217-8768",onerissa@yahoo.com,Clarissa,"Does not need to be recontacted",Payment,2026-04-02,,2026-03-12,PS,,2026-03-17,RG,,2026-03-17,RG,,2026-03-25,DS,,2026-03-27,PS,,2026-04-01,PS,,,,,,,Complete,"Send paper",,Yes,No,No,"2026-03-24 14:00",Complete,"2026-04-02 14:19:41",Yes,Yes,Yes,Yes,No,signature_2026-04-02_1419.png,"Clarissa vermulst",2026-04-02,signature_2026-04-02_1419.png,JBW,2026-04-02,Complete,"2026-04-02 14:45:24",23:00,07:00,"15 to 30 minutes","More than 7 hours","Once or twice a week","Very good",Complete,"2026-04-02 14:56:52",,,,,,,,,,,,,,,,"Very much","Very much",,,,,,,,,"Very much",,"Very much",Complete,"2026-04-02 15:08:07","5 cents","20 minutes","47 days",3,29,15,Complete,"2026-04-02 15:10:55","Rarely true","Often true","Rarely true","Never, or very rarely true","Sometimes true","Never, or very rarely true","Never, or very rarely true","Rarely true","Never, or very rarely true","Very often, or always true","Often true","Often true","Sometimes true","Never, or very rarely true","Sometimes true",Complete,"2026-04-02 15:13:01","Very Untrue","Somewhat Untrue","Somewhat Untrue","Very Untrue","Somewhat True","Somewhat Untrue","Very Untrue","Very Untrue","Somewhat True","Somewhat True","Somewhat True","Somewhat Untrue","Very Untrue","Somewhat Untrue","Very Untrue","Very Untrue","Very Untrue","Very Untrue","Very Untrue","Somewhat True",Complete,,Jw,Ds,Rr,2026-04-02,A,Small,4251,9340,13100,4379,,,,,7398,2192,4571,6064,,,,,,,,,,,,,,,,,,,,,,,,,,,,,,,,,,,,,Yes,signature_2026-04-02_1630.png,Incomplete,,Absent,,,Absent,,,,,,Absent,,,Absent,,,Absent,,,Absent,,,Absent,,,Absent,,,Absent,,,Incomplete,"2026-04-02 16:33:18",Yes,2026-04-02,"Clarissa vermulst",signature_2026-04-02_1633.png,1978-10-22,,"339 queen street; Philadelphia PA 19147",onerissa@yahoo.com,"JBW ",15580113,No,,,Complete,,,,,,,,,,,,,,Incomplete,,,,,,,,,,,,,Incomplete,,,,,,Incomplete,,,Incomplete
10642,,Yes,1220.222,Small,2026-03-01,1991-08-23,34.52,Christy,Poulton,,Female,,"(267) 582-2961",christyann@cakanooble.com,Female,White,,"Not Hispanic or Latino",,"7947 summerdale ave",philadelphia,"Pennsylvania ",19111,,"Philadelphia ",Incomplete,"Message did not deliver. We are probably blocked -PS 3/24  ","(267) 582-2961",christyann@cakanooble.com,Christy,"Does not need to be recontacted","Schedule Phone Screener",2026-04-06,,2026-03-12,PS,,,,,,,,,,,,,,,,,,,,,,Incomplete,,,,,,,Incomplete,,,,,,,,,,,,,Incomplete,,,,,,,,Incomplete,,,,,,,,,,,,,,,,,,,,,,,,,,,,,,Incomplete,,,,,,,,Incomplete,,,,,,,,,,,,,,,,,Incomplete,,,,,,,,,,,,,,,,,,,,,,Incomplete,,,,,,,,,,,,,,,,,,,,,,,,,,,,,,,,,,,,,,,,,,,,,,,,,,,,,,,,,,Incomplete,,,,,,,,,,,,,,,,,,,,,,,,,,,,,,,,Incomplete,,,,,,,,,,,,,,,Incomplete,,,,,,,,,,,,,,Incomplete,,,,,,,,,,,,,Incomplete,,,,,,Incomplete,,,Incomplete
10644,,Yes,1424.446,Medium,2026-03-03,1953-11-22,72.28,Janet,Rubien,,Female,,"(267) 879-3465",Jbrubien@gmail.com,Female,White,,"Not Hispanic or Latino",,"115 E. Roumfort Road Unit 10",Philadelphia,PA,19119,,"New York City",Incomplete,"Family is in hospital, so no longer wishes to participate","(267) 879-3465",Jbrubien@gmail.com,Janet,"Does not need to be recontacted","Visit Reminder (4 days before)",2026-04-24,,2026-03-18,PS,,,,,,,,2026-04-21,RG,,,,,,,,,,,,,Incomplete,"Send paper",,Yes,No,No,"2026-04-28 12:00",Complete,,,,,,,,,,,,,Incomplete,,,,,,,,Incomplete,,,,,,,,,,,,,,,,,,,,,,,,,,,,,,Incomplete,,,,,,,,Incomplete,,,,,,,,,,,,,,,,,Incomplete,,,,,,,,,,,,,,,,,,,,,,Incomplete,,,,,,,,,,,,,,,,,,,,,,,,,,,,,,,,,,,,,,,,,,,,,,,,,,,,,,,,,,Incomplete,,,,,,,,,,,,,,,,,,,,,,,,,,,,,,,,Incomplete,,,,,,,,,,,,,,,Incomplete,,,,,,,,,,,,,,Incomplete,,,,,,,,,,,,,Incomplete,,,,,,Incomplete,,,Incomplete
10647,,Yes,1528.002,Large,2026-03-04,1998-11-15,27.3,Colleen,Bontrager,,Female,,"(913) 617-3683",cebontrager@gmail.com,Female,White,,"Not Hispanic or Latino",,"251 s 21st Street","Philadelphia ",Pennsylvania,19103,,"Overland Park, Kansas",Incomplete,"followed up initial contact on 3/10/26  if no response by 3/23, set to do not contact (3/17, RG)","(913) 617-3683",cebontrager@gmail.com,Colleen,"Does not need to be recontacted","Schedule Phone Screener",2026-03-26,,2026-03-09,PS,,,,,,,,,,,,,,,,,,,,,,Incomplete,,,,,,,Incomplete,,,,,,,,,,,,,Incomplete,,,,,,,,Incomplete,,,,,,,,,,,,,,,,,,,,,,,,,,,,,,Incomplete,,,,,,,,Incomplete,,,,,,,,,,,,,,,,,Incomplete,,,,,,,,,,,,,,,,,,,,,,Incomplete,,,,,,,,,,,,,,,,,,,,,,,,,,,,,,,,,,,,,,,,,,,,,,,,,,,,,,,,,,Incomplete,,,,,,,,,,,,,,,,,,,,,,,,,,,,,,,,Incomplete,,,,,,,,,,,,,,,Incomplete,,,,,,,,,,,,,,Incomplete,,,,,,,,,,,,,Incomplete,,,,,,Incomplete,,,Incomplete
10649,,Yes,1395.4795,Medium,2026-03-03,1959-07-09,66.65,Maria,Bourassa,,Female,,"(856) 912-4902",Bourassamom@gmail.com,,White,,"Hispanic or Latino",,"105 N Van Pelt St",Philadelphia,PA,19103,,,Incomplete,,"(856) 912-4902",Bourassamom@gmail.com,Maria,"Does not need to be recontacted",Payment,2026-03-23,,2026-03-18,PS,,2026-03-18,PS,,2026-03-19,PS,,2026-03-19,PS,,2026-03-20,PS,,2026-03-20,PS,,2026-03-23,PS,,,,Complete,"Send paper",,Yes,No,No,"2026-03-19 11:47",Complete,"2026-03-23 15:38:28",Yes,Yes,Yes,Yes,Yes,signature_2026-03-23_1537.png,"Maria Bourassa",2026-03-23,signature_2026-03-23_1538.png,"Ryan Gephart",2026-03-23,Complete,"2026-03-23 16:03:22",22:00,06:00,"30 to 60 minutes","More than 7 hours","Once or twice a week","Fairly good",Complete,"2026-03-23 16:10:22",,,,,,,,,,,,,,,,,,,,,,,,,,,,,Complete,"2026-03-23 16:17:07",.05,"5 minutes",24,3,29,15,Complete,"2026-03-23 16:18:42","Often true","Rarely true","Sometimes true","Never, or very rarely true","Often true","Often true","Often true","Sometimes true","Rarely true","Very often, or always true","Often true","Sometimes true","Sometimes true","Sometimes true","Often true",Complete,"2026-03-23 16:20:31","Somewhat Untrue","Somewhat Untrue","Somewhat Untrue","Very Untrue","Somewhat True","Somewhat Untrue","Somewhat True","Very Untrue","Somewhat True","Somewhat True","Very True","Very Untrue","Somewhat Untrue","Somewhat True","Somewhat Untrue","Somewhat Untrue","Somewhat Untrue","Somewhat True","Somewhat True","Very Untrue",Complete,,RG,PMS,,2026-03-23,A,Small,7353,12461,19817,10536,,,,,6067,11328,17175,8086,,,,,3386,9490,13438,4464,,,,,,,,,,,,,,,,,,,,,"No Stimulation Condition or Sham Condition","Stimulation Condition","No Stimulation Condition or Sham Condition","No Stimulation Condition or Sham Condition","Stimulation Condition","Stimulation Condition","No Stimulation Condition or Sham Condition","No Stimulation Condition or Sham Condition",No,,Complete,,Mild,Possible,,Absent,,,Absent,,,Absent,,,Mild,Probable,,Absent,,,Absent,,,Mild,Possible,,Absent,,,Absent,,,Incomplete,"2026-03-23 17:34:11",Yes,2026-03-23,"Maria Bourassa ",signature_2026-03-23_1733.png,1959-07-09,,"105 N Van Pelt St., Philadelphia, PA 19103",Bourassamom@gmail.com,"Ryan Gephart",95581235,Yes,15,"Parking lot",Complete,,,,,,,,,,,,,,Incomplete,,,,,,,,,,,,,Incomplete,,,,,,Incomplete,,,Incomplete
10652,,Yes,1176.418,Small,2026-03-03,1953-05-11,72.81,Leslie,Bell,,Female,,"(267) 939-4190",M77llw@gmail.com,Female,Asian,,"Not Hispanic or Latino",,"765 n Tyson Ave",Glenside,PA,19038,,Philadelphia,Incomplete,"Needed to reschedule visit for 4/14","(267) 939-4190",M77llw@gmail.com,Leslie,"Does not need to be recontacted","Schedule Visit",2026-06-05,,2026-03-18,PS,,,,,2026-03-26,DS,,2026-03-26,DS,,2026-04-13,PS,,2026-04-13,PS,,,,,,,Complete,,,Yes,No,No,"2026-04-14 11:00",Incomplete,,,,,,,,,,,,,Incomplete,,,,,,,,Incomplete,,,,,,,,,,,,,,,,,,,,,,,,,,,,,,Incomplete,,,,,,,,Incomplete,,,,,,,,,,,,,,,,,Incomplete,,,,,,,,,,,,,,,,,,,,,,Incomplete,,,,,,,,,,,,,,,,,,,,,,,,,,,,,,,,,,,,,,,,,,,,,,,,,,,,,,,,,,Incomplete,,,,,,,,,,,,,,,,,,,,,,,,,,,,,,,,Incomplete,,,,,,,,,,,,,,,Incomplete,,,,,,,,,,,,,,Incomplete,,,,,,,,,,,,,Incomplete,,,,,,Incomplete,,,Incomplete
10656,,Yes,1532.029,Large,2026-02-17,2001-11-09,24.27,Robert,"Rasberry III",,Male,,"(215) 847-8128",Lunaticlugia@gmail.com,Male,"Black or African American",,"Not Hispanic or Latino",,"4110 Old York Rd.",Philadelphia,Pennsylvania,19140,,N/A,Complete,"Needs to be called again. Couldn't finish the phone screener. They wanted some time to think about the payment and asked to send them dates.","(215) 847-8128",Lunaticlugia@gmail.com,Robert,"Does not need to be recontacted",Payment,2026-02-24,,2026-02-17,FS,,2026-02-19,RG,,2026-02-19,RG,,2026-02-19,RG,,2026-02-20,PS,,,,,2026-02-24,RG,,2026-02-27,JW,Complete,"Send paper","curly hair, bushy, need to dig a little to dig into scalp, about a third of a thumb in height",Yes,No,No,"2026-02-24 15:00",Complete,"2026-02-24 15:11:28",Yes,Yes,Yes,Yes,Yes,signature_2026-02-24_1510.png,"Robert Joshua Rasberry III",2026-02-24,signature_2026-02-24_1511.png,"Ryan Gephart",2026-02-24,Complete,"2026-02-24 15:12:58",21:00,06:00,"Less than 15","Between 6 and 7 hours","Once or twice a week","Fairly good",Complete,"2026-02-24 15:26:02",,"Very much","Very much",,,,,,,,"Very much","Very much",,,"Very much","Very much","Very much",,"Very much","Very much","Very much",,,"Very much","Very much",,,,Complete,"2026-02-24 15:31:18",$0.05,"5 minutes","47 days","3 elves","30 students","15 medals",Complete,"2026-02-24 15:34:11","Often true","Sometimes true","Rarely true","Sometimes true","Very often, or always true","Rarely true","Rarely true","Rarely true","Sometimes true","Sometimes true","Rarely true","Often true","Rarely true","Never, or very rarely true","Sometimes true",Complete,,,,,,,,,,,,,,,,,,,,,,Incomplete,,,,,2026-02-24,A,Large,283,9984,10105,1271,,,,,261,9421,9641,869,,,,,,,,,,,,,,,,,,,,,,,,,,,,,"No Stimulation Condition or Sham Condition","Stimulation Condition","Stimulation Condition","No Stimulation Condition or Sham Condition","No Stimulation Condition or Sham Condition","Stimulation Condition","Stimulation Condition","No Stimulation Condition or Sham Condition",,,Unverified,,Absent,,,Absent,,,Mild,Definite,,Absent,,,Mild,Definite,,Absent,,,Moderate,Definite,,Moderate,Possible,,Absent,,,Absent,,,Incomplete,"2026-02-24 17:16:02",Yes,2026-02-24,"Robert Joshua Rasberry III",signature_2026-02-24_1713.png,2001-11-09,,"6115 West Columbia Avenue Philadelphia PA 19151",Lunaticlugia@gmail.com,"Ryan Gephart",65571004,No,,,Complete,,,,,,,,,,,,,,Incomplete,,,,,,,,,,,,,Incomplete,,,,,,Incomplete,,,Incomplete
10657,,Yes,1580.84,"Extra Large",2026-02-23,1964-04-30,61.82,Brian,Wayman,,Male,,"(856) 313-2555",brianwayman@comcast.net,Male,White,,"Not Hispanic or Latino",,"903 Geneva Ave.",Delran,NJ,08075,,"Camden, NJ",Incomplete,,"(856) 313-2555",brianwayman@comcast.net,Brian,"Does not need to be recontacted","Schedule Visit",2026-03-11,,2026-02-26,PS,,,,,2026-03-05,DS,,,,,,,,,,,,,,,,Complete,,,Yes,No,No,,Complete,,,,,,,,,,,,,Incomplete,,,,,,,,Incomplete,,,,,,,,,,,,,,,,,,,,,,,,,,,,,,Incomplete,,,,,,,,Incomplete,,,,,,,,,,,,,,,,,Incomplete,,,,,,,,,,,,,,,,,,,,,,Incomplete,,,,,,,,,,,,,,,,,,,,,,,,,,,,,,,,,,,,,,,,,,,,,,,,,,,,,,,,,,Incomplete,,,,,,,,,,,,,,,,,,,,,,,,,,,,,,,,Incomplete,,,,,,,,,,,,,,,Incomplete,,,,,,,,,,,,,,Incomplete,,,,,,,,,,,,,Incomplete,,,,,,Incomplete,,,Incomplete
10661,,Yes,1616.199,"Extra Large",2026-02-23,1972-11-22,53.26,Michael,Flynn,,Male,,"(267) 559-0090",Mjf2211@yahoo.com,Male,White,,"Not Hispanic or Latino",,"907 Bent Lane","Erdenheim ",PA,19038,,"Philadelphia ",Incomplete,"followed up schedule visit on 3/10/26","(267) 559-0090",Mjf2211@yahoo.com,Michael,"Does not need to be recontacted",Payment,2026-04-06,,2026-03-02,AD,,2026-03-05,RG,,2026-03-05,JS,,2026-03-12,RG,,2026-03-30,PS,,2026-04-02,AW,,2026-04-06,PS,,,,Incomplete,,,Yes,No,No,"2026-04-03 13:00",Complete,"2026-04-03 12:55:41",Yes,Yes,Yes,Yes,Yes,signature_2026-04-03_1253.png,"Michael Flynn",2026-04-03,signature_2026-04-03_1254.png,JBW,2026-04-03,Complete,"2026-04-03 12:57:57",22:30,05:30,"Less than 15","Between 6 and 7 hours","Less than once a week","Fairly good",Complete,"2026-04-03 13:13:53",,,,,"Not much at all",,"Not much at all",,"Not much at all",,,,,,,,,,,,"Not much at all",,"Not much at all",,,,,,Complete,"2026-04-03 13:19:40",.05,"100 minutes","47 days",3,30,15,Complete,"2026-04-03 13:22:05","Very often, or always true","Often true","Rarely true","Never, or very rarely true","Very often, or always true","Sometimes true","Rarely true","Rarely true","Rarely true","Often true","Often true","Often true","Rarely true","Rarely true","Often true",Complete,"2026-04-03 13:24:58","Somewhat Untrue","Somewhat True","Somewhat Untrue","Somewhat True","Somewhat Untrue","Very Untrue","Somewhat Untrue","Very Untrue","Somewhat True","Neither Untrue nor True","Very Untrue","Somewhat True","Very Untrue","Somewhat Untrue","Very Untrue","Somewhat Untrue","Very Untrue","Somewhat True","Somewhat Untrue","Somewhat Untrue",Complete,,Jbw,DS,,2026-04-03,B,"Extra Large",4275,7466,15787,6777,,,,,467,6548,12771,4048,,,,,1717,6278,10193,1854,,,,,,,,,,,,,,,,,,,,,"No Stimulation Condition or Sham Condition","No Stimulation Condition or Sham Condition","No Stimulation Condition or Sham Condition","No Stimulation Condition or Sham Condition","No Stimulation Condition or Sham Condition","Stimulation Condition","Stimulation Condition","No Stimulation Condition or Sham Condition",Yes,signature_2026-04-03_1433.png,Complete,,Absent,,,Absent,,,Absent,,,Absent,,,Absent,,,Absent,,,Absent,,,Absent,,,Absent,,,Absent,,,Incomplete,"2026-04-03 14:37:59",Yes,2026-04-03,"Michael Flynn",signature_2026-04-03_1435.png,1972-11-22,,"907 Bent Lane, Erdenheim, PA 19038",Mjf2211@yahoo.com,JBW,95570103,Yes,15,"Regional Rail and parking  6.50  6.50  2.00",Complete,,,,,,,,,,,,,,Incomplete,,,,,,,,,,,,,Incomplete,,,,,,Incomplete,,,Incomplete
10663,,Yes,1348.466,Small,2026-03-01,2001-03-23,24.94,Angela,Lencsak,,Female,,"(201) 779-3424",Angela.lencsak.01@gmail.com,Female,White,,"Not Hispanic or Latino",,"6351 overbrook avenue",Philadelphia,Pa,19151,,"Teaneck ",Incomplete,"initial contact was undelivered (3/5)  ^not sure what to do about this  Messages sent are undelivered, put on do not contact","(201) 779-3424",Angela.lencsak.01@gmail.com,Angela,"Does not need to be recontacted","Schedule Phone Screener",2026-03-10,,2026-03-05,JS,,,,,,,,,,,,,,,,,,,,,,Incomplete,,,,,,,Incomplete,,,,,,,,,,,,,Incomplete,,,,,,,,Incomplete,,,,,,,,,,,,,,,,,,,,,,,,,,,,,,Incomplete,,,,,,,,Incomplete,,,,,,,,,,,,,,,,,Incomplete,,,,,,,,,,,,,,,,,,,,,,Incomplete,,,,,,,,,,,,,,,,,,,,,,,,,,,,,,,,,,,,,,,,,,,,,,,,,,,,,,,,,,Incomplete,,,,,,,,,,,,,,,,,,,,,,,,,,,,,,,,Incomplete,,,,,,,,,,,,,,,Incomplete,,,,,,,,,,,,,,Incomplete,,,,,,,,,,,,,Incomplete,,,,,,Incomplete,,,Incomplete
10673,,,,,2026-03-17,,,,,,,,,,,,,,,,,,,,,Incomplete,,,,,,,,,,,,,,,,,,,,,,,,,,,,,,,,Incomplete,,,,,,,Incomplete,,,,,,,,,,,,,Incomplete,,,,,,,,Incomplete,,,,,,,,,,,,,,,,,,,,,,,,,,,,,,Incomplete,,,,,,,,Incomplete,,,,,,,,,,,,,,,,,Incomplete,,,,,,,,,,,,,,,,,,,,,,Incomplete,,,,,,,,,,,,,,,,,,,,,,,,,,,,,,,,,,,,,,,,,,,,,,,,,,,,,,,,,,Incomplete,,,,,,,,,,,,,,,,,,,,,,,,,,,,,,,,Incomplete,,,,,,,,,,,,,,,Incomplete,,,,,,,,,,,,,,Incomplete,,,,,,,,,,,,,Incomplete,,,,,,Incomplete,,,Incomplete
10674,,Yes,1679.253,"Extra Large",2026-02-23,1990-02-20,36.01,Ariko,Kaziboni,,Male,,"(402) 452-4340",ariko.kaziboni@rosemont.edu,,"Black or African American",,"Not Hispanic or Latino",,,,,,,,Incomplete,,"(402) 452-4340",ariko.kaziboni@rosemont.edu,Ariko,"Does not need to be recontacted","Schedule Phone Screener",2026-03-05,,2026-02-27,PS,,,,,,,,,,,,,,,,,,,,,,Incomplete,,,,,,,Incomplete,,,,,,,,,,,,,Incomplete,,,,,,,,Incomplete,,,,,,,,,,,,,,,,,,,,,,,,,,,,,,Incomplete,,,,,,,,Incomplete,,,,,,,,,,,,,,,,,Incomplete,,,,,,,,,,,,,,,,,,,,,,Incomplete,,,,,,,,,,,,,,,,,,,,,,,,,,,,,,,,,,,,,,,,,,,,,,,,,,,,,,,,,,Incomplete,,,,,,,,,,,,,,,,,,,,,,,,,,,,,,,,Incomplete,,,,,,,,,,,,,,,Incomplete,,,,,,,,,,,,,,Incomplete,,,,,,,,,,,,,Incomplete,,,,,,Incomplete,,,Incomplete
10685,,Yes,1427.748,,2026-05-22,1989-01-30,37.31,Jabir,"Mohamedali ",,Male,,"(484) 365-3267",jabirm1989@gmail.com,Male,"Black or African American",,"Ethnicity not described (Other)",,"313 North Wiota Street",Philadelphia,Pennsylvania,19104,,Tanga,Incomplete,,"(484) 365-3267",jabirm1989@gmail.com,Jabir,"Does not need to be recontacted",Payment,2026-06-07,,2026-05-26,JS,,2026-05-28,RG,,2026-05-28,RG,,2026-05-28,RG,,2026-06-04,JS,,,,,2026-06-08,RG,,2026-06-08,RG,Complete,,,Yes,No,No,"2026-06-08 09:00",Complete,"2026-06-08 09:11:55",Yes,Yes,Yes,Yes,Yes,signature_2026-06-08_0911.png,"Jabir Mohamedali",2026-06-08,signature_2026-06-08_0911.png,"Katie Rodman",2026-06-08,Complete,"2026-06-08 09:32:03",23:00,07:30,"Less than 15","More than 7 hours","Less than once a week","Fairly good",Complete,"2026-06-08 09:40:48",,,,,,"Not much at all",,,,,,,,,,,"Very much",,,,,"Very much",,,"Very much",,"Very much",,Complete,"2026-06-08 09:44:13",.05,"5 minutes","47 days",3,29,15,Complete,"2026-06-08 09:46:43","Often true","Often true","Rarely true","Rarely true","Very often, or always true","Often true","Rarely true","Sometimes true","Rarely true","Very often, or always true","Often true","Often true","Rarely true","Never, or very rarely true","Very often, or always true",Complete,"2026-06-08 09:50:15","Somewhat Untrue","Somewhat True","Somewhat Untrue","Neither Untrue nor True","Somewhat True","Somewhat True","Somewhat Untrue","Somewhat Untrue","Somewhat True","Neither Untrue nor True","Somewhat Untrue","Very Untrue","Very Untrue","Somewhat True","Somewhat Untrue","Very Untrue","Somewhat True","Very True","Somewhat True","Very True",Complete,"Used protocol A    F4: 11713, 8404  P4: 3890, 1575  P3: 9225, 6188",JMS,RSG,KMR,2026-06-08,,,11867,11270,15411,6547,,,,,8455,9138,8778,1458,,,,,,,,,,,,,,,,,,,,,,,,,,,,,"No Stimulation Condition or Sham Condition","Stimulation Condition","No Stimulation Condition or Sham Condition","No Stimulation Condition or Sham Condition","Stimulation Condition","Stimulation Condition","No Stimulation Condition or Sham Condition","Stimulation Condition",No,,Incomplete,,Absent,,,Absent,,,Absent,,,Absent,,,Mild,Possible,"tingling during some parts, but wasn't sure if I just felt a bit itchy from my hair in the cap",Absent,,,Absent,,,Absent,,,Absent,,,Absent,,,Incomplete,"2026-06-08 11:12:36",Yes,2026-06-08,"Jabir Mohamedali",signature_2026-06-08_1111.png,1989-01-30,,"313 N Wiota Street, Philadelphia PA 19104",jabirm1989@gmail.com,"Ryan Gephart",25580379,Yes,27,"Parking $22 for day and gas $5",Complete,,,,,,,,,,,,,,Incomplete,,,,,,,,,,,,,Incomplete,,,,,,Incomplete,2,2,Incomplete
10690,,Yes,"1294.834	",Small,2026-01-20,1967-07-12,58.53,"Jennifer ","Solomon ",,Female,,"(856) 986-3121",Uvjensolo@gmail.com,Female,"Two or more races, or race not described (other)",,"Not Hispanic or Latino",,"302 Wexford Dr ","Cherry Hill ",NJ,08003,,"Philadelphia ",Complete,,"(856) 986-3121",Uvjensolo@gmail.com,"Jennifer ","Does not need to be recontacted","Schedule Phone Screener",2026-01-23,,2026-01-21,DS,,,,,,,,,,,,,,,,,,,,,,Incomplete,,,,,,,Incomplete,,,,,,,,,,,,,Incomplete,,,,,,,,Incomplete,,,,,,,,,,,,,,,,,,,,,,,,,,,,,,Incomplete,,,,,,,,Incomplete,,,,,,,,,,,,,,,,,Incomplete,,,,,,,,,,,,,,,,,,,,,,Incomplete,,,,,,,,,,,,,,,,,,,,,,,,,,,,,,,,,,,,,,,,,,,,,,,,,,,,,,,,,,Incomplete,,,,,,,,,,,,,,,,,,,,,,,,,,,,,,,,Incomplete,,,,,,,,,,,,,,,Incomplete,,,,,,,,,,,,,,Incomplete,,,,,,,,,,,,,Incomplete,,,,,,Incomplete,,,Incomplete
10691,,Yes,1330.21,,2026-01-20,1965-02-06,60.95,"Melissa ","Gulli ",Melissa,Female,,"(267) 608-8097",Melissa_gulli@msn.com,Female,White,,"Not Hispanic or Latino",,"1111 e Eyre st","Philadelphia ",Pa,19125,,"Brooklyn ",Complete,"has been diagnosed with depression. Inelligible","(267) 608-8097",Melissa_gulli@msn.com,"Melissa ","Does not need to be recontacted","Schedule Phone Screener",2026-01-23,,2026-01-21,DS,,2026-01-26,AD,,2026-01-26,AD,,,,,,,,,,,,,,,,Incomplete,,"halfway to shoulders  1b",,Yes,No,,Incomplete,,,,,,,,,,,,,Incomplete,,,,,,,,Incomplete,,,,,,,,,,,,,,,,,,,,,,,,,,,,,,Incomplete,,,,,,,,Incomplete,,,,,,,,,,,,,,,,,Incomplete,,,,,,,,,,,,,,,,,,,,,,Incomplete,,,,,,,,,,,,,,,,,,,,,,,,,,,,,,,,,,,,,,,,,,,,,,,,,,,,,,,,,,Incomplete,,,,,,,,,,,,,,,,,,,,,,,,,,,,,,,,Incomplete,,,,,,,,,,,,,,,Incomplete,,,,,,,,,,,,,,Incomplete,,,,,,,,,,,,,Incomplete,,,,,,Incomplete,,,Incomplete
10700,,Yes,1307.617,Small,2026-03-03,1999-10-15,26.38,Sewina,Yu,,Female,,"(857) 318-9198",sewinayu@udel.edu,Female,Asian,,"Not Hispanic or Latino",,"3607 Stone Gate Blvd",Elkton,MD,21921,,Boston,Incomplete,"No longer in Philly (3/19, DS)","(857) 318-9198",sewinayu@udel.edu,Sewina,"Does not need to be recontacted","Schedule Phone Screener",2026-03-20,,2026-03-19,AW,,,,,,,,,,,,,,,,,,,,,,Incomplete,,,,,,,Incomplete,,,,,,,,,,,,,Incomplete,,,,,,,,Incomplete,,,,,,,,,,,,,,,,,,,,,,,,,,,,,,Incomplete,,,,,,,,Incomplete,,,,,,,,,,,,,,,,,Incomplete,,,,,,,,,,,,,,,,,,,,,,Incomplete,,,,,,,,,,,,,,,,,,,,,,,,,,,,,,,,,,,,,,,,,,,,,,,,,,,,,,,,,,Incomplete,,,,,,,,,,,,,,,,,,,,,,,,,,,,,,,,Incomplete,,,,,,,,,,,,,,,Incomplete,,,,,,,,,,,,,,Incomplete,,,,,,,,,,,,,Incomplete,,,,,,Incomplete,,,Incomplete
10701,,Yes,1741.267,,2026-02-23,1996-05-10,29.79,"Michael ",McInerney,,Male,,"(412) 915-1755",michaelmcinerney1887@gmail.com,Male,White,,"Not Hispanic or Latino",,"2615 Federal Street","Philadelphia ",PA,19146,,"Doylestown ",Incomplete,,"(412) 915-1755",michaelmcinerney1887@gmail.com,"Michael ","Does not need to be recontacted","Schedule Phone Screener",2026-03-06,,2026-02-26,PS,,,,,,,,,,,,,,,,,,,,,,Incomplete,,,,,,,Incomplete,,,,,,,,,,,,,Incomplete,,,,,,,,Incomplete,,,,,,,,,,,,,,,,,,,,,,,,,,,,,,Incomplete,,,,,,,,Incomplete,,,,,,,,,,,,,,,,,Incomplete,,,,,,,,,,,,,,,,,,,,,,Incomplete,,,,,,,,,,,,,,,,,,,,,,,,,,,,,,,,,,,,,,,,,,,,,,,,,,,,,,,,,,Incomplete,,,,,,,,,,,,,,,,,,,,,,,,,,,,,,,,Incomplete,,,,,,,,,,,,,,,Incomplete,,,,,,,,,,,,,,Incomplete,,,,,,,,,,,,,Incomplete,,,,,,Incomplete,,,Incomplete
10713,,Yes,1283.4026,Small,2026-03-04,1952-01-06,74.16,alice,dugas,,Female,,"(267) 567-3454",alice.m.dugas@gmail.com,Female,White,,"Not Hispanic or Latino",,"220 hillside ave.",jenkintown,pa.,19046,,phila.,Incomplete,"Coming to TU will be inconvenient for her ","(267) 567-3454",alice.m.dugas@gmail.com,alice,"Does not need to be recontacted","Phone Screener",2026-03-11,,2026-03-09,AD,,2026-03-10,PS,,2026-03-11,PS,,,,,,,,,,,,,,,,Incomplete,,,,,,,Incomplete,,,,,,,,,,,,,Incomplete,,,,,,,,Incomplete,,,,,,,,,,,,,,,,,,,,,,,,,,,,,,Incomplete,,,,,,,,Incomplete,,,,,,,,,,,,,,,,,Incomplete,,,,,,,,,,,,,,,,,,,,,,Incomplete,,,,,,,,,,,,,,,,,,,,,,,,,,,,,,,,,,,,,,,,,,,,,,,,,,,,,,,,,,Incomplete,,,,,,,,,,,,,,,,,,,,,,,,,,,,,,,,Incomplete,,,,,,,,,,,,,,,Incomplete,,,,,,,,,,,,,,Incomplete,,,,,,,,,,,,,Incomplete,,,,,,Incomplete,,,Incomplete
10716,,Yes,1512.644,Large,2026-02-23,1954-05-09,71.8,Dennis,McCrossen,,Male,,"(267) 294-8932",dennismccrossen@gmail.com,Male,White,,"Not Hispanic or Latino",,"15046 Poquessing Creek, Lane",Philadelphia,Pennsylvania,19116,,Philadelphia,Incomplete,"he wanted to be sent the safety review paper  I sent him some dates  New dates sent 3/17","(267) 294-8932",dennismccrossen@gmail.com,Dennis,"Does not need to be recontacted","Check for Visit Completion",2026-04-09,,2026-02-26,PS,,2026-03-02,AD,,2026-03-05,AD,,2026-03-25,DS,,2026-04-06,PS,,,,,,,,2026-04-09,,Complete,"Send paper",,Yes,No,No,,Incomplete,"2026-04-09 09:59:51",Yes,Yes,Yes,Yes,Yes,signature_2026-04-09_0958.png,"Dennis P McCrossen",2026-04-09,signature_2026-04-09_0959.png,"Ryan Gephart",2026-04-09,Complete,"2026-04-09 10:17:31",11:30,07:30,"Less than 15","Between 6 and 7 hours","Not during the past month","Fairly good",Complete,"2026-04-09 10:22:32","Not much at all",,"Not much at all",,,,,,,,,,,,,,,,,,,,,,,,,"Very much",Complete,"2026-04-09 10:25:16",10,10,24,3,30,20,Complete,"2026-04-09 10:26:36","Often true","Often true","Sometimes true","Never, or very rarely true","Very often, or always true","Sometimes true","Rarely true","Sometimes true","Never, or very rarely true","Sometimes true","Sometimes true","Often true","Sometimes true","Rarely true","Often true",Complete,"2026-04-09 10:28:32","Somewhat True","Very Untrue","Neither Untrue nor True","Very Untrue","Neither Untrue nor True","Neither Untrue nor True","Somewhat Untrue","Very Untrue","Very Untrue","Neither Untrue nor True","Very Untrue","Somewhat Untrue","Very Untrue","Very Untrue","Very Untrue","Very Untrue","Neither Untrue nor True","Somewhat Untrue","Somewhat Untrue","Somewhat Untrue",Complete,,JBW,RSG,PJP,2026-04-09,B,Large,4557,9624,11225,2315,,,,,2132,7889,6973,2860,,,,,,,,,,,,,,,,,,,,,,,,,,,,,,,,,,,,,No,,Incomplete,,Absent,,,Absent,,,Absent,,,Absent,,,Absent,,,Absent,,,Absent,,,Absent,,,Absent,,,Absent,,,Incomplete,"[not completed]",,2026-04-09,"Dennis P McCrossen",signature_2026-04-09_1142.png,1954-05-09,,"15046 Poquessing Creek Lane, Phila Pa 19116",dennismccrossen@gmail.com,"Ryan Gephart",66584097,Yes,18,"Parking at Cecil B Moore, 3 hrs",Incomplete,,,,,,,,,,,,,,Incomplete,,,,,,,,,,,,,Incomplete,,,,,,Incomplete,,,Incomplete
10718,,Yes,1261.295,Small,2026-02-23,1995-03-11,30.96,Cooper,Kidd,,Non-Binary,,"(301) 283-1556",cooper.lee.kidd@gmail.com,Female,Asian,,"Not Hispanic or Latino",,"249 Queen Street Apt 1",Philadelphia,PA,19147,,"Seoul, South Korea",Incomplete,"no contacts for about 2 months, set to do not recontact","(301) 283-1556",cooper.lee.kidd@gmail.com,Cooper,"Does not need to be recontacted","Schedule Visit",2026-06-09,,2026-03-02,AD,,2026-03-09,AD,,2026-03-09,AD,,,,,,,,,,,,,,,,Incomplete,,,Yes,No,No,"2026-04-10 17:00",Complete,,,,,,,,,,,,,Incomplete,,,,,,,,Incomplete,,,,,,,,,,,,,,,,,,,,,,,,,,,,,,Incomplete,,,,,,,,Incomplete,,,,,,,,,,,,,,,,,Incomplete,,,,,,,,,,,,,,,,,,,,,,Incomplete,,,,,,,,,,,,,,,,,,,,,,,,,,,,,,,,,,,,,,,,,,,,,,,,,,,,,,,,,,Incomplete,,,,,,,,,,,,,,,,,,,,,,,,,,,,,,,,Incomplete,,,,,,,,,,,,,,,Incomplete,,,,,,,,,,,,,,Incomplete,,,,,,,,,,,,,Incomplete,,,,,,Incomplete,,,Incomplete
10720,,Yes,1167.384,Small,2026-02-23,1990-02-23,36,Jesal,Shah,,Female,,"(501) 626-9811",gotangem@yahoo.com,Female,Asian,,"Not Hispanic or Latino",,"101 Washington Street",Conshohocken,PA,19428,,Ahmedabad,Incomplete,"confused Temple Uni with Temple, TX so can't participate bc lives in Texas. (DS, 4/9)","(501) 626-9811",gotangem@yahoo.com,Jesal,"Does not need to be recontacted","Phone Screener",2026-04-09,,2026-03-12,PS,,2026-04-09,SG,,,,,,,,,,,,,,,,,,,Incomplete,,,,,,,Incomplete,,,,,,,,,,,,,Incomplete,,,,,,,,Incomplete,,,,,,,,,,,,,,,,,,,,,,,,,,,,,,Incomplete,,,,,,,,Incomplete,,,,,,,,,,,,,,,,,Incomplete,,,,,,,,,,,,,,,,,,,,,,Incomplete,,,,,,,,,,,,,,,,,,,,,,,,,,,,,,,,,,,,,,,,,,,,,,,,,,,,,,,,,,Incomplete,,,,,,,,,,,,,,,,,,,,,,,,,,,,,,,,Incomplete,,,,,,,,,,,,,,,Incomplete,,,,,,,,,,,,,,Incomplete,,,,,,,,,,,,,Incomplete,,,,,,Incomplete,,,Incomplete
10723,,Yes,1622.681,,2026-02-17,2001-10-08,24.36,Alexander,Phipps,,Male,,"(215) 459-3876",alex.phipps2001@gmail.com,Male,"Two or more races, or race not described (other)","check RF1 database","Not Hispanic or Latino",,"99 Country Walk",Devon,Pennsylvania,19333,,Philadelphia,Complete,,"(215) 459-3876",alex.phipps2001@gmail.com,Alexander,"Does not need to be recontacted","Schedule Phone Screener",2026-02-23,,2026-02-17,FS,,,,,,,,,,,,,,,,,,,,,,Incomplete,,,,,,,Incomplete,,,,,,,,,,,,,Incomplete,,,,,,,,Incomplete,,,,,,,,,,,,,,,,,,,,,,,,,,,,,,Incomplete,,,,,,,,Incomplete,,,,,,,,,,,,,,,,,Incomplete,,,,,,,,,,,,,,,,,,,,,,Incomplete,,,,,,,,,,,,,,,,,,,,,,,,,,,,,,,,,,,,,,,,,,,,,,,,,,,,,,,,,,Incomplete,,,,,,,,,,,,,,,,,,,,,,,,,,,,,,,,Incomplete,,,,,,,,,,,,,,,Incomplete,,,,,,,,,,,,,,Incomplete,,,,,,,,,,,,,Incomplete,,,,,,Incomplete,,,Incomplete
10741,,Yes,1430.265,Medium,2026-06-18,1986-07-23,39.9,Suwathna,Reel,,Female,,"(267) 787-3015",suwathna.reel@yahoo.com,Female,Asian,,"Not Hispanic or Latino",,"2022 Spring Garden Street, 2F",Philadelphia,PA,19130,,Bangkok,Incomplete,,"(267) 787-3015",suwathna.reel@yahoo.com,Suwathna,"Does not need to be recontacted",Payment,2026-07-15,,2026-06-23,RDR,,2026-06-23,RDR,,2026-06-24,DS,,2026-06-30,JS,,2026-07-10,RG,,2026-07-13,JS,,2026-07-14,RG,,2026-07-14,RG,Complete,,,Yes,No,No,"2026-07-14 12:00",Complete,"2026-07-14 16:05:34",Yes,Yes,Yes,Yes,Yes,signature_2026-07-14_1605.png,"Suwathna Reel",2026-07-14,signature_2026-07-14_1605.png,"Rebecca Reyes",2026-07-14,Complete,"2026-07-14 16:22:16",23:30,07:30,"Less than 15","More than 7 hours","Less than once a week","Fairly good",Complete,"2026-07-14 16:25:53",,,,,"Very much","Very much",,"Very much","Very much",,"Very much","Very much","Very much","Very much","Very much","Very much","Very much",,,"Very much",,"Very much","Very much",,,,,,Complete,"2026-07-14 16:28:19",$0.10,"20 minutes","24 days","6 elves","30 studens","20 short athletes",Complete,"2026-07-14 16:29:09","Often true","Sometimes true","Sometimes true","Rarely true","Sometimes true","Very often, or always true","Rarely true","Very often, or always true","Never, or very rarely true","Rarely true","Very often, or always true","Often true","Sometimes true","Often true","Rarely true",Complete,"2026-07-14 16:30:15","Neither Untrue nor True","Somewhat True","Somewhat True","Very True","Neither Untrue nor True","Very True","Neither Untrue nor True","Neither Untrue nor True","Very True","Very True","Somewhat True","Somewhat True","Somewhat Untrue","Neither Untrue nor True","Somewhat True","Very True","Somewhat Untrue","Somewhat True","Neither Untrue nor True","Somewhat True",Complete,,RDR,KMR,,2026-07-14,B,Medium,2262,6061,6145,105,6076,824,5038,5981,2256,5614,5565,104,5476,646,5151,5827,,,,,,,,,,,,,,,,,,,,,,,,,"No Stimulation Condition or Sham Condition","Stimulation Condition","Stimulation Condition","Stimulation Condition","No Stimulation Condition or Sham Condition","No Stimulation Condition or Sham Condition","Stimulation Condition","No Stimulation Condition or Sham Condition",No,,Complete,"2026-07-14 17:42:39",Absent,,,Absent,,,Absent,,,Absent,,,Absent,,,Absent,,,Absent,,,Absent,,,Absent,,,Absent,,,Complete,,,,,,,23-JUL-1986,,,,,,,,Incomplete,"2026-07-14 17:44:51",Yes,2026-07-14,"Suwathna Reel",signature_2026-07-14_1744.png,1986-07-23,"1446 N Marston St Philadelphia PA 19121",suwathna.reel@yahoo.com,"Rebecca Reyes",15587878,No,,,Complete,,,,,,,,,,,,,Incomplete,,,,,,Incomplete,,,Incomplete
10767,,Yes,1463.376,Large,2026-02-23,1998-01-26,28.08,Meryem,Guler,,Female,,"(408) 506-5953",mcg116@students.Jefferson.edu,Female,White,,"Not Hispanic or Latino",,"S 12th St",Philadelphia,Pennsylvania,19107,,Houston,Incomplete,"Jimmy called them on 3/16/2026 but the phone screener instrument didn't save. Unsure if they are interested in participating. Waiting on clarification from Jimmy - AD 3/30/2026","(408) 506-5953",mcg116@students.Jefferson.edu,Meryem,"Does not need to be recontacted","Schedule Visit",2026-04-23,,2026-03-12,PS,,2026-03-16,AD,,2026-03-16,JW,,,,,,,,,,,,,,,,Complete,,,,,,,Incomplete,,,,,,,,,,,,,Incomplete,,,,,,,,Incomplete,,,,,,,,,,,,,,,,,,,,,,,,,,,,,,Incomplete,,,,,,,,Incomplete,,,,,,,,,,,,,,,,,Incomplete,,,,,,,,,,,,,,,,,,,,,,Incomplete,,,,,,,,,,,,,,,,,,,,,,,,,,,,,,,,,,,,,,,,,,,,,,,,,,,,,,,,,,Incomplete,,,,,,,,,,,,,,,,,,,,,,,,,,,,,,,,Incomplete,,,,,,,,,,,,,,,Incomplete,,,,,,,,,,,,,,Incomplete,,,,,,,,,,,,,Incomplete,,,,,,Incomplete,,,Incomplete
10770,,Yes,1632.208,,2026-06-18,,,,,,,,,,,,,,,,,,,,,Incomplete,,,,,,,,,,,,,,,,,,,,,,,,,,,,,,,,Incomplete,,,,,,,Incomplete,,,,,,,,,,,,,Incomplete,,,,,,,,Incomplete,,,,,,,,,,,,,,,,,,,,,,,,,,,,,,Incomplete,,,,,,,,Incomplete,,,,,,,,,,,,,,,,,Incomplete,,,,,,,,,,,,,,,,,,,,,,Incomplete,,,,,,,,,,,,,,,,,,,,,,,,,,,,,,,,,,,,,,,,,,,,,,,,,,,,,,,,,,Incomplete,,,,,,,,,,,,,,,,,,,,,,,,,,,,,,,,Incomplete,,,,,,,,,,,,,,,Incomplete,,,,,,,,,,,,,,Incomplete,,,,,,,,,,,,,Incomplete,,,,,,Incomplete,,,Incomplete
10785,,Yes,1358.8,Small,2026-03-03,1962-07-14,63.64,Tamela,Knapp,,Female,,"(215) 327-6017",Tamela360@gmail.com,Female,White,,"Not Hispanic or Latino",,"87 S Sproul Rd",Broomall,PA,19008,,Greenville,Incomplete,"No longer lives in the area (3/19, DS)","(215) 327-6017",Tamela360@gmail.com,Tamela,"Does not need to be recontacted","Schedule Phone Screener",2026-03-26,,,,,,,,,,,,,,,,,,,,,,,,,Incomplete,,,,,,,Incomplete,,,,,,,,,,,,,Incomplete,,,,,,,,Incomplete,,,,,,,,,,,,,,,,,,,,,,,,,,,,,,Incomplete,,,,,,,,Incomplete,,,,,,,,,,,,,,,,,Incomplete,,,,,,,,,,,,,,,,,,,,,,Incomplete,,,,,,,,,,,,,,,,,,,,,,,,,,,,,,,,,,,,,,,,,,,,,,,,,,,,,,,,,,Incomplete,,,,,,,,,,,,,,,,,,,,,,,,,,,,,,,,Incomplete,,,,,,,,,,,,,,,Incomplete,,,,,,,,,,,,,,Incomplete,,,,,,,,,,,,,Incomplete,,,,,,Incomplete,,,Incomplete
10800,,Yes,1327.047,Small,2026-02-23,1996-10-07,29.38,Elena,"Valdivia ",,Female,,"(315) 880-2203",valdiviaelename@gmail.com,Female,"Two or more races, or race not described (other)",,"Hispanic or Latino",,"valley road","Warrington ",PA,18976,,ilion,Incomplete,"If no response by 4/14, put on do not contact (RG)","(315) 880-2203",valdiviaelename@gmail.com,Elena,"Does not need to be recontacted","Schedule Phone Screener",2026-04-14,,2026-03-12,PS,,,,,,,,,,,,,,,,,,,,,,Incomplete,,,,,,,Incomplete,,,,,,,,,,,,,Incomplete,,,,,,,,Incomplete,,,,,,,,,,,,,,,,,,,,,,,,,,,,,,Incomplete,,,,,,,,Incomplete,,,,,,,,,,,,,,,,,Incomplete,,,,,,,,,,,,,,,,,,,,,,Incomplete,,,,,,,,,,,,,,,,,,,,,,,,,,,,,,,,,,,,,,,,,,,,,,,,,,,,,,,,,,Incomplete,,,,,,,,,,,,,,,,,,,,,,,,,,,,,,,,Incomplete,,,,,,,,,,,,,,,Incomplete,,,,,,,,,,,,,,Incomplete,,,,,,,,,,,,,Incomplete,,,,,,Incomplete,,,Incomplete
10803,,Yes,1308.746,,2026-02-17,2001-12-17,24.17,Bailey,Zheng,,Female,,"(646) 258-2177",tuj88289@temple.edu,Female,Asian,,"Not Hispanic or Latino",,"2430 S 12th St",Philadelphia,PA,19148,,Brooklyn,Complete,"Cold called on 2/24 at 11:30am, no answer.  No response for a month, set to do not contact (3/17, RG)","(646) 258-2177",tuj88289@temple.edu,Bailey,"Does not need to be recontacted","Schedule Phone Screener",2026-03-17,,2026-02-17,FS,,,,,,,,,,,,,,,,,,,,,,Incomplete,,,,,,,Incomplete,,,,,,,,,,,,,Incomplete,,,,,,,,Incomplete,,,,,,,,,,,,,,,,,,,,,,,,,,,,,,Incomplete,,,,,,,,Incomplete,,,,,,,,,,,,,,,,,Incomplete,,,,,,,,,,,,,,,,,,,,,,Incomplete,,,,,,,,,,,,,,,,,,,,,,,,,,,,,,,,,,,,,,,,,,,,,,,,,,,,,,,,,,Incomplete,,,,,,,,,,,,,,,,,,,,,,,,,,,,,,,,Incomplete,,,,,,,,,,,,,,,Incomplete,,,,,,,,,,,,,,Incomplete,,,,,,,,,,,,,Incomplete,,,,,,Incomplete,,,Incomplete
10804,,Yes,1395.699,Medium,2026-02-23,1998-02-12,28.03,Layla,Garcia,,Female,,"(551) 333-0561",Laylasofiagc@gmail.com,Female,"Two or more races, or race not described (other)",,"Hispanic or Latino",,"2232 N 7th St","Philadelphia ","Pennsylvania ",19133,,"Jersey City ",Incomplete,"Call at 3pm 3/27  Tried calling no response. ","(551) 333-0561",Laylasofiagc@gmail.com,Layla,"Does not need to be recontacted",Payment,2026-04-15,,2026-03-16,PS,,2026-03-27,PS,,2026-04-02,DS,,2026-04-02,DS,,2026-04-13,PS,,2026-04-13,PS,,2026-04-14,RG,,2026-04-14,RG,Complete,,,Yes,No,No,"2026-04-14 17:30",Complete,,Yes,Yes,Yes,Yes,Yes,signature_2026-04-14_1711.png,"Layla Garcia-Carela",2026-04-14,signature_2026-04-14_1711.png,"Dilver Diljit Singh",2026-04-14,Incomplete,"2026-04-14 17:31:54",23:30,08:00,"More than 60 minutes","Between 5 and 6 hours","Less than once a week","Fairly good",Complete,"2026-04-14 17:37:00",,,,,,,"Not much at all",,,,,,,"Not much at all",,,"Very much",,,,,"Very much",,,"Very much",,,,Complete,"2026-04-14 17:39:20",$0.10,"100 minutes","24 days","6 elves ","1 student ",20,Complete,"2026-04-14 17:40:38","Often true","Sometimes true","Rarely true","Never, or very rarely true","Often true","Often true","Sometimes true","Sometimes true","Rarely true","Often true","Very often, or always true","Sometimes true","Rarely true","Rarely true","Often true",Complete,"2026-04-14 17:41:58","Somewhat True","Somewhat Untrue","Somewhat True","Neither Untrue nor True","Somewhat True","Very Untrue","Somewhat True","Somewhat Untrue","Somewhat True","Neither Untrue nor True","Very True","Somewhat True","Somewhat Untrue","Somewhat Untrue","Neither Untrue nor True","Somewhat Untrue","Somewhat Untrue","Somewhat Untrue","Somewhat True","Neither Untrue nor True",Complete,,RSG,DDS,,2026-04-14,B,Medium,988,7113,13334,4448,,,,,1893,6557,10955,2067,,,,,1887,6571,10653,1847,,,,,,,,,,,,,,,,,,,,,"Stimulation Condition","Stimulation Condition","No Stimulation Condition or Sham Condition",,"No Stimulation Condition or Sham Condition","No Stimulation Condition or Sham Condition","Stimulation Condition","Stimulation Condition",No,,Incomplete,,Absent,,,Mild,Possible,"More likely from trying to stay still",Absent,,,Absent,,,Absent,,,Absent,,,Moderate,,"Mostly due to repetition ",Mild,,Same,Absent,,,Absent,,,Incomplete,"2026-04-14 19:02:59",Yes,2026-04-14,"Layla Garcia-Carela",signature_2026-04-14_1902.png,1998-02-12,,"2232 N 7th St, Philadelphia, PA 19133",Laylasofiagc@gmail.com,"Ryan Gephart",75563457,Yes,6,"SPETA Subway to visit and back",Complete,,,,,,,,,,,,,,Incomplete,,,,,,,,,,,,,Incomplete,,,,,,Incomplete,,,Incomplete
10806,,Yes,1463.625,,2026-05-22,1996-09-07,29.7,Omar,Hassan,,Male,,"(862) 258-7310",Omarhasomar@gmail.com,Male,"Prefer not to respond",,"Not Hispanic or Latino",,"906 s 12 street",Philadelphia,Pa,19147,,"Budd lake ",Incomplete,"Sent over safety review, will text when ready for the study (6/4, DS)","(862) 258-7310",Omarhasomar@gmail.com,Omar,"Does not need to be recontacted","Schedule Visit",2026-07-20,,2026-05-26,JS,,2026-06-04,JS,,,,,,,,,,,,,,,,,,,Incomplete,"Send paper",,,,,,Incomplete,,,,,,,,,,,,,Incomplete,,,,,,,,Incomplete,,,,,,,,,,,,,,,,,,,,,,,,,,,,,,Incomplete,,,,,,,,Incomplete,,,,,,,,,,,,,,,,,Incomplete,,,,,,,,,,,,,,,,,,,,,,Incomplete,,,,,,,,,,,,,,,,,,,,,,,,,,,,,,,,,,,,,,,,,,,,,,,,,,,,,,,,,,Incomplete,,,,,,,,,,,,,,,,,,,,,,,,,,,,,,,,Incomplete,,,,,,,,,,,,,,,Incomplete,,,,,,,,,,,,,,Incomplete,,,,,,,,,,,,,Incomplete,,,,,,Incomplete,,,Incomplete
10807,,Yes,1570.2266,,2026-02-09,1965-09-10,60.42,Anthony,Williams,,Male,,"(267) 693-9768",agw1965@gmail.com,Male,"Black or African American",,"Not Hispanic or Latino",,"1133 W Venango Street",Philadelphia,PA,19140,,"New York",Complete," -message went undelivered on 2/19 JS / Cold called on 2/24 at 11:40am, number not in service -MW","(267) 693-9768",agw1965@gmail.com,Anthony,"Does not need to be recontacted","Schedule Phone Screener",2026-02-24,,2026-02-17,PS,,,,,,,,,,,,,,,,,,,,,,Complete,,,,,,,Incomplete,,,,,,,,,,,,,Incomplete,,,,,,,,Incomplete,,,,,,,,,,,,,,,,,,,,,,,,,,,,,,Incomplete,,,,,,,,Incomplete,,,,,,,,,,,,,,,,,Incomplete,,,,,,,,,,,,,,,,,,,,,,Incomplete,,,,,,,,,,,,,,,,,,,,,,,,,,,,,,,,,,,,,,,,,,,,,,,,,,,,,,,,,,Incomplete,,,,,,,,,,,,,,,,,,,,,,,,,,,,,,,,Incomplete,,,,,,,,,,,,,,,Incomplete,,,,,,,,,,,,,,Incomplete,,,,,,,,,,,,,Incomplete,,,,,,Incomplete,,,Incomplete
10809,,Yes,1667.3075,"Extra Large",2026-03-03,1955-01-07,71.15,Rich,Bicoff,,Male,,"(267) 257-9127",rsbic55@yahoo.com,Male,White,,"Not Hispanic or Latino",,"6818 N. 7TH ST ","Philadelphia ",PA,19126,,"Philadelphia ",Incomplete,,"(267) 257-9127",rsbic55@yahoo.com,Rich,"Does not need to be recontacted",Payment,2026-03-26,,2026-03-10,MW,,2026-03-10,PS,,2026-03-11,PS,,2026-03-12,RG,,2026-03-24,PS,,2026-03-25,DS,,,,,,,Incomplete,,,Yes,No,No,"2026-03-26 10:00",Complete,"2026-03-26 10:25:39",Yes,Yes,Yes,Yes,Yes,signature_2026-03-26_1024.png,"Rich Bicoff",2026-03-26,signature_2026-03-26_1025.png,"Abraham Dachs",2026-03-26,Complete,"2026-03-26 10:42:38",01:00,07:25,"Less than 15","Less than 7 hours","Once or twice a week","Fairly good",Complete,"2026-03-26 10:47:39",,,,,,,,,,,,,,,,,,,,,,,,,,,,,Complete,"2026-03-26 10:49:38","10 cents","100 minutes",24,3,45,45,Complete,"2026-03-26 10:50:45","Often true","Sometimes true","Sometimes true","Sometimes true","Rarely true","Sometimes true","Sometimes true","Often true","Rarely true","Often true","Often true","Sometimes true","Sometimes true","Sometimes true","Sometimes true",Complete,"2026-03-26 10:52:49","Very True","Somewhat Untrue","Neither Untrue nor True","Neither Untrue nor True","Somewhat True","Neither Untrue nor True","Somewhat Untrue","Neither Untrue nor True","Somewhat True","Somewhat True","Very True","Somewhat True","Somewhat True","Somewhat True","Somewhat True","Somewhat Untrue","Somewhat Untrue","Somewhat Untrue","Somewhat True","Somewhat Untrue",Complete,,JBW,AD,RDR,2026-03-26,B,"Extra Large",3679,7123,7966,704,,,,,4214,6362,6423,2213,,,,,,,,,,,,,,,,,,,,,,,,,,,,,"No Stimulation Condition or Sham Condition","Stimulation Condition","No Stimulation Condition or Sham Condition","Stimulation Condition","Stimulation Condition","Stimulation Condition","No Stimulation Condition or Sham Condition","No Stimulation Condition or Sham Condition",,,Incomplete,,Absent,,,Absent,,,Absent,,,Absent,,,Mild,Definite,"Tingling in front of scalp after removal of cap",Absent,,,Mild,"None (not related)",,Absent,,,Absent,,,Absent,,,Incomplete,,Yes,2026-03-26,"Rich Bicoff",signature_2026-03-26_1209.png,1955-01-07,,"6818 N 7th st",rsbic55@yahoo.com,Jbw,75592461,No,,,Complete,,,,,,,,,,,,,,Incomplete,,,,,,,,,,,,,Incomplete,,,,,,Incomplete,,,Incomplete
10810,,Yes,1458.154,Large,2026-02-16,1955-04-25,70.82,Kim,Tietz,,Male,,"(215) 380-4164",Ktswitchblade@gmail.com,Male,White,,"Ethnicity not described (Other)",,"18 south 3rd st","Philadelphia ",Pa,19106,,Na,Complete,,"(215) 380-4164",Ktswitchblade@gmail.com,Kim,"Does not need to be recontacted",Payment,2026-04-13,,2026-02-17,PS,,2026-02-19,JS,,2026-02-19,DS,,2026-02-20,JS,,2026-04-09,SG,,2026-04-10,PS,,,,,,,Complete,,,Yes,No,No,"2026-04-13 11:00",Complete,"2026-04-13 11:54:28",Yes,Yes,Yes,Yes,Yes,signature_2026-04-13_1153.png,"Kim h tietz",2026-04-13,signature_2026-04-13_1154.png,JBW,2026-04-13,Complete,"2026-04-13 12:10:17",20:39,07:39,"30 to 60 minutes","More than 7 hours","Three or more times a week","Fairly good",Complete,"2026-04-13 12:14:35",,,"Not much at all",,,,,,,"Not much at all",,,,"Not much at all","Very much","Very much",,,,,,"Very much",,,,"Very much",,,Complete,"2026-04-13 12:17:56",.10,100,24,3,30,10,Complete,"2026-04-13 12:19:26","Very often, or always true","Very often, or always true","Never, or very rarely true","Never, or very rarely true","Often true","Sometimes true","Never, or very rarely true","Rarely true","Never, or very rarely true","Very often, or always true","Very often, or always true","Very often, or always true","Never, or very rarely true","Never, or very rarely true","Very often, or always true",Complete,"2026-04-13 12:21:42","Very Untrue","Somewhat True","Neither Untrue nor True","Somewhat True","Somewhat Untrue","Somewhat True","Somewhat Untrue","Very Untrue","Somewhat Untrue","Neither Untrue nor True","Very Untrue","Neither Untrue nor True","Very Untrue","Neither Untrue nor True","Very Untrue","Neither Untrue nor True","Neither Untrue nor True","Somewhat True","Very Untrue","Very Untrue",Complete,"Behavioral RA had last minute cancellation",JBW,JBW,,2026-04-13,B,Medium,4392,6563,8950,477,,,,,2125,6003,6161,1270,,,,,,,,,,,,,,,,,,,,,,,,,,,,,"No Stimulation Condition or Sham Condition","Stimulation Condition","Stimulation Condition","No Stimulation Condition or Sham Condition","No Stimulation Condition or Sham Condition","No Stimulation Condition or Sham Condition","No Stimulation Condition or Sham Condition","No Stimulation Condition or Sham Condition",,,Incomplete,,Absent,,,Absent,,,Absent,,,Absent,,,Absent,,,Absent,,,Mild,Possible,,Absent,,,Absent,,,Absent,,,Incomplete,"2026-04-13 13:39:20",Yes,2026-04-13,"Kim tietz",signature_2026-04-13_1339.png,1955-04-25,,"4342 south bowers rd Milford de 19963",Ktswitchblade@gmail.com,JBW,35583973,No,,,Complete,,,,,,,,,,,,,,Incomplete,,,,,,,,,,,,,Incomplete,,,,,,Incomplete,,,Incomplete
10812,,Yes,1267.66,Small,2026-03-03,1960-11-05,65.32,"Michael ","Simmons ",,Male,,"(215) 519-4078",msimmonsphilly@yahoo.com,Male,"Black or African American",,"Not Hispanic or Latino",,"2008 Medary Ave ","Philadelphia ","PA ",19138,,"New York ",Incomplete,"Follow up didn't deliver- PS 3/13  Probably got blocked -PS 3/24","(215) 519-4078",msimmonsphilly@yahoo.com,"Michael ","Does not need to be recontacted","Schedule Phone Screener",2026-04-03,,2026-03-10,MW,,,,,,,,,,,,,,,,,,,,,,Incomplete,,,,,,,Incomplete,,,,,,,,,,,,,Incomplete,,,,,,,,Incomplete,,,,,,,,,,,,,,,,,,,,,,,,,,,,,,Incomplete,,,,,,,,Incomplete,,,,,,,,,,,,,,,,,Incomplete,,,,,,,,,,,,,,,,,,,,,,Incomplete,,,,,,,,,,,,,,,,,,,,,,,,,,,,,,,,,,,,,,,,,,,,,,,,,,,,,,,,,,Incomplete,,,,,,,,,,,,,,,,,,,,,,,,,,,,,,,,Incomplete,,,,,,,,,,,,,,,Incomplete,,,,,,,,,,,,,,Incomplete,,,,,,,,,,,,,Incomplete,,,,,,Incomplete,,,Incomplete
10827,,,1407.135,Medium,2026-03-01,2000-06-26,25.68,Taquaya,OBrien,,Other,,"(445) 888-2443",Teothelostboy@gmail.com,,"Black or African American",,"Not Hispanic or Latino",,,,,,,,Incomplete,"Message did not deliver     Messages do not deliver as of 3/17, set to do not contact","(445) 888-2443",Teothelostboy@gmail.com,Taquaya,"Does not need to be recontacted","Initial Contact",2026-03-17,,2026-03-16,PS,,,,,,,,,,,,,,,,,,,,,,Incomplete,,,,,,,Incomplete,,,,,,,,,,,,,Incomplete,,,,,,,,Incomplete,,,,,,,,,,,,,,,,,,,,,,,,,,,,,,Incomplete,,,,,,,,Incomplete,,,,,,,,,,,,,,,,,Incomplete,,,,,,,,,,,,,,,,,,,,,,Incomplete,,,,,,,,,,,,,,,,,,,,,,,,,,,,,,,,,,,,,,,,,,,,,,,,,,,,,,,,,,Incomplete,,,,,,,,,,,,,,,,,,,,,,,,,,,,,,,,Incomplete,,,,,,,,,,,,,,,Incomplete,,,,,,,,,,,,,,Incomplete,,,,,,,,,,,,,Incomplete,,,,,,Incomplete,,,Incomplete
10838,,Yes,1418.638,Medium,2026-03-04,1999-12-18,26.21,Kimani,Graham,,Male,,"(267) 242-0810",kimanigraham22@gmail.com,Male,"Black or African American",,"Not Hispanic or Latino",,"1324 N Broad St",Philadelphia,Pennsylvania,19121,,"Avon Park ",Incomplete,"messages sent are undelivered; set to do not contact","(267) 242-0810",kimanigraham22@gmail.com,Kimani,"Does not need to be recontacted","Schedule Phone Screener",2026-03-11,,2026-03-11,AD,,,,,,,,,,,,,,,,,,,,,,Complete,,,,,,,Incomplete,,,,,,,,,,,,,Incomplete,,,,,,,,Incomplete,,,,,,,,,,,,,,,,,,,,,,,,,,,,,,Incomplete,,,,,,,,Incomplete,,,,,,,,,,,,,,,,,Incomplete,,,,,,,,,,,,,,,,,,,,,,Incomplete,,,,,,,,,,,,,,,,,,,,,,,,,,,,,,,,,,,,,,,,,,,,,,,,,,,,,,,,,,Incomplete,,,,,,,,,,,,,,,,,,,,,,,,,,,,,,,,Incomplete,,,,,,,,,,,,,,,Incomplete,,,,,,,,,,,,,,Incomplete,,,,,,,,,,,,,Incomplete,,,,,,Incomplete,,,Incomplete
10843,,Yes,1224.811,,2026-06-10,1996-10-16,29.65,"Demetrius ",Harris,,Male,,"(267) 631-0490",musicbyviewz1@gmail.com,Male,"Black or African American",,"Not Hispanic or Latino",,"6100 McCallum St","Philadelphia ","Pennsylvania ",19144,,"Philadelphia ",Incomplete,,"(267) 631-0490",musicbyviewz1@gmail.com,"Demetrius ","Does not need to be recontacted","Schedule Phone Screener",2026-07-17,,2026-06-15,KR,,,,,,,,,,,,,,,,,,,,,,Incomplete,,,,,,,Incomplete,,,,,,,,,,,,,Incomplete,,,,,,,,Incomplete,,,,,,,,,,,,,,,,,,,,,,,,,,,,,,Incomplete,,,,,,,,Incomplete,,,,,,,,,,,,,,,,,Incomplete,,,,,,,,,,,,,,,,,,,,,,Incomplete,,,,,,,,,,,,,,,,,,,,,,,,,,,,,,,,,,,,,,,,,,,,,,,,,,,,,,,,,,Incomplete,,,,,,,,,,,,,,,,,,,,,,,,,,,,,,,,Incomplete,,,,,,,,,,,,,,,Incomplete,,,,,,,,,,,,,,Incomplete,,,,,,,,,,,,,Incomplete,,,,,,Incomplete,,,Incomplete
10857,,Yes,1671.748,"Extra Large",2026-03-01,2001-07-24,24.6,Matthew,Jones,,Male,,"(302) 513-6044",mattaj@verizon.net,Male,White,,"Not Hispanic or Latino",,"3630 Powelton Ave Apt 2",Philadelphia,PA,19104,2021-09-01,Newark,Incomplete,"followed up to schedule phone screener on 3/10/26  If no response by 4/14, place on do not contact (RG)","(302) 513-6044",mattaj@verizon.net,Matthew,"Does not need to be recontacted","Schedule Phone Screener",2026-04-14,,2026-03-05,JS,,,,,,,,,,,,,,,,,,,,,,Incomplete,,,,,,,Incomplete,,,,,,,,,,,,,Incomplete,,,,,,,,Incomplete,,,,,,,,,,,,,,,,,,,,,,,,,,,,,,Incomplete,,,,,,,,Incomplete,,,,,,,,,,,,,,,,,Incomplete,,,,,,,,,,,,,,,,,,,,,,Incomplete,,,,,,,,,,,,,,,,,,,,,,,,,,,,,,,,,,,,,,,,,,,,,,,,,,,,,,,,,,Incomplete,,,,,,,,,,,,,,,,,,,,,,,,,,,,,,,,Incomplete,,,,,,,,,,,,,,,Incomplete,,,,,,,,,,,,,,Incomplete,,,,,,,,,,,,,Incomplete,,,,,,Incomplete,,,Incomplete
10858,,Yes,1681.478,"Extra Large",2026-03-04,1943-10-14,82.39,Lewis,Hemmer,,Male,,"(610) 731-8083",4lewhemmer@duck.com,Male,White,,"Not Hispanic or Latino",,"196 Eric Lane","Lansdale ",PA,19446,,,Incomplete,"Has a pacemaker, is this okay?","(610) 731-8083",4lewhemmer@duck.com,Lewis,"Does not need to be recontacted","Schedule Visit",2026-04-07,,2026-03-09,AD,,2026-03-10,MW,,2026-03-10,MW,,2026-03-16,AD,,2026-04-06,PS,,2026-04-06,PS,,2026-04-06,PS,,,,Complete,,,Yes,No,No,,Incomplete,,,,,,,,,,,,,Incomplete,,,,,,,,Incomplete,,,,,,,,,,,,,,,,,,,,,,,,,,,,,,Incomplete,,,,,,,,Incomplete,,,,,,,,,,,,,,,,,Incomplete,,,,,,,,,,,,,,,,,,,,,,Incomplete,,,,,,,,,,,,,,,,,,,,,,,,,,,,,,,,,,,,,,,,,,,,,,,,,,,,,,,,,,Incomplete,,,,,,,,,,,,,,,,,,,,,,,,,,,,,,,,Incomplete,,,,,,,,,,,,,,,Incomplete,,,,,,,,,,,,,,Incomplete,,,,,,,,,,,,,Incomplete,,,,,,Incomplete,,,Incomplete
10862,,Yes,1499.015,Large,2026-03-04,1963-05-01,62.84,Santo,Duca,,Male,,"(267) 968-3657",sonnysplace@hotmail.com,Male,White,,"Not Hispanic or Latino",,"3505 Trevi Court",Philadelphia,PA,19145,2005-12-20,Philadelphia,Incomplete,,"(267) 968-3657",sonnysplace@hotmail.com,Santo,"Does not need to be recontacted",Payment,2026-04-06,,2026-03-12,AD,,2026-03-12,RG,,2026-03-12,RG,,2026-03-12,RG,,2026-03-30,PS,,2026-04-02,SG,,2026-04-06,PS,,,,Complete,,,Yes,No,No,"2026-03-27 09:00",Complete,"2026-04-03 09:07:33",Yes,Yes,Yes,Yes,Yes,signature_2026-04-03_0906.png,"Santo J. Duca",2026-04-03,signature_2026-04-03_0907.png,"Puja Saha",2026-04-03,Complete,"2026-04-03 09:12:06",22:00,06:00,"15 to 30 minutes","Between 6 and 7 hours","Not during the past month","Fairly good",Complete,"2026-04-03 09:33:49","Very much",,,"Not much at all",,,,,,,,,,,,"Very much",,,,,,,,,,"Very much","Very much",,Complete,"2026-04-03 09:37:28",.10,"100 minutes",24,3,31,20,Complete,"2026-04-03 09:39:30","Sometimes true","Often true","Rarely true","Never, or very rarely true","Rarely true","Sometimes true","Rarely true","Rarely true","Never, or very rarely true","Sometimes true","Sometimes true","Often true","Rarely true","Never, or very rarely true","Often true",Complete,"2026-04-03 09:42:17","Neither Untrue nor True","Neither Untrue nor True","Somewhat Untrue","Neither Untrue nor True","Neither Untrue nor True","Neither Untrue nor True","Somewhat Untrue","Very Untrue","Somewhat Untrue","Neither Untrue nor True","Somewhat Untrue","Somewhat True","Very Untrue","Somewhat Untrue","Very Untrue","Neither Untrue nor True","Very Untrue","Neither Untrue nor True","Very Untrue","Very Untrue",Complete,,JBW,PS,,2026-04-03,B,Medium,4388,9908,15019,6154,,,,,4366,7377,10046,7995,,,,,2323,4444,5961,6256,,,,,,,,,,,,,,,,,,,,,"No Stimulation Condition or Sham Condition","Stimulation Condition","No Stimulation Condition or Sham Condition","Stimulation Condition","No Stimulation Condition or Sham Condition","Stimulation Condition","No Stimulation Condition or Sham Condition","Stimulation Condition",Yes,signature_2026-04-03_1049.png,Incomplete,,Absent,,,Absent,,,Absent,,,Absent,,,Absent,,,Absent,,,Absent,,,Absent,,,Absent,,,Absent,,,Incomplete,,Yes,2026-04-03,"Santo J. Duca",signature_2026-04-03_1053.png,1963-05-01,,"3505 Trevi Court",sonnysplace@hotmail.com,JBW,85572905,No,,,Incomplete,,,,,,,,,,,,,,Incomplete,,,,,,,,,,,,,Incomplete,,,,,,Incomplete,,,Incomplete
10866,,Yes,1547.831,Large,2026-03-04,1951-08-30,74.51,mark,muhly,,Male,,"(267) 626-5626",wuchi51@yahoo.com,Male,White,,"Not Hispanic or Latino",,"643 Tyson ave",glenside,pa.,19038,2003-08-01,phila,Incomplete,,"(267) 626-5626",wuchi51@yahoo.com,mark,"Does not need to be recontacted",Payment,2026-03-17,,2026-03-09,AD,,2026-03-10,AD,,2026-03-10,AD,,2026-03-10,AD,,2026-03-13,PS,,2026-03-16,PS,,2026-03-19,RG,,2026-03-19,JW,Complete,,,Yes,No,No,"2026-03-17 11:00",Complete,"2026-03-17 10:49:24",Yes,Yes,Yes,Yes,Yes,signature_2026-03-17_1048.png,"Mark muhly",2026-03-17,signature_2026-03-17_1049.png,"Ryan Gephart",2026-03-17,Complete,"2026-03-17 11:09:16",23:50,08:00,"Less than 15","More than 7 hours","Not during the past month","Fairly good",Complete,"2026-03-17 11:17:04",,"Not much at all","Not much at all",,,,"Not much at all",,,,,"Not much at all",,"Not much at all",,,"Very much",,,"Very much",,,,,,"Very much",,,Complete,"2026-03-17 11:22:10",.10,5,47,3,31,15,Complete,"2026-03-17 11:24:13","Very often, or always true","Sometimes true","Rarely true","Sometimes true","Very often, or always true","Often true","Rarely true","Sometimes true","Rarely true","Sometimes true","Very often, or always true","Often true","Sometimes true","Sometimes true","Often true",Complete,"2026-03-17 11:27:23","Very Untrue","Somewhat Untrue","Somewhat Untrue","Somewhat True","Somewhat True","Very Untrue","Neither Untrue nor True","Very Untrue","Very True","Neither Untrue nor True","Somewhat True","Somewhat Untrue","Neither Untrue nor True","Somewhat Untrue","Very Untrue","Somewhat True","Very Untrue","Very Untrue","Very Untrue","Somewhat True",Complete,"During run 7, an error popped up which delayed the start of NIC2 by a couple seconds",RSG,FS,,2026-03-17,B,Large,8297,10935,15792,6692,,,,,6499,10033,13981,5025,,,,,100,8036,9639,875,,,,,,,,,,,,,,,,,,,,,"No Stimulation Condition or Sham Condition","Stimulation Condition","No Stimulation Condition or Sham Condition","Stimulation Condition","Stimulation Condition","No Stimulation Condition or Sham Condition","Stimulation Condition","Stimulation Condition",No,,Complete,,Absent,,,Absent,,,Absent,,,Absent,,,Mild,Possible,,Absent,,,Absent,,,Absent,,,Absent,,,Absent,,,Incomplete,"2026-03-17 12:46:18",Yes,2026-03-17,"Mark muhly ",signature_2026-03-17_1246.png,1951-08-30,,"643 Tyson Ave glenside pa 19038",wuchi51@yahoo.com,"Ryan Gephart ",95572472,No,,,Complete,,,,,,,,,,,,,,Incomplete,,,,,,,,,,,,,Incomplete,,,,,,Incomplete,,,Incomplete
10886,,Yes,1520.74,Large,2026-01-20,1968-09-15,57.35,Edward,Roman,Edward,Male,,"(267) 334-9295",sayow9@gmail.com,Male,"Two or more races, or race not described (other)",,"Hispanic or Latino",,"529 West Berks St., Apt.1","Philadelphia ",Pennsylvania,19122,2019-01-01,Carteret,Complete,,"(267) 334-9295",sayow9@gmail.com,Edward,"Does not need to be recontacted",Payment,2026-02-11,,2026-01-26,PS,,2026-02-03,PS,,2026-02-03,PS,,2026-02-04,PS,,2026-02-05,RG,,2026-02-06,PS,,2026-02-09,RG,,2026-03-19,JW,Incomplete,,,,No,No,"2026-02-04 17:20",Complete,,Yes,Yes,Yes,Yes,Yes,signature_2026-02-09_1429.png,"Edward Roman",2026-02-09,signature_2026-02-09_1430.png,"Puja Saha",2026-02-09,Complete,"2026-02-09 14:34:45",01:00,08:00,"30 to 60 minutes","Between 5 and 6 hours","Once or twice a week","Fairly bad",Complete,"2026-02-09 14:42:07",,"Not much at all",,,"Not much at all","Not much at all",,,"Not much at all",,,"Not much at all","Not much at all","Not much at all",,,,,,,,,,,,,,,Complete,"2026-02-09 14:47:09","10 cents","20 minutes","24 days",three,29,15,Complete,"2026-02-09 14:49:22","Very often, or always true","Often true","Rarely true","Rarely true","Often true","Very often, or always true","Rarely true","Rarely true","Sometimes true","Sometimes true","Often true","Sometimes true","Rarely true","Sometimes true","Often true",Complete,,,,,,,,,,,,,,,,,,,,,,Incomplete,,,,,2026-02-09,,Medium,1557,8981,"15,226",6106,,,,,466,8473,13756,4716,,,,,264,8203,12592,3660,,,,,,,,,,,,,,,,,,,,,,,,,,,,,No,,Complete,,Absent,,,Absent,,,Absent,,,Absent,,,Absent,,,Absent,,,Mild,Possible,,Absent,,,Absent,,,Absent,,,Incomplete,,,,,,,,,sayow9@gmail.com,,,Yes,30,"Uber back from visit ",Incomplete,,,,,,,,,,,,,,Incomplete,4,https://egift.activationspot.com/?tid=657Q0RGVTJTZKC50AW2P8STYQC&gcm=y&gs=n&gw=n&eid=WYQ54J06V3MAWBFZKDMQJQS244,https://egift.activationspot.com/?tid=657Q0RGVTJTZKC50AW2P8STYQC&gcm=y&gs=n&gw=n&eid=JN3RFSM5TM6JVXD7CXGVRPLK90,https://egift.activationspot.com/?tid=657Q0RGVTJTZKC50AW2P8STYQC&gcm=y&gs=n&gw=n&eid=HJG1BFP15BX8GWFGBPPLD1Q58W,https://egift.activationspot.com/?tid=657Q0RGVTJTZKC50AW2P8STYQC&gcm=y&gs=n&gw=n&eid=B8DBYNZ46MJMTHQ7BXAG3DZ86R,50,50,20,10,,,"Amazon E-Codes",Complete,"[not completed]",,,,,Incomplete,,,Incomplete
10896,,Yes,1492.071,,2026-05-22,1995-09-14,30.69,Veronica,birardi,,Female,,"(908) 821-3767",vbirardi12354@yahoo.com,Female,White,,"Not Hispanic or Latino",,"106 Sequoia court",flemington,nj,08822,2020-09-01,"flemington ",Incomplete,,"(908) 821-3767",vbirardi12354@yahoo.com,Veronica,"Does not need to be recontacted","Check for Visit Completion",2026-07-16,,2026-05-26,JS,,2026-06-11,RDR,,2026-06-15,JS,,2026-07-13,JS,,,,,2026-07-15,DS,,2026-07-16,RG,,2026-07-16,RG,Incomplete,,,Yes,No,No,"2026-07-16 12:00",Incomplete,"2026-07-16 12:21:36",Yes,Yes,Yes,Yes,Yes,signature_2026-07-16_1220.png,"Veronica birardi",2026-07-16,signature_2026-07-16_1221.png,"Veronica birardi",2026-07-16,Complete,"2026-07-16 12:38:28",00:30,07:30,"Less than 15","Less than 7 hours","Not during the past month","Fairly good",Complete,"2026-07-16 12:47:21","Very much",,,,,,,,"Not much at all",,,,,,"Very much",,"Very much",,,"Very much",,,,,"Very much","Very much","Very much",,Complete,"2026-07-16 12:53:15",.10,"100 minutes",24,3,30,20,Complete,"2026-07-16 12:55:57","Sometimes true","Very often, or always true","Sometimes true","Sometimes true","Often true","Often true","Never, or very rarely true","Rarely true","Sometimes true","Often true","Often true","Often true","Very often, or always true","Often true","Rarely true",Complete,"2026-07-16 12:58:26","Neither Untrue nor True","Somewhat Untrue","Somewhat True","Very True","Neither Untrue nor True","Very Untrue","Somewhat True","Very Untrue","Very True","Somewhat Untrue","Very True","Neither Untrue nor True","Very Untrue","Somewhat Untrue","Neither Untrue nor True","Very Untrue","Somewhat True","Somewhat True","Very True","Somewhat True",Complete,,RSG,AD,,2026-07-16,A,,2409,10764,11636,3281,10612,3130,6102,8366,1849,7645,6356,686,6555,335,3565,5956,,,,,,,,,,,,,,,,,,,,,,,,,,,,,,,,,,,Incomplete,"2026-07-16 14:13:41",Absent,,,Absent,,,Absent,,,Absent,,,Mild,Probable,"Just happened sometimes",Absent,,,Moderate,"None (not related)","was just boring",Mild,"None (not related)","was bored",Mild,"None (not related)","just went from being tired to bored to uninterested to intrigued, etc. ",Absent,,,Complete,"2026-07-16 14:16:57",Yes,2026-07-16,"Veronica birardi",signature_2026-07-16_1415.png,1995-09-14,14-SEP-1995,"46 manners road, ringoes, nj 08551",vbirardi12354@yahoo.com,"Ryan Gephart",35554559,Yes,13,"Bridge toll to visit, gas",Complete,,,,,,,,,,,,,,Incomplete,,,,,,,,,,,,,Incomplete,,,,,,Incomplete,,,Incomplete
10898,,Yes,1298.8931,Small,2026-03-04,1962-03-21,63.95,Janet,McClelland,,Female,,"(215) 620-2762",Jlmcclelland62@yahoo.com,Female,White,,"Not Hispanic or Latino",,"C407 80 W. Baltimore Ave",Lansdowne,PA,19050,2015-03-21,"East Lansdowne",Incomplete,,"(215) 620-2762",Jlmcclelland62@yahoo.com,Janet,"Does not need to be recontacted",Payment,2026-04-16,,2026-03-09,PS,,2026-04-07,RG,,2026-04-07,RG,,2026-04-07,RG,,2026-04-13,PS,,,,,2026-04-15,SG,,,,Complete,,,Yes,No,No,"2026-04-15 10:00",Complete,"2026-04-15 10:04:37",Yes,Yes,Yes,Yes,Yes,signature_2026-04-15_1001.png,"Janet Lea McClelland ",2026-04-15,signature_2026-04-15_1002.png,JBW,2026-04-15,Complete,"2026-04-15 10:37:03",01:00,10:00,"15 to 30 minutes","Between 6 and 7 hours","Three or more times a week","Fairly good",Complete,"2026-04-15 10:45:17",,,,,,,,,,,,,,"Not much at all",,"Very much","Very much",,,,"Very much","Very much","Very much",,"Very much","Very much","Very much",,Complete,"2026-04-15 10:49:22",$.10,"5 minutes","47 days","3 elves","1 student41","20 short ahtletes",Complete,"2026-04-15 10:51:21","Very often, or always true","Rarely true","Sometimes true","Sometimes true","Sometimes true","Sometimes true","Very often, or always true","Sometimes true","Rarely true","Sometimes true","Very often, or always true","Sometimes true","Sometimes true","Rarely true","Rarely true",Complete,"2026-04-15 10:54:12","Very True","Neither Untrue nor True","Very True","Very True","Neither Untrue nor True","Very Untrue","Somewhat True","Very Untrue","Very True","Somewhat True","Somewhat True","Somewhat True","Neither Untrue nor True","Neither Untrue nor True","Neither Untrue nor True","Neither Untrue nor True","Somewhat True","Somewhat True","Neither Untrue nor True","Very Untrue",Complete,,JW,LS,LS,2026-04-15,A,Medium,803,9935,13805,4852,,,,,1792,8390,12113,2835,,,,,1896,8396,12119,7342,,,,,,,,,,,,,,,,,,,,,"No Stimulation Condition or Sham Condition","Stimulation Condition","No Stimulation Condition or Sham Condition","Stimulation Condition","Stimulation Condition","Stimulation Condition","Stimulation Condition","Stimulation Condition",Yes,signature_2026-04-15_1210.png,Incomplete,,Absent,,,Absent,,,Absent,,,Absent,,,Absent,,,Mild,Definite,,Moderate,Probable,,Absent,,,Absent,,,Mild,Possible,"Stomach pain",Incomplete,"2026-04-15 12:19:26",Yes,2026-04-15,"Janet McClelland ",signature_2026-04-15_1216.png,1962-03-21,,"80 W. Baltimore Ave. C407, Lansdowne, PA 19050",Jlmcclelland62@yahoo.com,JBW,05586469,Yes,$30,"By car cost includes gas & parking cost ",Complete,,,,,,,,,,,,,,Incomplete,,,,,,,,,,,,,Incomplete,,,,,,Incomplete,,,Incomplete
10940,,Yes,1584.922,"Extra Large",2026-03-01,2001-08-29,24.5,"Maksym ","Ostashko ",,Male,,"(215) 869-5449",tuq68710@temple.edu,Male,White,,"Not Hispanic or Latino",,"15030 Poquessing Creek Ln",Philadelphia,"Pennsylvania ",19116,2022-10-10,Hradyzk,Incomplete,"If no response by 4/7, place on do not contact","(215) 869-5449",tuq68710@temple.edu,"Maksym ","Does not need to be recontacted","Schedule Phone Screener",2026-04-07,,2026-03-10,MW,,,,,,,,,,,,,,,,,,,,,,Incomplete,,,,,,,Incomplete,,,,,,,,,,,,,Incomplete,,,,,,,,Incomplete,,,,,,,,,,,,,,,,,,,,,,,,,,,,,,Incomplete,,,,,,,,Incomplete,,,,,,,,,,,,,,,,,Incomplete,,,,,,,,,,,,,,,,,,,,,,Incomplete,,,,,,,,,,,,,,,,,,,,,,,,,,,,,,,,,,,,,,,,,,,,,,,,,,,,,,,,,,Incomplete,,,,,,,,,,,,,,,,,,,,,,,,,,,,,,,,Incomplete,,,,,,,,,,,,,,,Incomplete,,,,,,,,,,,,,,Incomplete,,,,,,,,,,,,,Incomplete,,,,,,Incomplete,,,Incomplete
10950,,Yes,1400.407,Medium,2026-03-04,1999-12-23,26.2,"Fiona ","Bruckman ",,Female,,"(610) 787-9362",fiona.bruckman1@gmail.com,Female,White,,"Not Hispanic or Latino",,"1638 s 15th street ","Philadelphia ","Pennsylvania ",19145,2023-06-01,philadelphia,Incomplete,"Sent initial contact on 3/10/26","(610) 787-9362",fiona.bruckman1@gmail.com,"Fiona ","Does not need to be recontacted",Payment,2026-04-17,,2026-03-10,MW,,,,,2026-03-30,JBW,,2026-03-31,RG,,2026-04-13,PS,,2026-04-16,SG,,2026-04-21,RG,,,,Complete,,,Yes,No,No,"2026-04-10 13:00",Complete,"2026-04-17 13:43:15",Yes,Yes,Yes,Yes,Yes,signature_2026-04-17_1342.png,"Fiona Bruckman",2026-04-17,signature_2026-04-17_1343.png,JBW,2026-04-17,Complete,"2026-04-17 13:58:47",11:00,07:00,"Less than 15","More than 7 hours","Less than once a week","Fairly good",Complete,"2026-04-17 14:04:02",,,,,,,,,,,,,,,,,,,,,,,,,,,,,Complete,"2026-04-17 14:10:06",.10,"100 minutes","47 days",three,30,15,Complete,"2026-04-17 14:11:20","Often true","Often true","Very often, or always true","Sometimes true","Often true","Often true","Sometimes true","Often true","Sometimes true","Sometimes true","Very often, or always true","Often true","Often true","Sometimes true","Sometimes true",Complete,"2026-04-17 14:13:00","Somewhat Untrue","Neither Untrue nor True","Neither Untrue nor True","Neither Untrue nor True","Somewhat True","Neither Untrue nor True","Somewhat True","Somewhat True","Very True","Neither Untrue nor True","Somewhat True","Somewhat Untrue","Somewhat True","Neither Untrue nor True","Somewhat True","Somewhat Untrue","Somewhat True","Somewhat Untrue","Somewhat True","Somewhat True",Complete,,JBW,,LS,2026-04-17,A,Small,3754,8232,11695,4369,,,,,1939,5596,6723,5698,,,,,,,,,,,,,,,,,,,,,,,,,,,,,"No Stimulation Condition or Sham Condition","Stimulation Condition","Stimulation Condition","No Stimulation Condition or Sham Condition","No Stimulation Condition or Sham Condition","Stimulation Condition","No Stimulation Condition or Sham Condition","No Stimulation Condition or Sham Condition",Yes,signature_2026-04-17_1522.png,Complete,,Absent,,,Absent,,,Absent,,,Absent,,,Moderate,Possible,,Absent,,,Moderate,Possible,,Mild,Remote,,Absent,,,Absent,,,Incomplete,"2026-04-17 15:24:46",Yes,2026-04-17,"Fiona bruckman",signature_2026-04-17_1523.png,1999-12-23,,"1601 w Ritner st",fiona.bruckman1@gmail.com,JBW,15578323,Yes,12,"Two buses to lab and two buses home ",Complete,,,,,,,,,,,,,,Incomplete,,,,,,,,,,,,,Incomplete,,,,,,Incomplete,,,Incomplete
10951,,Yes,1750.753,,2026-02-17,2002-09-27,23.39,Luke,"Pelcher ",,Male,,"(518) 687-3201",Luke.pelcher@temple.edu,Male,White,,"Not Hispanic or Latino",,"1226 W Jefferson st","Philadelphia ","Pennsylvania ",19122,2023-08-01,"Averill park",Complete,"Updated email and is checking if payment was processed. ","(518) 687-3201",Luke.pelcher@temple.edu,Luke,"Does not need to be recontacted",Payment,2026-03-09,,2026-02-19,RG,,,,,2026-02-19,DS,,2026-02-26,PS,,2026-03-05,JW,,,,,2026-03-09,AD,,2026-03-19,JW,Complete,,,Yes,No,No,,Complete,"2026-03-08 10:14:55",Yes,Yes,Yes,Yes,Yes,signature_2026-03-08_1013.png,"Luke Pelcher",2026-03-08,signature_2026-03-08_1014.png,"Ryan Gephart",2026-03-08,Complete,"2026-03-08 10:16:40",12:00,07:20,"Less than 15","More than 7 hours","Less than once a week","Fairly good",Complete,"2026-03-08 10:21:15",,,,,,,,,,,,,,"Not much at all",,,"Very much",,,,,,,,,,,,Complete,"2026-03-08 10:23:16",0.05,5,47,3,29,15,Complete,"2026-03-08 10:24:17","Very often, or always true","Often true","Sometimes true","Rarely true","Often true","Often true","Sometimes true","Sometimes true","Rarely true","Often true","Very often, or always true","Often true","Very often, or always true","Sometimes true","Sometimes true",Complete,"2026-03-08 10:25:46","Somewhat Untrue","Neither Untrue nor True","Somewhat Untrue","Somewhat Untrue","Neither Untrue nor True","Somewhat Untrue","Somewhat True","Very Untrue","Somewhat True","Neither Untrue nor True","Very True","Somewhat True","Somewhat Untrue","Somewhat True","Very Untrue","Somewhat True","Somewhat True","Somewhat Untrue","Somewhat True","Somewhat True",Complete,,RSG,AD,,2026-03-08,A,Large,613,10104,8448,255,,,,,100,9196,8150,596,,,,,,,,,,,,,,,,,,,,,,,,,,,,,"No Stimulation Condition or Sham Condition","No Stimulation Condition or Sham Condition","Stimulation Condition","Stimulation Condition","No Stimulation Condition or Sham Condition","Stimulation Condition","Stimulation Condition","No Stimulation Condition or Sham Condition",No,,Complete,,Mild,Probable,,Absent,,,Mild,Remote,,Absent,,,Moderate,Probable,,Absent,,,Mild,"None (not related)",,Absent,,,Absent,,,Absent,,,Incomplete,"2026-03-08 12:13:25",Yes,2026-03-08,"Luke Pelcher",signature_2026-03-08_1212.png,2002-09-27,,"218 wendover st, Philadelphia PA 19128",Luke.pelcher@gmail.com,"Ryan Gephart",25603734,Yes,10,"Gas cost",Complete,,,,,,,,,,,,,,Incomplete,,,,,,,,,,,,,Incomplete,,,,,,Incomplete,,,Incomplete
10952,,Yes,1673.474,,2026-06-18,1991-06-30,34.97,Marcus,Anderson,Marcus,Male,,"(903) 339-0303",Marcus.a1113@gmail.com,Male,"Two or more races, or race not described (other)",,"Hispanic or Latino",,"1457 W Sparks st",Philadelphia,PA,19141,2024-02-09,"Philadelphia ",Incomplete,,"(903) 339-0303",Marcus.a1113@gmail.com,Marcus,"Does not need to be recontacted","Schedule Phone Screener",2026-07-10,,2026-06-22,KMR,,,,,,,,,,,,,,,,,,,,,,Incomplete,,,,,,,Incomplete,,,,,,,,,,,,,Incomplete,,,,,,,,Incomplete,,,,,,,,,,,,,,,,,,,,,,,,,,,,,,Incomplete,,,,,,,,Incomplete,,,,,,,,,,,,,,,,,Incomplete,,,,,,,,,,,,,,,,,,,,,,Incomplete,,,,,,,,,,,,,,,,,,,,,,,,,,,,,,,,,,,,,,,,,,,,,,,,,,,,,,,,,,Incomplete,,,,,,,,,,,,,,,,,,,,,,,,,,,,,,,,Incomplete,,,,,,,,,,,,,,,Incomplete,,,,,,,,,,,,,,Incomplete,,,,,,,,,,,,,Incomplete,,,,,,Incomplete,,,Incomplete
10954,,Yes,1263.639,,2026-05-22,1977-06-28,48.9,Sharon,Jones,Sharon,Female,,"(215) 626-4372",sharonaj1977@gmail.com,Female,"Black or African American",,"Not Hispanic or Latino",,"2328 Bailey Terrace ","Philadelphia ",Pa,19145,2015-10-15,"Philadelphia ",Incomplete,"If no response by 6/15 set to do not recontact ","(215) 626-4372",sharonaj1977@gmail.com,Sharon,"Does not need to be recontacted","Schedule Phone Screener",2026-06-15,,2026-05-26,JS,,,,,,,,,,,,,,,,,,,,,,Incomplete,,,,,,,Incomplete,,,,,,,,,,,,,Incomplete,,,,,,,,Incomplete,,,,,,,,,,,,,,,,,,,,,,,,,,,,,,Incomplete,,,,,,,,Incomplete,,,,,,,,,,,,,,,,,Incomplete,,,,,,,,,,,,,,,,,,,,,,Incomplete,,,,,,,,,,,,,,,,,,,,,,,,,,,,,,,,,,,,,,,,,,,,,,,,,,,,,,,,,,Incomplete,,,,,,,,,,,,,,,,,,,,,,,,,,,,,,,,Incomplete,,,,,,,,,,,,,,,Incomplete,,,,,,,,,,,,,,Incomplete,,,,,,,,,,,,,Incomplete,,,,,,Incomplete,,,Incomplete
10961,,Yes,1456.875,Large,2026-03-03,2000-10-19,25.37,Megan,Arndt,Megan,Female,,"(610) 246-6417",arndtme11@gmail.com,Female,White,,"Not Hispanic or Latino",,"380 Sandy Bank Rd",Media,"Pennsylvania ",19063,2023-08-01,Media,Incomplete,"Send dates for the week of  March 23rd.     Mentioned her friend Jen Sommerfeldt is also interested in participating in this study. ","(610) 246-6417",arndtme11@gmail.com,Megan,"Does not need to be recontacted",Payment,2026-03-30,,2026-03-11,PS,,2026-03-11,PS,,2026-03-11,PS,,2026-03-17,RG,,2026-03-24,PS,,,,,2026-03-26,RG,,,,Complete,,,Yes,No,No,"2026-03-26 17:30",Complete,"2026-03-26 17:38:10",Yes,Yes,Yes,Yes,Yes,signature_2026-03-26_1737.png,"Megan Arndt",2026-03-26,signature_2026-03-26_1738.png,"Puja Saha",2026-03-26,Complete,"2026-03-26 17:59:38",23:00,09:00,"15 to 30 minutes","More than 7 hours","Not during the past month","Very good",Complete,"2026-03-26 18:07:58",,,,,,,,,,,,,,,,"Very much","Very much",,,,"Very much","Very much",,,"Very much","Very much","Very much",,Complete,"2026-03-26 18:11:02",.10,"100 minutes","47 days","3 elves",15,0,Complete,"2026-03-26 18:12:45","Often true","Sometimes true","Rarely true","Rarely true","Sometimes true","Often true","Sometimes true","Rarely true","Never, or very rarely true","Rarely true","Very often, or always true","Often true","Rarely true","Never, or very rarely true","Never, or very rarely true",Complete,"2026-03-26 18:15:06","Somewhat True","Somewhat True","Somewhat Untrue","Somewhat True","Somewhat True","Somewhat Untrue","Somewhat Untrue","Somewhat Untrue","Neither Untrue nor True","Somewhat Untrue","Somewhat True","Somewhat True","Somewhat Untrue","Somewhat True","Somewhat Untrue","Somewhat True","Somewhat Untrue","Somewhat True","Somewhat Untrue","Somewhat True",Complete,,RSG,PMS,,2026-03-26,B,Medium,1480,7264,7180,1609,,,,,,,,,,,,,,,,,,,,,,,,,,,,,,,,,,,,,"Stimulation Condition","No Stimulation Condition or Sham Condition","No Stimulation Condition or Sham Condition","Stimulation Condition","Stimulation Condition","Stimulation Condition","No Stimulation Condition or Sham Condition","No Stimulation Condition or Sham Condition",No,,Complete,,Absent,,,Absent,,,Mild,Probable,,Absent,,,Mild,Probable,,Absent,,,Absent,,,Mild,Possible,,Absent,,,Absent,,,Incomplete,"2026-03-26 19:38:31",Yes,2026-03-26,"Megan Arndt",signature_2026-03-26_1937.png,2000-10-19,,"622 S 11 street, unit b, Philadelphia, PA 19147",arndtme11@gmail.com,"Ryan Gephart",65551524,Yes,30,"Lyft here and back",Complete,,,,,,,,,,,,,,Incomplete,,,,,,,,,,,,,Incomplete,,,,,,Incomplete,,,Incomplete
10998,,Yes,1530.641,Large,2026-01-20,2002-12-09,23.12,Sarah,Algeo,Sarah,Female,,"(484) 522-1017",sarahalgeo129@gmail.com,Female,White,,"Not Hispanic or Latino",,"1801 n 10th St","Philadelphia ","Pennsylvania ",19468,2023-08-19,Royersford,Complete,,"(484) 522-1017",sarahalgeo129@gmail.com,Sarah,"Does not need to be recontacted",Payment,2026-02-04,,2026-01-20,AD,,2026-01-20,AD,,2026-01-20,AD,,2026-01-30,MW,,2026-01-30,MW,,2026-02-02,AD,,,,,,,Complete,,"long hair, straight",No,No,No,"2026-01-21 14:00",Complete,"2026-02-03 13:10:28",Yes,Yes,Yes,Yes,Yes,signature_2026-02-03_1309.png,"Sarah Algeo",2026-02-03,signature_2026-02-03_1310.png,"Ryan Gephart",2026-02-03,Complete,"2026-02-03 13:31:28",02:00,10:30,"30 to 60 minutes","More than 7 hours","Once or twice a week","Fairly good",Complete,"2026-02-03 13:38:11",,"Very much",,,,,,,,,,,,,,"Very much",,,"Very much","Very much","Very much","Very much",,,,"Very much","Very much",,Complete,"2026-02-03 13:39:52",.10,100,24,3,30,45,Complete,"2026-02-03 13:41:05","Rarely true","Sometimes true","Often true","Sometimes true","Sometimes true","Often true","Sometimes true","Rarely true","Sometimes true","Rarely true","Often true","Rarely true","Often true","Often true","Rarely true",Complete,,,,,,,,,,,,,,,,,,,,,,Incomplete,,,,,2026-02-03,B,Medium,606,9163,8573,3247,,,,,1726,8575,8354,1978,,,,,,,,,,,,,,,,,,,,,,,,,,,,,"Stimulation Condition","Stimulation Condition","No Stimulation Condition or Sham Condition","No Stimulation Condition or Sham Condition","No Stimulation Condition or Sham Condition","Stimulation Condition","No Stimulation Condition or Sham Condition","Stimulation Condition",,,Unverified,,Absent,,,Absent,,,Mild,Probable,,Absent,,,Absent,,,Absent,,,Absent,,,Absent,,,Absent,,,Absent,,,Incomplete,,,,,,,,,sarahalgeo129@gmail.com,,,No,0,,Incomplete,,,,,,,,,,,,,,Incomplete,2,https://egift.activationspot.com/?tid=657Q0RGVTJTZKC50AW2P8STYQC&gcm=y&gs=n&gw=n&eid=15MY9J6B7VFAMC37L87Z7YYYTH,https://egift.activationspot.com/?tid=657Q0RGVTJTZKC50AW2P8STYQC&gcm=y&gs=n&gw=n&eid=97N7D02YS8K3TMFZRHATQGG840,,,50,50,,,,,"Amazon E-Codes",Complete,"2026-02-03 16:00:20","Reveal Compensation",2026-02-03,signature_2026-02-03_1600.png,"Sarah Algeo",Complete,,,Incomplete
11016,,Yes,1326.557,Small,2026-03-01,2001-07-01,24.67,Jennifer,Sommerfeldt,Jen,Female,,"(215) 933-2336",jennifer.sommerfeldt@temple.edu,Female,White,,"Not Hispanic or Latino",,"1345 S Lambert St",Philadelphia,PA,19146,2023-08-01,"Santa Monica",Complete," -visit for 3/25 cancelled, rescheduled for 4/8","(215) 933-2336",jennifer.sommerfeldt@temple.edu,Jennifer,"Does not need to be recontacted",Payment,2026-04-09,,2026-03-16,PS,,2026-03-16,PS,,2026-03-16,PS,,2026-03-26,JS,,2026-04-06,PS,,2026-04-07,RG,,2026-04-08,SG,,,,Complete,,,Yes,No,No,"2026-04-08 17:01",Complete,,Yes,Yes,Yes,Yes,Yes,signature_2026-04-08_1702.png,"Jennifer Sommerfeldt",2026-04-08,signature_2026-04-08_1702.png,"Jenelle Scholl",2026-04-08,Complete,"2026-04-08 17:18:52",11:00,09:00,"More than 60 minutes","Between 6 and 7 hours","Three or more times a week","Fairly bad",Complete,"2026-04-08 17:31:22",,,,"Very much",,,"Not much at all",,"Not much at all","Very much",,,,"Not much at all",,,,,,,,,,,,,,,Complete,"2026-04-08 17:36:34",0.10,"100 minutes",24,3,30,20,Complete,"2026-04-08 17:39:13","Often true","Often true","Sometimes true","Rarely true","Often true","Very often, or always true","Sometimes true","Often true","Sometimes true","Often true","Very often, or always true","Rarely true","Often true","Sometimes true","Often true",Complete,"2026-04-08 17:42:39","Somewhat True","Somewhat Untrue","Somewhat True","Somewhat Untrue","Somewhat True","Somewhat Untrue","Somewhat True","Somewhat Untrue","Very True","Very True","Very True","Somewhat True","Somewhat Untrue","Somewhat True","Somewhat True","Somewhat Untrue","Neither Untrue nor True","Neither Untrue nor True","Somewhat True","Somewhat True",Complete,,JMS,RSG,,2026-04-08,B,Small,457,7678,12999,4089,,,,,3345,6463,8594,249,,,,,,,,,,,,,,,,,,,,,,,,,,,,,"No Stimulation Condition or Sham Condition","No Stimulation Condition or Sham Condition","Stimulation Condition","No Stimulation Condition or Sham Condition","Stimulation Condition","Stimulation Condition","No Stimulation Condition or Sham Condition","No Stimulation Condition or Sham Condition",No,,Complete,,Mild,Possible,"Get headaches sometimes from blue light screens so hard to tell, subsided after tES though",Absent,,,Moderate,Probable,,Mild,Possible,,Moderate,Probable,,Mild,Probable,,Moderate,Possible,,Moderate,Possible,,Absent,,,Absent,,,Incomplete,"2026-04-08 19:00:49",Yes,2026-04-08,"Jennifer Sommerfeldt",signature_2026-04-08_1859.png,2001-07-01,,"201 S 13th St, Philadelphia PA 19107",Jennifersommerfeldt01@gmail.com,"Ryan Gephart",95574998,Yes,6,"Septa subway here and back",Complete,,,,,,,,,,,,,,Incomplete,,,,,,,,,,,,,Incomplete,,,,,,Incomplete,,,Incomplete
11030,,Yes,1541.027,Large,2026-03-03,2000-09-02,25.5,Terra,Peter,,Female,,"(585) 645-9733",terra.peter@temple.edu,Female,White,,"Not Hispanic or Latino",,"1104 Spruce Street",Philadelphia,PA,19107,2022-08-14,Rochester,Incomplete,,"(585) 645-9733",terra.peter@temple.edu,Terra,"Does not need to be recontacted",Payment,2026-03-25,,2026-03-12,PS,,2026-03-16,PS,,2026-03-17,PS,,2026-03-17,PS,,2026-03-19,AW,,2026-03-24,PS,,2026-03-24,DS,,,,Complete,,,Yes,No,No,"2026-03-24 11:54",Complete,,Yes,Yes,Yes,Yes,Yes,signature_2026-03-24_1740.png,"Terra Peter",2026-03-24,signature_2026-03-24_1740.png,"Dilver Diljit Singh",2026-03-24,Complete,"2026-03-24 18:09:59",23:00,07:30,"Less than 15","Between 6 and 7 hours","Less than once a week","Fairly good",Complete,"2026-03-24 18:14:51",,,,"Not much at all",,"Not much at all",,"Not much at all",,,,,,"Not much at all",,,,,,,,"Very much","Very much",,"Very much","Very much",,,Complete,"2026-03-24 18:20:24",.05,"5 minutes",36,three,29,15,Complete,"2026-03-24 18:21:19","Often true","Often true","Rarely true","Rarely true","Often true","Sometimes true","Never, or very rarely true","Rarely true","Never, or very rarely true","Often true","Sometimes true","Often true","Rarely true","Rarely true","Often true",Complete,"2026-03-24 18:22:43","Somewhat Untrue","Neither Untrue nor True","Somewhat Untrue","Neither Untrue nor True","Somewhat Untrue","Very Untrue","Neither Untrue nor True","Somewhat Untrue","Somewhat True","Somewhat Untrue","Somewhat True","Neither Untrue nor True","Somewhat Untrue","Very Untrue","Neither Untrue nor True","Very Untrue","Very Untrue","Somewhat Untrue","Somewhat Untrue","Very Untrue",Complete,,PMS,DDS,,2026-03-24,A,Medium,1022,8626,14048,5939,,,,,,,,,,,,,,,,,,,,,,,,,,,,,,,,,,,,,"Stimulation Condition","Stimulation Condition","No Stimulation Condition or Sham Condition","Stimulation Condition","No Stimulation Condition or Sham Condition","Stimulation Condition","No Stimulation Condition or Sham Condition",,No,,Complete,,Absent,,,Absent,,,Absent,,,Absent,,,Absent,,,Absent,,,Absent,,,Absent,,,Absent,,,Absent,,,Incomplete,,Yes,2026-03-24,,,2000-09-02,,"2519 Brown Street, Philadelphia, PA 19130",Tsp2018@gmail.com,"Dilver Singh",75588451,No,,,Complete,,,2026-03-24,"Terra Peters",,2000-09-02,,terra.peter@temple.edu,,,No,,,Complete,,,,,,,,,,,,,Incomplete,,,,,,Incomplete,,,Incomplete
11031,,Yes,1372.219,Medium,2026-03-01,2001-01-18,25.11,Abigail,Race,Abby,Female,,"(610) 283-7670",Abigailjrace@gmail.com,Female,White,,"Not Hispanic or Latino",,"1345 s lambert st","Philadelphia ",PA,19146,2023-07-26,Media,Incomplete,,"(610) 283-7670",Abigailjrace@gmail.com,Abigail,"Does not need to be recontacted",Payment,2026-04-21,,2026-03-17,RG,,2026-04-10,PS,,,,,,,,2026-04-16,SG,,,,,2026-04-21,RG,,,,Complete,,,,,,,Incomplete,"2026-04-20 12:05:17",Yes,Yes,Yes,Yes,Yes,signature_2026-04-20_1204.png,"Abigail Race",2026-04-20,signature_2026-04-20_1205.png,JBW,2026-04-20,Complete,"2026-04-20 12:21:30",11:30,08:30,"15 to 30 minutes","More than 7 hours","Once or twice a week","Very good",Complete,"2026-04-20 12:26:54",,"Not much at all",,,"Not much at all",,"Not much at all",,"Not much at all",,,"Very much",,"Not much at all",,"Very much",,,"Very much","Very much",,"Very much",,"Very much",,"Very much",,,Complete,"2026-04-20 12:31:08",.10,100,47,3,30,20,Complete,"2026-04-20 12:32:24","Very often, or always true","Often true","Rarely true","Rarely true","Often true","Sometimes true","Rarely true","Rarely true","Sometimes true","Sometimes true","Very often, or always true","Often true","Sometimes true","Sometimes true","Often true",Complete,"2026-04-20 12:33:56","Somewhat Untrue","Very True","Very Untrue","Somewhat True","Very Untrue","Neither Untrue nor True","Somewhat Untrue","Very Untrue","Somewhat True","Somewhat True","Somewhat Untrue","Somewhat True","Very Untrue","Somewhat True","Very Untrue","Neither Untrue nor True","Very Untrue","Very True","Very Untrue","Somewhat Untrue",Complete,,JBW,,,2026-04-20,A,Medium,11116,10898,21971,12779,,,,,6287,8967,15340,7961,,,,,5716,8840,14723,7523,,,,,,,,,,,,,,,,,,,,,"No Stimulation Condition or Sham Condition","Stimulation Condition","Stimulation Condition","No Stimulation Condition or Sham Condition","No Stimulation Condition or Sham Condition","No Stimulation Condition or Sham Condition","No Stimulation Condition or Sham Condition","No Stimulation Condition or Sham Condition",,,Incomplete,,Absent,,,Absent,,,Mild,Probable,,Absent,,,Mild,Probable,,Absent,,,Moderate,Possible,,Mild,Remote,,Absent,,,Absent,,,Incomplete,"2026-04-20 13:49:09",Yes,2026-04-20,"Abigail Race",signature_2026-04-20_1348.png,2001-01-18,,"1504 naudain st, Philadelphia pa 19146",Abigailjrace@gmail.com,JBW,25601912,Yes,$6,"Subway fare",Complete,,,,,,,,,,,,,,Incomplete,,,,,,,,,,,,,Incomplete,,,,,,Incomplete,,,Incomplete
11036,,Yes,1438.648,Medium,2026-03-01,2001-10-03,24.41,Alexis,Reed,Alexis,Female,,"(267) 980-1276",Lexi001122@hotmail.com,Female,White,,"Not Hispanic or Latino",,"601 hidden forest ct","Fairless Hills",Pa,19030,,Levittown,Incomplete,"This participant has had therapies with tACS before, is she still eligible for this study?     If she is send dates.    Confirmed w/ Jimmy, should be fine (DS, 4/2)","(267) 980-1276",Lexi001122@hotmail.com,Alexis,"Does not need to be recontacted",Payment,2026-04-21,,2026-03-10,MW,,2026-04-01,PS,,2026-04-01,PS,,2026-04-08,DS,,2026-04-16,SG,,,,,2026-04-21,RG,,,,Complete,,,Yes,No,No,,Incomplete,"2026-04-20 09:03:10",Yes,Yes,Yes,Yes,Yes,signature_2026-04-20_0902.png,"Alexis Reed",2026-04-20,signature_2026-04-20_0903.png,JBW,2026-04-20,Complete,"2026-04-20 09:20:01",23:00,07:00,"More than 60 minutes","Between 6 and 7 hours","Less than once a week","Fairly good",Complete,"2026-04-20 09:28:05",,,,,,,,"Very much",,,,,,,"Very much","Very much",,"Very much",,,,"Very much","Very much",,,,,,Complete,"2026-04-20 09:30:32",$0.05,"5 minutes",47,3,30,20,Complete,"2026-04-20 09:32:03","Very often, or always true","Sometimes true","Sometimes true","Rarely true","Often true","Sometimes true","Often true","Very often, or always true","Never, or very rarely true","Often true","Often true","Never, or very rarely true","Often true","Sometimes true","Often true",Complete,"2026-04-20 09:34:44","Somewhat True","Very Untrue","Somewhat Untrue","Very True","Very True","Very Untrue","Very True","Neither Untrue nor True","Very True","Neither Untrue nor True","Very True","Very True","Somewhat True","Very Untrue","Somewhat True","Somewhat Untrue","Somewhat True","Very Untrue","Somewhat True","Neither Untrue nor True",Complete,,JBW,PS,,2026-04-20,B,Medium,6456,12896,7968,12118,,,,,816,9957,7598,3949,,,,,,,,,,,,,,,,,,,,,,,,,,,,,"No Stimulation Condition or Sham Condition","No Stimulation Condition or Sham Condition","No Stimulation Condition or Sham Condition","No Stimulation Condition or Sham Condition","No Stimulation Condition or Sham Condition","Stimulation Condition","Stimulation Condition","No Stimulation Condition or Sham Condition",,,Incomplete,,Mild,Possible,,Mild,"None (not related)",,Mild,"None (not related)",,Absent,,,Mild,Possible,,Absent,,,Moderate,Remote,,Severe,"None (not related)",,Absent,,,Absent,,,Incomplete,"2026-04-20 10:55:02",Yes,2026-04-20,"Alexis Reed",signature_2026-04-20_1053.png,2001-10-03,,"2244 s 22nd st Philadelphia pa 19145",Lexi001122@hotmail.com,JBW,25573457,Yes,$27,"Septa ($3) / uber ($25)",Complete,,,,,,,,,,,,,,Incomplete,,,,,,,,,,,,,Incomplete,,,,,,Incomplete,,,Incomplete
11063,,Yes,1564.819,,2026-02-17,2003-03-03,22.96,Grace,Sullivan,Grace,Female,,"(205) 441-4900",tuk45663@temple.edu,Female,White,,"Not Hispanic or Latino",,"1506 N Carlisle St","Philadelphia ",PA,19121,2022-08-01,Birmingham,Complete,"Cold called on 2/24 at 11:48am, robot responded, then call dropped. -MW","(205) 441-4900",tuk45663@temple.edu,Grace,"Does not need to be recontacted","Schedule Phone Screener",2026-02-24,,2026-02-17,FS,,,,,,,,,,,,,,,,,,,,,,Incomplete,,,,,,,Incomplete,,,,,,,,,,,,,Incomplete,,,,,,,,Incomplete,,,,,,,,,,,,,,,,,,,,,,,,,,,,,,Incomplete,,,,,,,,Incomplete,,,,,,,,,,,,,,,,,Incomplete,,,,,,,,,,,,,,,,,,,,,,Incomplete,,,,,,,,,,,,,,,,,,,,,,,,,,,,,,,,,,,,,,,,,,,,,,,,,,,,,,,,,,Incomplete,,,,,,,,,,,,,,,,,,,,,,,,,,,,,,,,Incomplete,,,,,,,,,,,,,,,Incomplete,,,,,,,,,,,,,,Incomplete,,,,,,,,,,,,,Incomplete,,,,,,Incomplete,,,Incomplete
11064,,Yes,1440.977,Medium,2026-03-01,2002-02-13,24.04,Sonia,Avni,Sonia,Female,,"(917) 841-1095",soniaavnicontact@gmail.com,Female,White,,"Not Hispanic or Latino",,"1717 N 12th st #610",Philadelphia,Pennsylvania,19122,2023-08-24,"New York",Incomplete,"Cold call   ","(917) 841-1095",soniaavnicontact@gmail.com,Sonia,"Does not need to be recontacted","Schedule Phone Screener",2026-04-13,,2026-04-06,PS,,,,,,,,,,,,,,,,,,,,,,Complete,,,,,,,Incomplete,,,,,,,,,,,,,Incomplete,,,,,,,,Incomplete,,,,,,,,,,,,,,,,,,,,,,,,,,,,,,Incomplete,,,,,,,,Incomplete,,,,,,,,,,,,,,,,,Incomplete,,,,,,,,,,,,,,,,,,,,,,Incomplete,,,,,,,,,,,,,,,,,,,,,,,,,,,,,,,,,,,,,,,,,,,,,,,,,,,,,,,,,,Incomplete,,,,,,,,,,,,,,,,,,,,,,,,,,,,,,,,Incomplete,,,,,,,,,,,,,,,Incomplete,,,,,,,,,,,,,,Incomplete,,,,,,,,,,,,,Incomplete,,,,,,Incomplete,,,Incomplete
11065,,Yes,1562.214,,2026-02-17,2003-01-09,23.11,Claire,Spencer,Claire,Female,,"(732) 740-9514",tun27506@temple.edu,Female,White,,"Not Hispanic or Latino",,"1601 N 15th st","Philadelphia ",pa,19121,2023-08-20,"little silver",Complete,"Cold call","(732) 740-9514",tun27506@temple.edu,Claire,"Does not need to be recontacted","Schedule Phone Screener",2026-03-11,,2026-02-17,FS,,,,,,,,,,,,,,,,,,,,,,Incomplete,,,,,,,Incomplete,,,,,,,,,,,,,Incomplete,,,,,,,,Incomplete,,,,,,,,,,,,,,,,,,,,,,,,,,,,,,Incomplete,,,,,,,,Incomplete,,,,,,,,,,,,,,,,,Incomplete,,,,,,,,,,,,,,,,,,,,,,Incomplete,,,,,,,,,,,,,,,,,,,,,,,,,,,,,,,,,,,,,,,,,,,,,,,,,,,,,,,,,,Incomplete,,,,,,,,,,,,,,,,,,,,,,,,,,,,,,,,Incomplete,,,,,,,,,,,,,,,Incomplete,,,,,,,,,,,,,,Incomplete,,,,,,,,,,,,,Incomplete,,,,,,Incomplete,,,Incomplete
11066,,Yes,1424.828,Medium,2026-03-01,2002-06-10,23.72,Mario,"Rodriguez Canuto",,Male,,"(267) 444-3681",tun44328@temple.edu,Male,"Prefer not to respond",,"Hispanic or Latino",,"1603 N Broad St",Philadelphia,Pennsylvania,19122,2023-08-08,Cuauhtemoc,Incomplete,"It seems like the text messages and calls scheduling the visit don't exist -PS 3/24   Needed to reschedule (3/24, RG)    -G11660 in openphone","(267) 444-3681",tun44328@temple.edu,Mario,"Does not need to be recontacted","Visit Reminder (1 day before)",2026-04-22,,2026-03-09,PS,,2026-03-13,CK,,2026-03-16,JW,,2026-03-26,JS,,2026-04-21,RG,,,,,,,,,,Incomplete,,,Yes,No,No,"2026-04-23 09:00",Complete,,,,,,,,,,,,,Incomplete,,,,,,,,Incomplete,,,,,,,,,,,,,,,,,,,,,,,,,,,,,,Incomplete,,,,,,,,Incomplete,,,,,,,,,,,,,,,,,Incomplete,,,,,,,,,,,,,,,,,,,,,,Incomplete,,,,,,,,,,,,,,,,,,,,,,,,,,,,,,,,,,,,,,,,,,,,,,,,,,,,,,,,,,Incomplete,,,,,,,,,,,,,,,,,,,,,,,,,,,,,,,,Incomplete,,,,,,,,,,,,,,,Incomplete,,,,,,,,,,,,,,Incomplete,,,,,,,,,,,,,Incomplete,,,,,,Incomplete,,,Incomplete
11071,,Yes,1776.416,,2026-06-09,1962-01-14,64.4,Alvin,Scott,Alvin,Male,,"(215) 207-8407",ascott12335@gmail.com,Male,"Black or African American",,"Not Hispanic or Latino",,"606 W Wyoming St",Philadelphia,PA,19120,2023-06-03,"Philadelphia ",Incomplete,,"(215) 207-8407",ascott12335@gmail.com,Alvin,"Does not need to be recontacted","Schedule Phone Screener",2026-07-10,,2026-06-11,RDR,,,,,,,,,,,,,,,,,,,,,,Incomplete,,,,,,,Incomplete,,,,,,,,,,,,,Incomplete,,,,,,,,Incomplete,,,,,,,,,,,,,,,,,,,,,,,,,,,,,,Incomplete,,,,,,,,Incomplete,,,,,,,,,,,,,,,,,Incomplete,,,,,,,,,,,,,,,,,,,,,,Incomplete,,,,,,,,,,,,,,,,,,,,,,,,,,,,,,,,,,,,,,,,,,,,,,,,,,,,,,,,,,Incomplete,,,,,,,,,,,,,,,,,,,,,,,,,,,,,,,,Incomplete,,,,,,,,,,,,,,,Incomplete,,,,,,,,,,,,,,Incomplete,,,,,,,,,,,,,Incomplete,,,,,,Incomplete,,,Incomplete
11072,,Yes,1376.379,,2026-06-10,1999-02-16,27.31,Elliot,Dickman,Elliot,Male,,"(973) 572-8390",Dickman.eli@gmail.com,Male,White,,"Not Hispanic or Latino",,"1336 Lombard St","Philadelphia ",PA,19147,2023-08-01,Livingston,Incomplete,,"(973) 572-8390",Dickman.eli@gmail.com,Elliot,"Does not need to be recontacted","Schedule Phone Screener",2026-07-08,,2026-06-16,RDR,,,,,,,,,,,,,,,,,,,,,,Incomplete,,,,,,,Incomplete,,,,,,,,,,,,,Incomplete,,,,,,,,Incomplete,,,,,,,,,,,,,,,,,,,,,,,,,,,,,,Incomplete,,,,,,,,Incomplete,,,,,,,,,,,,,,,,,Incomplete,,,,,,,,,,,,,,,,,,,,,,Incomplete,,,,,,,,,,,,,,,,,,,,,,,,,,,,,,,,,,,,,,,,,,,,,,,,,,,,,,,,,,Incomplete,,,,,,,,,,,,,,,,,,,,,,,,,,,,,,,,Incomplete,,,,,,,,,,,,,,,Incomplete,,,,,,,,,,,,,,Incomplete,,,,,,,,,,,,,Incomplete,,,,,,Incomplete,,,Incomplete
11074,,Yes,1492.807,,2026-05-22,1983-01-26,43.32,Jimmy,Chang,Jimmy,Male,,"(267) 738-7165",maskmanx@aol.com,Male,Asian,,"Ethnicity not described (Other)",,"3155 Rawle street",Philadelphia,PA,19149,2007-07-15,Philadelphia,Incomplete,,"(267) 738-7165",maskmanx@aol.com,Jimmy,"Does not need to be recontacted","Schedule Phone Screener",2026-06-12,,2026-05-26,JS,,,,,,,,,,,,,,,,,,,,,,Incomplete,,,,,,,Incomplete,,,,,,,,,,,,,Incomplete,,,,,,,,Incomplete,,,,,,,,,,,,,,,,,,,,,,,,,,,,,,Incomplete,,,,,,,,Incomplete,,,,,,,,,,,,,,,,,Incomplete,,,,,,,,,,,,,,,,,,,,,,Incomplete,,,,,,,,,,,,,,,,,,,,,,,,,,,,,,,,,,,,,,,,,,,,,,,,,,,,,,,,,,Incomplete,,,,,,,,,,,,,,,,,,,,,,,,,,,,,,,,Incomplete,,,,,,,,,,,,,,,Incomplete,,,,,,,,,,,,,,Incomplete,,,,,,,,,,,,,Incomplete,,,,,,Incomplete,,,Incomplete
11075,,Yes,1683.091,,2026-06-09,1947-03-25,79.21,Alan,King,Gary,Male,,"(267) 307-3098",forkings@gmail.com,Male,White,,"Not Hispanic or Latino",,"705 S 11th St.","Philadelphia ",PA,19147,2006-01-12,Detroit,Incomplete,,"(267) 307-3098",forkings@gmail.com,Alan,"Does not need to be recontacted",Payment,2026-07-09,,2026-06-11,RDR,,2026-06-15,JS,,2026-06-15,KR,,,,,2026-07-07,JS,,2026-07-08,RG,,2026-07-09,RG,,2026-07-09,RG,Incomplete,,,Yes,No,No,"2026-07-09 09:00",Complete,"2026-07-09 09:02:25",Yes,Yes,Yes,Yes,Yes,signature_2026-07-09_0901.png,"Alan Gary King",2026-07-09,signature_2026-07-09_0902.png,"Abraham Dachs",2026-07-09,Complete,"2026-07-09 09:28:54",10:30,07:00,"30 to 60 minutes","Between 5 and 6 hours","Three or more times a week","Fairly bad",Complete,"2026-07-09 09:38:23",,,,,,,,,,,,,,,,"Very much",,,"Very much",,"Very much","Very much",,,,"Very much",,,Complete,"2026-07-09 09:44:17",$0.05,"5 minutes","47 days",3,29,15-20,Complete,"2026-07-09 09:47:39","Sometimes true","Sometimes true","Sometimes true","Sometimes true","Often true","Never, or very rarely true","Sometimes true","Sometimes true","Rarely true","Often true","Often true","Sometimes true","Sometimes true","Never, or very rarely true","Often true",Complete,"2026-07-09 09:51:36","Somewhat Untrue","Somewhat True","Very Untrue","Somewhat True","Very Untrue","Neither Untrue nor True","Somewhat Untrue","Very Untrue","Very True","Neither Untrue nor True","Somewhat Untrue","Somewhat Untrue","Very Untrue","Neither Untrue nor True","Very Untrue","Very Untrue","Very Untrue","Neither Untrue nor True","Somewhat Untrue","Very Untrue",Complete,"Accidentally ran before pulling GitHub changes. PANAS not included in first 4 runs.  ",AD,RDR,,2026-07-09,B,,3066,14007,13575,4531,11124,3051,6484,8972,995,11666,10890,1856,9586,1578,4744,7597,2078,7832,7177,883,6754,422,3492,6549,,,,,,,,,,,,,,,,,"No Stimulation Condition or Sham Condition","Stimulation Condition","Stimulation Condition","No Stimulation Condition or Sham Condition","No Stimulation Condition or Sham Condition","No Stimulation Condition or Sham Condition","Stimulation Condition","No Stimulation Condition or Sham Condition",No,,Incomplete,,Absent,,,Absent,,,Mild,Possible,,Absent,,,Absent,,,Absent,,,Moderate,Probable,,Mild,Possible,,Absent,,,Absent,,,Incomplete,,,,,,,,,,,,,,,Incomplete,"2026-07-09 11:10:34",Yes,2026-07-09,"Alan Gary King",signature_2026-07-09_1112.png,1947-03-25,"705 S 11th St",forkings@gmail.com,"Rebecca Reyes",65586978,Yes,$30,Parking,Complete,,,,,,,,,,,,,Incomplete,,,,,,Incomplete,,,Incomplete
11113,,Yes,1803.685,,2026-02-17,2003-08-08,22.53,Matthew,Dewhurst,Matthew,Male,,"(202) 904-8567",Tuo60629@temple.edu,Male,White,,"Not Hispanic or Latino",,"1601 N broad st",Philadelphia,PA,19121,2023-08-05,Washington,Complete,"Note interested in this study, but still wants to be contacted for future studies. (DS, 2/19)","(202) 904-8567",Tuo60629@temple.edu,Matthew,"Does not need to be recontacted","Phone Screener",2026-02-19,,2026-02-19,RG,,2026-02-19,JS,,,,,,,,,,,,,,,,,,,Complete,,,,,,,Incomplete,,,,,,,,,,,,,Incomplete,,,,,,,,Incomplete,,,,,,,,,,,,,,,,,,,,,,,,,,,,,,Incomplete,,,,,,,,Incomplete,,,,,,,,,,,,,,,,,Incomplete,,,,,,,,,,,,,,,,,,,,,,Incomplete,,,,,,,,,,,,,,,,,,,,,,,,,,,,,,,,,,,,,,,,,,,,,,,,,,,,,,,,,,Incomplete,,,,,,,,,,,,,,,,,,,,,,,,,,,,,,,,Incomplete,,,,,,,,,,,,,,,Incomplete,,,,,,,,,,,,,,Incomplete,,,,,,,,,,,,,Incomplete,,,,,,Incomplete,,,Incomplete
11116,,Yes,1371.886,,2026-05-22,1965-05-20,61.01,Kevin,Westmoreland,Kevin,Male,,"(267) 971-4467",Kwestmore9@aol.com,Male,"Black or African American",,"Not Hispanic or Latino",,"2300 W Jefferson ST APT 401","Philadelphia ",PA,19121,2022-04-13,Downingtown,Incomplete,,"(267) 971-4467",Kwestmore9@aol.com,Kevin,"Does not need to be recontacted",Payment,2026-06-05,,2026-05-27,DS,,2026-05-27,RG,,2026-05-27,RG,,2026-05-27,RG,,,,,,,,2026-06-09,RG,,2026-06-09,RG,Complete,,,Yes,No,No,"2026-06-09 09:00",Complete,"2026-06-09 09:12:42",Yes,Yes,Yes,Yes,Yes,signature_2026-06-09_0911.png,"Kevin WESTMORELAND ",2026-06-09,signature_2026-06-09_0912.png,"Katie Rodman",2026-06-09,Complete,"2026-06-09 09:35:44",20:00,05:30,"30 to 60 minutes","Between 6 and 7 hours","Three or more times a week","Fairly good",Complete,"2026-06-09 09:44:29",,,,,,,,,,,"Very much",,,"Not much at all",,,,,,,,"Very much",,"Very much",,,,"Very much",Complete,"2026-06-09 09:46:03",0.10,"100 minutes","24 days","3 elves",30,20,Complete,"2026-06-09 09:48:00","Often true","Often true","Never, or very rarely true","Rarely true","Often true","Very often, or always true","Rarely true","Never, or very rarely true","Rarely true","Rarely true","Very often, or always true","Often true","Sometimes true","Never, or very rarely true","Often true",Complete,"2026-06-09 09:50:56","Neither Untrue nor True","Very True","Somewhat Untrue","Somewhat True","Very Untrue","Very True","Somewhat Untrue","Somewhat Untrue","Somewhat True","Very True","Very Untrue","Very True","Very Untrue","Neither Untrue nor True","Somewhat Untrue","Somewhat True","Somewhat Untrue","Very True","Somewhat Untrue","Somewhat True",Complete,,RSG,KMR,RDR,2026-06-09,B,Medium,5934,9150,11107,2250,10257,2359,2976,,4776,8417,8870,870,8979,1758,2396,,,,,,,,,,,,,,,,,,,,,,,,,,"Stimulation Condition","No Stimulation Condition or Sham Condition","No Stimulation Condition or Sham Condition","Stimulation Condition","Stimulation Condition","No Stimulation Condition or Sham Condition","Stimulation Condition","No Stimulation Condition or Sham Condition",No,,Complete,"2026-06-09 11:05:16",Absent,,,Absent,,,Absent,,,Absent,,,Absent,,,Absent,,,Absent,,,Absent,,,Absent,,,Absent,,,Complete,"2026-06-09 11:08:49",Yes,2026-06-09,"Kevin WESTMORELAND ",signature_2026-06-09_1108.png,1965-05-20,,"2300 W Jefferson St apt 401",Kwestmore9@aol.com,"Ryan Gephart",85570776,Yes,6,SEPTA,Complete,,,,,,,,,,,,,,Incomplete,,,,,,,,,,,,,Incomplete,,,,,,Incomplete,,,Incomplete
11125,,Yes,1381.217,,2026-05-22,1965-06-20,60.92,Virginia,Watson,Virginia,Female,,"(717) 602-1506",ginger17455248@gmail.com,Female,"Black or African American",,"Not Hispanic or Latino",,"1012 East Rittenhouse Street Apt 2",Philadelphia,Pa,19138,2021-06-20,"Philadelphia ",Incomplete,"Messages sent were undelivered. (5/27, DS; 6/4 JS)","(717) 602-1506",ginger17455248@gmail.com,Virginia,"Does not need to be recontacted","Schedule Phone Screener",2026-06-11,,2026-05-27,DS,,,,,,,,,,,,,,,,,,,,,,Incomplete,,,,,,,Incomplete,,,,,,,,,,,,,Incomplete,,,,,,,,Incomplete,,,,,,,,,,,,,,,,,,,,,,,,,,,,,,Incomplete,,,,,,,,Incomplete,,,,,,,,,,,,,,,,,Incomplete,,,,,,,,,,,,,,,,,,,,,,Incomplete,,,,,,,,,,,,,,,,,,,,,,,,,,,,,,,,,,,,,,,,,,,,,,,,,,,,,,,,,,Incomplete,,,,,,,,,,,,,,,,,,,,,,,,,,,,,,,,Incomplete,,,,,,,,,,,,,,,Incomplete,,,,,,,,,,,,,,Incomplete,,,,,,,,,,,,,Incomplete,,,,,,Incomplete,,,Incomplete
11126,,Yes,1438.983,,2026-05-22,1966-03-17,60.18,Kenneth,Goldberg,Kenneth,Male,,"(267) 216-4297",Kentgolden@yahoo.com,Male,White,,"Not Hispanic or Latino",,"1754 Fireside Lane","Cherry Hill",NJ,08003,2014-07-15,"Elkins Park",Incomplete,,"(267) 216-4297",Kentgolden@yahoo.com,Kenneth,"Does not need to be recontacted","Schedule Visit",2026-07-03,,2026-05-27,DS,,,,,2026-05-27,DS,,2026-05-27,RDR,,,,,,,,,,,,,Incomplete,,,Yes,No,No,"2026-06-10 15:00",Complete,,,,,,,,,,,,,Incomplete,,,,,,,,Incomplete,,,,,,,,,,,,,,,,,,,,,,,,,,,,,,Incomplete,,,,,,,,Incomplete,,,,,,,,,,,,,,,,,Incomplete,,,,,,,,,,,,,,,,,,,,,,Incomplete,,,,,,,,,,,,,,,,,,,,,,,,,,,,,,,,,,,,,,,,,,,,,,,,,,,,,,,,,,Incomplete,,,,,,,,,,,,,,,,,,,,,,,,,,,,,,,,Incomplete,,,,,,,,,,,,,,,Incomplete,,,,,,,,,,,,,,Incomplete,,,,,,,,,,,,,Incomplete,,,,,,Incomplete,,,Incomplete
11139,,Yes,1378.447,,2026-02-17,2003-10-27,22.31,Olivia,Wong,Olivia,Female,,"(516) 205-1820",wongolivia231@gmail.com,Female,Asian,,"Not Hispanic or Latino",,"54 Delano Ct ","New Hyde Park",NY,11040,2023-08-12,"New Hyde Park",Complete,"decided not to enroll","(516) 205-1820",wongolivia231@gmail.com,Olivia,"Does not need to be recontacted","Schedule Phone Screener",2026-02-24,,2026-02-19,RG,,,,,,,,,,,,,,,,,,,,,,Complete,,,,,,,Incomplete,,,,,,,,,,,,,Incomplete,,,,,,,,Incomplete,,,,,,,,,,,,,,,,,,,,,,,,,,,,,,Incomplete,,,,,,,,Incomplete,,,,,,,,,,,,,,,,,Incomplete,,,,,,,,,,,,,,,,,,,,,,Incomplete,,,,,,,,,,,,,,,,,,,,,,,,,,,,,,,,,,,,,,,,,,,,,,,,,,,,,,,,,,Incomplete,,,,,,,,,,,,,,,,,,,,,,,,,,,,,,,,Incomplete,,,,,,,,,,,,,,,Incomplete,,,,,,,,,,,,,,Incomplete,,,,,,,,,,,,,Incomplete,,,,,,Incomplete,,,Incomplete
11167,,Yes,,,2026-06-10,,,,,,,,,,,,,,,,,,,,,Incomplete,,,,,,,,,,,,,,,,,,,,,,,,,,,,,,,,Incomplete,,,,,,,Incomplete,,,,,,,,,,,,,Incomplete,,,,,,,,Incomplete,,,,,,,,,,,,,,,,,,,,,,,,,,,,,,Incomplete,,,,,,,,Incomplete,,,,,,,,,,,,,,,,,Incomplete,,,,,,,,,,,,,,,,,,,,,,Incomplete,,,,,,,,,,,,,,,,,,,,,,,,,,,,,,,,,,,,,,,,,,,,,,,,,,,,,,,,,,Incomplete,,,,,,,,,,,,,,,,,,,,,,,,,,,,,,,,Incomplete,,,,,,,,,,,,,,,Incomplete,,,,,,,,,,,,,,Incomplete,,,,,,,,,,,,,Incomplete,,,,,,Incomplete,,,Incomplete
11168,,Yes,1424.789,,2026-05-22,1996-09-25,29.65,Najah,Bush,Najah,Female,,"(267) 331-1445",najahbush@gmail.com,Female,"Black or African American",,"Not Hispanic or Latino",,"1707 W Norris St Apt B",Philadelphia,Pennsylvania,19121,2024-06-27,"Philadelphia ",Incomplete,,"(267) 331-1445",najahbush@gmail.com,Najah,"Does not need to be recontacted",Payment,2026-06-15,,2026-05-27,RG,,,,,,,,2026-05-27,RDR,,2026-06-09,RG,,2026-06-11,JS,,2026-06-12,RG,,2026-06-12,RG,Incomplete,,,Yes,No,No,"2026-06-12 12:15",Complete,"2026-06-12 12:09:34",Yes,Yes,Yes,Yes,Yes,signature_2026-06-12_1209.png,"Najah Bush",2026-06-12,signature_2026-06-12_1209.png,"Jenelle Scholl",2026-06-12,Complete,"2026-06-12 12:34:36",23:00,07:45,"15 to 30 minutes","More than 7 hours","Not during the past month","Very good",Complete,"2026-06-12 12:40:51",,,,,,,"Not much at all",,,,,,,,,,"Very much",,"Very much",,"Very much",,"Very much",,"Very much",,,,Complete,"2026-06-12 12:43:09",0.10,"100 minutes",24,3,30,20,Complete,"2026-06-12 12:44:14","Often true","Very often, or always true","Rarely true","Rarely true","Often true","Very often, or always true","Never, or very rarely true","Very often, or always true","Never, or very rarely true","Often true","Very often, or always true","Very often, or always true","Sometimes true","Never, or very rarely true","Rarely true",Complete,"2026-06-12 12:45:43","Somewhat Untrue","Very Untrue","Very Untrue","Neither Untrue nor True","Somewhat True","Somewhat Untrue","Very Untrue","Neither Untrue nor True","Somewhat Untrue","Somewhat True","Somewhat Untrue","Very True","Somewhat Untrue","Somewhat True","Somewhat Untrue","Somewhat Untrue","Somewhat Untrue","Somewhat Untrue","Very Untrue","Very Untrue",Complete,"EOG1 Check 1: 7588  EOG1 Check 2: 7050",RDR,JMS,,2026-06-12,A,Large,2075,4352,3388,1639,2669,2709,646,,1536,3625,2218,2085,1939,3276,494,,,,,,,,,,,,,,,,,,,,,,,,,,"No Stimulation Condition or Sham Condition","No Stimulation Condition or Sham Condition","Stimulation Condition","Stimulation Condition","Stimulation Condition","No Stimulation Condition or Sham Condition","Stimulation Condition","No Stimulation Condition or Sham Condition",No,,Incomplete,"2026-06-12 13:56:32",Absent,,,Absent,,,Absent,,,Absent,,,Absent,,,Absent,,,Absent,,,Absent,,,Absent,,,Absent,,,Complete,"2026-06-12 13:55:54",Yes,2026-06-12,"Najah Bush",signature_2026-06-12_1355.png,1996-09-25,,"1707 W Norris St Philadelphia, PA 19121",najahbush@gmail.com,"Rebecca Reyes",15601607,Yes,14.92,"Lyft here",Complete,,,,,,,,,,,,,,Incomplete,,,,,,,,,,,,,Incomplete,,,,,,Incomplete,,,Incomplete
11193,,Yes,1218.989,Small,2026-01-20,1969-04-05,56.8,Kelly,Norton,Kelly,Female,,"(215) 954-4573",Legendarykelly48@gmail.com,Female,"Black or African American",,"Not Hispanic or Latino",,"2542 West Silver Street",Philadelphia,Pennsylvania,19132,1998-10-31,Philadelphia,Incomplete,"Doesn't want to participate in this specific study ","(215) 954-4573",Legendarykelly48@gmail.com,Kelly,"Does not need to be recontacted","Visit Reminder (4 days before)",2026-01-30,,2026-01-21,DS,,2026-01-23,PS,,2026-01-23,PS,,2026-01-23,AD,,,,,,,,,,,,,Complete,,,,No,No,"2026-02-03 12:00",Complete,,,,,,,,,,,,,Incomplete,,,,,,,,Incomplete,,,,,,,,,,,,,,,,,,,,,,,,,,,,,,Incomplete,,,,,,,,Incomplete,,,,,,,,,,,,,,,,,Incomplete,,,,,,,,,,,,,,,,,,,,,,Incomplete,,,,,,,,,,,,,,,,,,,,,,,,,,,,,,,,,,,,,,,,,,,,,,,,,,,,,,,,,,Incomplete,,,,,,,,,,,,,,,,,,,,,,,,,,,,,,,,Incomplete,,,,,,,,,,,,,,,Incomplete,,,,,,,,,,,,,,Incomplete,,,,,,,,,,,,,Incomplete,,,,,,Incomplete,,,Incomplete
11227,,Yes,1366.128,,2026-06-10,1994-04-26,32.12,Priscilla,Tran,,Female,,"(215) 715-8077",ptran426@gmail.com,Female,Asian,,"Not Hispanic or Latino",,"134 Plymouth Rd","Plymouth Meeting",PA,19462,,Cheltenham,Incomplete,"Won't have availability by July 10th so won't be able to participate","(215) 715-8077",ptran426@gmail.com,Priscilla,"Does not need to be recontacted","Schedule Visit",2026-06-24,,2026-06-16,RDR,,2026-06-16,RDR,,,,,,,,,,,,,,,,,,,Incomplete,"Send paper",,,,,,Incomplete,,,,,,,,,,,,,Incomplete,,,,,,,,Incomplete,,,,,,,,,,,,,,,,,,,,,,,,,,,,,,Incomplete,,,,,,,,Incomplete,,,,,,,,,,,,,,,,,Incomplete,,,,,,,,,,,,,,,,,,,,,,Incomplete,,,,,,,,,,,,,,,,,,,,,,,,,,,,,,,,,,,,,,,,,,,,,,,,,,,,,,,,,,Incomplete,,,,,,,,,,,,,,,,,,,,,,,,,,,,,,,,Incomplete,,,,,,,,,,,,,,,Incomplete,,,,,,,,,,,,,,Incomplete,,,,,,,,,,,,,Incomplete,,,,,,Incomplete,,,Incomplete
11286,,Yes,1484.433,Large,2026-03-03,2001-04-30,24.84,Lisa,Nguyen,"Lisa ",Female,,"(267) 584-9314",lisanguyen430@gmail.com,Female,Asian,,"Not Hispanic or Latino",,"1032 East Kerper Street",Philadelphia,Pennsylvania,19111,2024-02-17,Philadelphia,Incomplete,"Wants an email explaining more about the study","(267) 584-9314",lisanguyen430@gmail.com,Lisa,"Does not need to be recontacted",Payment,2026-03-16,,2026-03-12,PS,,2026-03-12,RG,,2026-03-12,PS,,2026-03-12,PS,,2026-03-12,PS,,2026-03-13,PS,,2026-03-17,RG,,2026-03-19,JW,Incomplete,"Send paper",,Yes,No,No,"2026-03-12 12:54",Complete,,Yes,Yes,Yes,Yes,Yes,signature_2026-03-16_1807.png,"Lisa Nguyen",2026-03-16,,"Puja Saha",2026-03-16,Complete,"2026-03-16 18:34:26",23:00,08:00,"Less than 15","Between 6 and 7 hours","Not during the past month","Very good",Complete,"2026-03-16 18:39:45",,,,,"Very much",,,,,,,,,,,,,,,,,"Very much","Very much","Very much","Very much","Very much","Very much",,Complete,"2026-03-16 18:43:04",$0.10,1h40,24,6,30,20,Complete,"2026-03-16 18:44:32","Sometimes true","Sometimes true","Often true","Sometimes true","Often true","Very often, or always true","Sometimes true","Rarely true","Sometimes true","Often true","Often true","Often true","Often true","Sometimes true","Often true",Complete,"2026-03-16 18:46:21","Neither Untrue nor True","Somewhat True","Somewhat Untrue","Somewhat Untrue","Somewhat True","Neither Untrue nor True","Very True","Very Untrue","Somewhat Untrue","Neither Untrue nor True","Very True","Very True","Somewhat Untrue","Neither Untrue nor True","Somewhat Untrue","Neither Untrue nor True","Somewhat Untrue","Neither Untrue nor True","Neither Untrue nor True","Somewhat True",Complete,,RSG,PMS,,2026-03-16,A,Small,3823,12256,8998,5877,,,,,,,,,,,,,,,,,,,,,,,,,,,,,,,,,,,,,"No Stimulation Condition or Sham Condition","Stimulation Condition","Stimulation Condition","Stimulation Condition","Stimulation Condition","No Stimulation Condition or Sham Condition","Stimulation Condition","Stimulation Condition",No,,Complete,,Absent,,,Absent,,,Absent,,,Absent,,,Absent,,,Absent,,,Absent,,,Absent,,,Absent,,,,,,Incomplete,"2026-03-16 20:07:05",Yes,2026-03-16,"Lisa Nguyen",signature_2026-03-16_2006.png,2001-04-30,,"1032 East Kerper, Philadelphia, PA 19111",lisanguyen430@gmail.com,"Ryan Gephart",05571797,Yes,15,"Public transportation here and back",Complete,,,2026-03-16,,,2001-04-30,,lisanguyen430@gmail.com,,,,,,Incomplete,,,,,,,,,,,,,Incomplete,,,,,,Incomplete,,,Incomplete
11301,,Yes,1412.051,Medium,2026-03-01,2002-06-18,23.7,Huanhuan,Wang,Huanhuan,Female,,"(724) 931-2442",huanhuan02@yahoo.com,Female,Asian,,"Not Hispanic or Latino",,"1428 Cecil B. Moore Fl 2",Philadelphia,Pennsylvania,19121,2024-02-27,Hermitage,Incomplete,"Moved from Philly, so can't participate in study anymore. (3/12, DS)","(724) 931-2442",huanhuan02@yahoo.com,Huanhuan,"Does not need to be recontacted","Schedule Phone Screener",2026-03-20,,,,,,,,,,,,,,,,,,,,,,,,,Incomplete,,,,,,,Incomplete,,,,,,,,,,,,,Incomplete,,,,,,,,Incomplete,,,,,,,,,,,,,,,,,,,,,,,,,,,,,,Incomplete,,,,,,,,Incomplete,,,,,,,,,,,,,,,,,Incomplete,,,,,,,,,,,,,,,,,,,,,,Incomplete,,,,,,,,,,,,,,,,,,,,,,,,,,,,,,,,,,,,,,,,,,,,,,,,,,,,,,,,,,Incomplete,,,,,,,,,,,,,,,,,,,,,,,,,,,,,,,,Incomplete,,,,,,,,,,,,,,,Incomplete,,,,,,,,,,,,,,Incomplete,,,,,,,,,,,,,Incomplete,,,,,,Incomplete,,,Incomplete
11311,,Yes,1453.725,,2026-02-20,2002-12-07,23.21,Samantha,Griffith,Samantha,Female,,"(732) 789-5598",samanthamg.1272@gmail.com,Female,"Black or African American",,"Not Hispanic or Latino",,"3200 Chestnut Street",Philadelphia,Pennsylvania,19104,2022-09-09,"Kendall Park",Complete," -can't commute to Temple anymore","(732) 789-5598",samanthamg.1272@gmail.com,Samantha,"Does not need to be recontacted","Schedule Phone Screener",2026-03-09,,2026-03-02,AD,,,,,,,,,,,,,,,,,,,,,,Incomplete,,,,,,,Incomplete,,,,,,,,,,,,,Incomplete,,,,,,,,Incomplete,,,,,,,,,,,,,,,,,,,,,,,,,,,,,,Incomplete,,,,,,,,Incomplete,,,,,,,,,,,,,,,,,Incomplete,,,,,,,,,,,,,,,,,,,,,,Incomplete,,,,,,,,,,,,,,,,,,,,,,,,,,,,,,,,,,,,,,,,,,,,,,,,,,,,,,,,,,Incomplete,,,,,,,,,,,,,,,,,,,,,,,,,,,,,,,,Incomplete,,,,,,,,,,,,,,,Incomplete,,,,,,,,,,,,,,Incomplete,,,,,,,,,,,,,Incomplete,,,,,,Incomplete,,,Incomplete
11312,,Yes,1507.799,Large,2026-03-01,2002-07-31,23.58,amani,osibogun,blue,Non-Binary,,"(347) 393-3296",blue.osibogun02@gmail.com,Female,"Black or African American",,"Not Hispanic or Latino",,"1819 cecil b moore ave","philadelphia ",pa,19121,2022-08-06,"far rockaway",Incomplete,"hasnt answered follow-up from 2/24. Maybe needs cold-call?    -try cold call if no response by 3/31","(347) 393-3296",blue.osibogun02@gmail.com,amani,"Does not need to be recontacted","Schedule Phone Screener",2026-04-06,,2026-02-20,MW,,,,,,,,,,,,,,,,,,,,,,Incomplete,,,,,,,Incomplete,,,,,,,,,,,,,Incomplete,,,,,,,,Incomplete,,,,,,,,,,,,,,,,,,,,,,,,,,,,,,Incomplete,,,,,,,,Incomplete,,,,,,,,,,,,,,,,,Incomplete,,,,,,,,,,,,,,,,,,,,,,Incomplete,,,,,,,,,,,,,,,,,,,,,,,,,,,,,,,,,,,,,,,,,,,,,,,,,,,,,,,,,,Incomplete,,,,,,,,,,,,,,,,,,,,,,,,,,,,,,,,Incomplete,,,,,,,,,,,,,,,Incomplete,,,,,,,,,,,,,,Incomplete,,,,,,,,,,,,,Incomplete,,,,,,Incomplete,,,Incomplete
11316,,Yes,1570.276,,2026-06-10,1983-05-01,43.11,"Michael ","Ostermayer ","Michael ",Male,,"(717) 333-9951",michaelmayers05@yahoo.com,Male,"Two or more races, or race not described (other)",,"Hispanic or Latino",,"135 oak manor dr",York,PA,17402,2023-07-01,Lancaster,Incomplete,,"(717) 333-9951",michaelmayers05@yahoo.com,"Michael ","Does not need to be recontacted",Payment,2026-06-26,,2026-06-16,JS,,2026-06-16,RDR,,2026-06-16,RDR,,2026-06-16,RDR,,2026-06-22,KMR,,2026-06-24,RG,,2026-06-25,RG,,2026-06-25,RG,Incomplete,,,Yes,No,No,"2026-06-25 13:30",Complete,"2026-06-25 13:36:42",Yes,Yes,Yes,Yes,Yes,signature_2026-06-25_1335.png,"Michael Ostermayer",2026-06-25,signature_2026-06-25_1336.png,"Jenelle Scholl",2026-06-25,Complete,"2026-06-25 13:54:03",23:30,07:00,"More than 60 minutes","Less than 7 hours","Three or more times a week","Fairly good",Complete,"2026-06-25 14:00:45","Not much at all","Not much at all",,,,,,,,"Not much at all",,,,,,,,,,,,,,,,,,,Complete,"2026-06-25 14:05:56",$.10,"5 minutes","24 days",3,15,20,Complete,"2026-06-25 14:07:44","Often true","Often true","Rarely true","Rarely true","Often true","Sometimes true","Rarely true","Rarely true","Never, or very rarely true","Often true","Often true","Often true","Rarely true","Rarely true","Sometimes true",Complete,"2026-06-25 14:09:59","Somewhat Untrue","Very Untrue","Somewhat Untrue","Somewhat Untrue","Very Untrue","Very Untrue","Somewhat Untrue","Very Untrue","Somewhat True","Somewhat Untrue","Somewhat Untrue","Neither Untrue nor True","Very Untrue","Very Untrue","Somewhat Untrue","Neither Untrue nor True","Very Untrue","Somewhat Untrue","Very Untrue","Very Untrue",Complete,"Task crashed half way through run 4, GitHub says run 5 was run twice. The correct version should be 22KB in size (as opposed to the 18KB version)",JMS,RDR,,2026-06-25,B,Large,2320,8246,15328,6279,13766,5687,10198,12715,,,,,,,,,,,,,,,,,,,,,,,,,,,,,,,,,,,,,,,,,,,Incomplete,"2026-06-25 15:33:41",Mild,"None (not related)",,Absent,,,Absent,,,Absent,,,Absent,,,Absent,,,Moderate,Possible,,Mild,Possible,,Absent,,,Absent,,,Complete,"2026-06-25 15:36:38",Yes,2026-06-25,"Michael ostermayer",signature_2026-06-25_1536.png,1983-05-01,,"135 oak manor dr York pa 17402",michaelmayers05@yahoo.com,"Jenelle Scholl",55575300,Yes,15,Parking,Complete,,,,,,,,,,,,,,Incomplete,,,,,,,,,,,,,Incomplete,,,,,,Incomplete,,,Incomplete
11318,,Yes,1428.137,,2026-02-17,2003-08-07,22.53,Andrea,Forry,Andrea,Female,,"(717) 318-7530",andyf8747@gmail.com,Female,White,,"Hispanic or Latino",,"72 Tonden Dr",York,PA,17402,2016-09-10,York,Complete,,"(717) 318-7530",andyf8747@gmail.com,Andrea,"Does not need to be recontacted",Payment,2026-03-13,,2026-02-19,RG,,2026-02-24,PS,,2026-02-25,PS,,2026-02-25,PS,,2026-03-10,MW,,2026-03-12,PS,,2026-03-13,PS,,2026-03-19,JW,Complete,,,Yes,No,No,"2026-02-25 10:39",Complete,"2026-03-12 10:11:32",Yes,Yes,Yes,Yes,Yes,signature_2026-03-12_1010.png,"Andrea Forry",2026-03-12,signature_2026-03-12_1011.png,"Abraham Dachd",2026-03-12,Complete,"2026-03-12 10:14:40",23:00,07:00,"Less than 15","Less than 7 hours","Less than once a week","Fairly good",Complete,"2026-03-12 10:23:28",,,,,,"Very much","Very much",,,"Very much",,,,,,,"Very much","Very much","Very much","Very much","Very much","Very much","Very much",,,"Very much","Very much","Very much",Complete,"2026-03-12 10:25:52",.10,"100 mins","24 days","6 elves",30,20,Complete,"2026-03-12 10:27:26","Very often, or always true","Often true","Sometimes true","Never, or very rarely true","Sometimes true","Often true","Rarely true","Sometimes true","Never, or very rarely true","Sometimes true","Very often, or always true","Sometimes true","Sometimes true","Never, or very rarely true","Sometimes true",Complete,"2026-03-12 10:29:11","Somewhat True","Neither Untrue nor True","Neither Untrue nor True","Somewhat True","Somewhat Untrue","Very Untrue","Somewhat True","Very Untrue","Somewhat True","Somewhat Untrue","Very Untrue","Somewhat Untrue","Very Untrue","Very Untrue","Very Untrue","Neither Untrue nor True","Somewhat Untrue","Very Untrue","Somewhat Untrue","Very Untrue",Complete,"Impedance for Fp1 and FCz would not go below ",RSG,AD,,2026-03-12,B,Medium,41463,15437,21995,13038,,,,,17951,11394,17124,7992,,,,,7694,11163,11719,3827,,,,,,,,,,,,,,,,,,,,,"No Stimulation Condition or Sham Condition","No Stimulation Condition or Sham Condition","Stimulation Condition","Stimulation Condition","Stimulation Condition","No Stimulation Condition or Sham Condition","No Stimulation Condition or Sham Condition","Stimulation Condition",No,,Complete,,Absent,,,Absent,,,Absent,,,Absent,,,Absent,,,Absent,,,Moderate,Remote,,Mild,Remote,,Absent,,,Absent,,,Incomplete,"2026-03-12 12:49:03",Yes,2026-03-12,"Andrea Forry",signature_2026-03-12_1247.png,2003-08-07,,"2725 Jeffrey ln York Pa 17402",andyf8747@gmail.com,"Ryan Gephart",55597047,Yes,30,"Parking for 3-4 hours",Complete,,,,,,,,,,,,,,Incomplete,,,,,,,,,,,,,Incomplete,,,,,,Incomplete,,,Incomplete
11321,,Yes,1428.943,Medium,2026-03-01,2002-01-27,24.09,Kayla,Johnson,,Female,,"(215) 518-5085",k.imani.j.786@gmail.com,Female,"Black or African American",,"Not Hispanic or Latino",,"7514 Woodcrest Ave",Philadelphia,Pennsylvania,19151,2002-01-27,Philadelphia,Incomplete,"No longer in the area and cannot participate, set to do not contact (3/17, RG)","(215) 518-5085",k.imani.j.786@gmail.com,Kayla,"Does not need to be recontacted","Schedule Phone Screener",2026-03-19,,2026-03-17,RG,,,,,,,,,,,,,,,,,,,,,,Incomplete,,,,,,,Incomplete,,,,,,,,,,,,,Incomplete,,,,,,,,Incomplete,,,,,,,,,,,,,,,,,,,,,,,,,,,,,,Incomplete,,,,,,,,Incomplete,,,,,,,,,,,,,,,,,Incomplete,,,,,,,,,,,,,,,,,,,,,,Incomplete,,,,,,,,,,,,,,,,,,,,,,,,,,,,,,,,,,,,,,,,,,,,,,,,,,,,,,,,,,Incomplete,,,,,,,,,,,,,,,,,,,,,,,,,,,,,,,,Incomplete,,,,,,,,,,,,,,,Incomplete,,,,,,,,,,,,,,Incomplete,,,,,,,,,,,,,Incomplete,,,,,,Incomplete,,,Incomplete
11326,,Yes,1355.578,,2026-05-22,1999-09-28,26.65,Gautam,"Moo ",,Male,,"(267) 257-9816",tus88486@temple.edu,Male,Asian,,"Ethnicity not described (Other)",,"1821N 17th Street ","Philadelphia ","Pennsylvania ",19122,2024-08-01,N/A,Incomplete,,"(267) 257-9816",tus88486@temple.edu,Gautam,"Does not need to be recontacted",Payment,2026-06-15,,2026-05-27,RDR,,2026-05-28,RG,,2026-05-28,RG,,2026-05-28,RG,,2026-06-09,RG,,2026-06-11,JS,,2026-06-12,RG,,2026-06-12,RG,Incomplete,,,Yes,No,No,"2026-06-12 09:00",Complete,,Yes,Yes,Yes,Yes,Yes,signature_2026-06-12_0908.png,"Gautam Moon",2026-06-12,signature_2026-06-12_0909.png,"Katie Rodman",2026-06-12,Complete,"2026-06-12 09:33:35",22:30,06:35,"Less than 15","More than 7 hours","Less than once a week","Fairly good",Complete,"2026-06-12 09:40:19",,,"Not much at all",,,,,,"Not much at all",,,,"Not much at all","Not much at all",,,,"Very much",,,,"Very much","Very much",,,,,,Complete,"2026-06-12 09:43:44",0.10,100,24,3,30,15,Complete,"2026-06-12 09:45:21","Often true","Rarely true","Rarely true","Often true","Often true","Often true","Sometimes true","Never, or very rarely true","Sometimes true","Sometimes true","Very often, or always true","Sometimes true","Rarely true","Rarely true","Sometimes true",Complete,"2026-06-12 09:46:57","Somewhat Untrue","Neither Untrue nor True","Very Untrue","Somewhat True","Somewhat True","Somewhat Untrue","Somewhat Untrue","Somewhat Untrue","Somewhat True","Somewhat Untrue","Somewhat True","Very True","Neither Untrue nor True","Somewhat Untrue","Very Untrue","Somewhat True","Somewhat Untrue","Somewhat Untrue","Somewhat Untrue","Neither Untrue nor True",Complete,"Had to add more gel and rerun the impedance check for F4 and P3.   F3: 656   FP1: 3259   FCz:1624  FT7: 5268  F4: 5127  P4: 6650  P3: 10389",,,,2026-06-12,A,Medium,2364,3619,2998,5886,14358,8497,14545,,655,3449,1636,5298,11831,6937,11884,,,,,,,,,,,,,,,,,,,,,,,,,,"Stimulation Condition","No Stimulation Condition or Sham Condition","No Stimulation Condition or Sham Condition","Stimulation Condition","Stimulation Condition","No Stimulation Condition or Sham Condition",,,No,,Incomplete,"2026-06-12 11:10:50",Moderate,Possible,,Absent,,,Mild,Remote,,Absent,,,Mild,Possible,,Absent,,,Mild,Possible,,Mild,Possible,,Absent,,,Absent,,,Complete,"2026-06-12 11:12:18",Yes,2026-06-12,"Gautam Moon",signature_2026-06-12_1111.png,1999-09-28,,"1821 N 17th Street, Philadelphia,PA",tus88486@temple.edu,"Jenelle Scholl",45563159,No,,,Complete,,,,,,,,,,,,,,Incomplete,,,,,,,,,,,,,Incomplete,,,,,,Incomplete,,,Incomplete
11329,,Yes,1751.645,"Extra Large",2026-03-04,2001-03-13,24.98,Nicholas,Welicky,Nicholas,Male,,"(316) 299-8567",nickwelicky@hotmail.com,Male,White,,"Not Hispanic or Latino",,"1901 N 7th St","Philadelphia ","Pennsylvania ",19122,2024-08-01,Kansas,Incomplete,,"(316) 299-8567",nickwelicky@hotmail.com,Nicholas,"Does not need to be recontacted",Payment,2026-03-17,,2026-03-10,MW,,2026-03-10,MW,,2026-03-11,PS,,2026-03-11,PS,,2026-03-13,PS,,2026-03-16,PS,,2026-03-17,JW,,2026-03-19,JW,Complete,,,Yes,No,No,"2026-03-17 09:37",Complete,,Yes,Yes,Yes,Yes,Yes,signature_2026-03-17_1416.png,"Nicholas James Welicky",2026-03-17,signature_2026-03-17_1417.png,"James Wyngaarden",2026-03-17,Complete,"2026-03-17 14:39:23",23:30,07:30,"Less than 15","More than 7 hours","Less than once a week","Very good",Complete,"2026-03-17 14:46:56",,,"Not much at all","Not much at all","Not much at all",,,,,,,,,"Not much at all",,,,,,,,,,,"Very much","Very much",,,Complete,"2026-03-17 14:50:36",$0.05,"5 minutes",47,3,29,15,Complete,"2026-03-17 14:52:27","Sometimes true","Often true","Rarely true","Sometimes true","Sometimes true","Often true","Rarely true","Rarely true","Sometimes true","Sometimes true","Often true","Very often, or always true","Rarely true","Sometimes true","Sometimes true",Complete,"2026-03-17 14:54:32","Neither Untrue nor True","Somewhat True","Very Untrue","Neither Untrue nor True","Somewhat True","Very Untrue","Neither Untrue nor True","Very Untrue","Very True","Somewhat Untrue","Somewhat True","Neither Untrue nor True","Neither Untrue nor True","Somewhat Untrue","Somewhat True","Somewhat Untrue","Somewhat True","Somewhat Untrue","Somewhat True","Neither Untrue nor True",Complete,,JBW,DDS,,2026-03-17,B,Large,808,7491,10851,2382,,,,,1681,1786,3193,3412,,,,,,,,,,,,,,,,,,,,,,,,,,,,,"No Stimulation Condition or Sham Condition","Stimulation Condition","Stimulation Condition","Stimulation Condition","No Stimulation Condition or Sham Condition","Stimulation Condition","Stimulation Condition",,Yes,,Complete,,Absent,,,Absent,,,Absent,,,Absent,,,Absent,,,Absent,,,Mild,Possible,,Mild,Possible,,Absent,,,Absent,,,Incomplete,"2026-03-17 16:08:34",Yes,2026-03-17,"Nicholas Welicky",signature_2026-03-17_1607.png,2001-03-13,,"1901 N 7th St, Philadelphia, PA 19122",nickwelicky@hotmail.com,JW,05570811,No,,,Complete,,,,,,,,,,,,,,Incomplete,,,,,,,,,,,,,Incomplete,,,,,,Incomplete,,,Incomplete
11330,,Yes,1521.435,,2026-06-10,1997-12-05,28.51,ari,"Trey-Masters ",,Male,,"(267) 229-1006",atm4tm@gmail.com,Male,White,,"Not Hispanic or Latino",,"1412 n 29th st","Philadelphia ",pa,19121,2024-07-02,"Philadelphia ",Incomplete,,"(267) 229-1006",atm4tm@gmail.com,ari,"Does not need to be recontacted",Payment,2026-07-09,,2026-06-16,RDR,,2026-06-16,RDR,,2026-06-16,RDR,,2026-06-25,JS,,2026-07-07,JS,,2026-07-08,RG,,2026-07-09,RG,,2026-07-09,RG,Incomplete,,,Yes,No,No,"2026-07-09 13:00",Complete,"2026-07-09 13:00:13",Yes,Yes,Yes,Yes,Yes,signature_2026-07-09_1259.png,"Ari Trey-Masters",2026-07-09,signature_2026-07-09_1300.png,"Abraham Dachs",2026-07-09,Complete,"2026-07-09 13:20:57",00:15,08:20,"15 to 30 minutes","Between 6 and 7 hours","Less than once a week","Very good",Complete,"2026-07-09 13:25:20",,,,,,,,,,,,,,,,,,,,,,,,,,,,,Complete,"2026-07-09 13:29:10",0.05,"5 minutes",47,3,29,15,Complete,"2026-07-09 13:30:11","Often true","Often true","Often true","Sometimes true","Often true","Sometimes true","Rarely true","Sometimes true","Never, or very rarely true","Often true","Often true","Often true","Sometimes true","Never, or very rarely true","Often true",Complete,"2026-07-09 13:31:33","Somewhat Untrue","Somewhat True","Neither Untrue nor True","Somewhat Untrue","Somewhat Untrue","Very Untrue","Somewhat Untrue","Very Untrue","Neither Untrue nor True","Neither Untrue nor True","Somewhat True","Very Untrue","Very Untrue","Somewhat True","Somewhat Untrue","Somewhat Untrue","Somewhat True","Somewhat Untrue","Somewhat Untrue","Somewhat True",Complete,,RDR,AD,,2026-07-09,B,Large,3441,8021,13969,5939,7592,521,9805,11571,2131,6371,6973,5055,4549,675,8182,8935,,,,,,,,,,,,,,,,,,,,,,,,,,,,,,,,,,,Incomplete,"2026-07-09 14:41:41",Absent,,,Absent,,,Absent,,,Absent,,,Absent,,,Absent,,,Absent,,,Absent,,,Absent,,,Absent,,,Complete,"2026-07-09 14:43:25",Yes,2026-07-09,"Ari Trey-Masters",signature_2026-07-09_1442.png,1997-12-05,05-DEC-1997,"2222 green st philadelphia pa 19130",atm4tm@gmail.com,"Abraham Dachs",55542495,Yes,30,"Lyft  20 here  10 back",Complete,,,,,,,,,,,,,,Incomplete,,,,,,,,,,,,,Incomplete,,,,,,Incomplete,,,Incomplete
11338,,Yes,1602.73,"Extra Large",2026-02-17,2003-04-08,22.86,Kaival,Patel,Kaival,Male,,"(856) 325-0218",tuo50682@temple.edu,Male,Asian,,"Ethnicity not described (Other)",,"1520 Cecil B Moore",Philadelphia,"Pennsylvania ",19121,2024-08-23,Voorhees,Complete,,"(856) 325-0218",tuo50682@temple.edu,Kaival,"Does not need to be recontacted","Schedule Visit",2026-04-06,,2026-02-19,RG,,2026-02-20,PS,,2026-02-20,PS,,,,,,,,,,,,,,,,Complete,,,Yes,No,No,,Complete,,,,,,,,,,,,,Incomplete,,,,,,,,Incomplete,,,,,,,,,,,,,,,,,,,,,,,,,,,,,,Incomplete,,,,,,,,Incomplete,,,,,,,,,,,,,,,,,Incomplete,,,,,,,,,,,,,,,,,,,,,,Incomplete,,,,,,,,,,,,,,,,,,,,,,,,,,,,,,,,,,,,,,,,,,,,,,,,,,,,,,,,,,Incomplete,,,,,,,,,,,,,,,,,,,,,,,,,,,,,,,,Incomplete,,,,,,,,,,,,,,,Incomplete,,,,,,,,,,,,,,Incomplete,,,,,,,,,,,,,Incomplete,,,,,,Incomplete,,,Incomplete
11343,,Yes,1301.767,,2026-06-18,1992-05-11,34.1,Maxelle,Neufville,Maxelle,Female,,"(914) 843-2316",maneufville@gmail.com,Female,"Black or African American",,"Not Hispanic or Latino",,"6118 Magnolia Street",Philadelphia,PA,19144,2022-02-19,Pelham,Incomplete,"moved out of state (6/24, RG)","(914) 843-2316",maneufville@gmail.com,Maxelle,"Does not need to be recontacted","Schedule Phone Screener",2026-06-29,,2026-06-22,KMR,,,,,,,,,,,,,,,,,,,,,,Incomplete,,,,,,,Incomplete,,,,,,,,,,,,,Incomplete,,,,,,,,Incomplete,,,,,,,,,,,,,,,,,,,,,,,,,,,,,,Incomplete,,,,,,,,Incomplete,,,,,,,,,,,,,,,,,Incomplete,,,,,,,,,,,,,,,,,,,,,,Incomplete,,,,,,,,,,,,,,,,,,,,,,,,,,,,,,,,,,,,,,,,,,,,,,,,,,,,,,,,,,Incomplete,,,,,,,,,,,,,,,,,,,,,,,,,,,,,,,,Incomplete,,,,,,,,,,,,,,,Incomplete,,,,,,,,,,,,,,Incomplete,,,,,,,,,,,,,Incomplete,,,,,,Incomplete,,,Incomplete
11348,,Yes,1393.484,,2026-05-22,1989-08-14,36.77,"Katherine ",Peslak,Keith,Male,,"(732) 664-4196",Kpeslak@ymail.com,Female,White,,"Not Hispanic or Latino",,"1606 s 16th st","Philadelphia ",PA,19145,2024-08-29,"Beachwood ",Incomplete,"wants to look over safety review before deciding to participate; will need phone screener completed if interested (5/28, RG)  ","(732) 664-4196",Kpeslak@ymail.com,"Katherine ","Does not need to be recontacted","Schedule Phone Screener",2026-06-08,,2026-05-28,RG,,,,,,,,,,,,,,,,,,,,,,Incomplete,"Send paper",,,,,,Incomplete,,,,,,,,,,,,,Incomplete,,,,,,,,Incomplete,,,,,,,,,,,,,,,,,,,,,,,,,,,,,,Incomplete,,,,,,,,Incomplete,,,,,,,,,,,,,,,,,Incomplete,,,,,,,,,,,,,,,,,,,,,,Incomplete,,,,,,,,,,,,,,,,,,,,,,,,,,,,,,,,,,,,,,,,,,,,,,,,,,,,,,,,,,Incomplete,,,,,,,,,,,,,,,,,,,,,,,,,,,,,,,,Incomplete,,,,,,,,,,,,,,,Incomplete,,,,,,,,,,,,,,Incomplete,,,,,,,,,,,,,Incomplete,,,,,,Incomplete,,,Incomplete
11374,,Yes,1416.598,,2026-05-22,1951-10-19,74.59,"Glenn ","Williams ","Glenn ",Male,,"(215) 800-5228",glennwilliams384@yahoo.com,Male,"Black or African American",,"Not Hispanic or Latino",,"6101 Morris st.","Philadelphia ",PA.,19144,2013-09-10,"Philadelphia. ",Incomplete,,"(215) 800-5228",glennwilliams384@yahoo.com,"Glenn ","Does not need to be recontacted","Schedule Phone Screener",2026-06-23,,2026-05-28,RG,,,,,,,,,,,,,,,,,,,,,,Incomplete,,,,,,,Incomplete,,,,,,,,,,,,,Incomplete,,,,,,,,Incomplete,,,,,,,,,,,,,,,,,,,,,,,,,,,,,,Incomplete,,,,,,,,Incomplete,,,,,,,,,,,,,,,,,Incomplete,,,,,,,,,,,,,,,,,,,,,,Incomplete,,,,,,,,,,,,,,,,,,,,,,,,,,,,,,,,,,,,,,,,,,,,,,,,,,,,,,,,,,Incomplete,,,,,,,,,,,,,,,,,,,,,,,,,,,,,,,,Incomplete,,,,,,,,,,,,,,,Incomplete,,,,,,,,,,,,,,Incomplete,,,,,,,,,,,,,Incomplete,,,,,,Incomplete,,,Incomplete
11410,,Yes,1350.956,,2026-05-22,1979-08-26,46.74,Atkins,"Atkins ","Jamarr ",Male,,"(215) 298-3067",Jamarratkins6803@gmail.com,Male,"Black or African American",,"Not Hispanic or Latino",,"8260 leon ","Philadelphia ",Pa,19136,2019-06-09,"Philadelphia ",Incomplete,,"(215) 298-3067",Jamarratkins6803@gmail.com,Atkins,"Does not need to be recontacted","Schedule Phone Screener",2026-07-10,,2026-05-28,RG,,,,,,,,,,,,,,,,,,,,,,Incomplete,,,,,,,Incomplete,,,,,,,,,,,,,Incomplete,,,,,,,,Incomplete,,,,,,,,,,,,,,,,,,,,,,,,,,,,,,Incomplete,,,,,,,,Incomplete,,,,,,,,,,,,,,,,,Incomplete,,,,,,,,,,,,,,,,,,,,,,Incomplete,,,,,,,,,,,,,,,,,,,,,,,,,,,,,,,,,,,,,,,,,,,,,,,,,,,,,,,,,,Incomplete,,,,,,,,,,,,,,,,,,,,,,,,,,,,,,,,Incomplete,,,,,,,,,,,,,,,Incomplete,,,,,,,,,,,,,,Incomplete,,,,,,,,,,,,,Incomplete,,,,,,Incomplete,,,Incomplete
11416,,Yes,1358.581,,2026-06-10,1982-08-08,43.84,"faraasat ","Muhammad ","faraasat ",Female,,"(267) 886-5066",tub08794@gmail.com,Female,"Black or African American",,"Not Hispanic or Latino",,"5007 Tacoma street ","Philadelphia ",pa,19144,2015-10-18,"Philadelphia ",Incomplete,"Does not want to participate bc of sensitive skin (6/17, DS)","(267) 886-5066",tub08794@gmail.com,"faraasat ","Does not need to be recontacted","Schedule Phone Screener",2026-06-19,,2026-06-16,RDR,,,,,,,,,,,,,,,,,,,,,,Incomplete,,,,,,,Incomplete,,,,,,,,,,,,,Incomplete,,,,,,,,Incomplete,,,,,,,,,,,,,,,,,,,,,,,,,,,,,,Incomplete,,,,,,,,Incomplete,,,,,,,,,,,,,,,,,Incomplete,,,,,,,,,,,,,,,,,,,,,,Incomplete,,,,,,,,,,,,,,,,,,,,,,,,,,,,,,,,,,,,,,,,,,,,,,,,,,,,,,,,,,Incomplete,,,,,,,,,,,,,,,,,,,,,,,,,,,,,,,,Incomplete,,,,,,,,,,,,,,,Incomplete,,,,,,,,,,,,,,Incomplete,,,,,,,,,,,,,Incomplete,,,,,,Incomplete,,,Incomplete
11433,,Yes,1467.415,,2026-06-10,1990-10-27,35.62,James,Rapine,James,Male,,"(610) 506-4594",jim.506@pm.me,Male,White,,"Not Hispanic or Latino",,"716 Beech Ct",Bridgeport,PA,19405,2016-12-15,"King of Prussia",Incomplete," -didn't pick up for phone screener","(610) 506-4594",jim.506@pm.me,James,"Does not need to be recontacted",Payment,2026-07-02,,2026-06-11,JS,,2026-06-16,RDR,,2026-06-16,RDR,,2026-06-16,RDR,,2026-06-26,RG,,2026-06-30,JS,,2026-07-01,RG,,2026-07-01,RG,Complete,,,Yes,No,No,"2026-07-01 10:00",Complete,"2026-07-01 10:36:31",Yes,Yes,Yes,Yes,Yes,signature_2026-07-01_1035.png,"James Rapine Jr.",2026-07-01,signature_2026-07-01_1036.png,"Abraham Dachs",2026-07-01,Complete,"2026-07-01 10:49:16",01:00,10:30,"30 to 60 minutes","Less than 7 hours","Less than once a week","Fairly good",Complete,"2026-07-01 10:54:11",,,,,,,,,"Not much at all",,,,,"Not much at all",,,,,"Very much",,,,,,,"Very much",,,Complete,"2026-07-01 10:55:56",.10,"5 minutes",24,three,30,10,Complete,"2026-07-01 10:56:59","Often true","Sometimes true","Rarely true","Sometimes true","Sometimes true","Very often, or always true","Rarely true","Sometimes true","Sometimes true","Very often, or always true","Often true","Often true","Sometimes true","Sometimes true","Often true",Complete,"2026-07-01 10:58:33","Somewhat Untrue","Neither Untrue nor True","Neither Untrue nor True","Somewhat True","Somewhat True","Somewhat Untrue","Somewhat True","Somewhat True","Very True","Neither Untrue nor True","Somewhat True","Neither Untrue nor True","Neither Untrue nor True","Somewhat Untrue","Very Untrue","Neither Untrue nor True","Somewhat True","Very True","Somewhat True","Somewhat True",Complete,,RSG,AD,,2026-07-01,A,Medium,613,8944,9021,751,9000,2313,5828,7575,1326,7081,5969,800,5722,2516,4503,5189,,,,,,,,,,,,,,,,,,,,,,,,,"No Stimulation Condition or Sham Condition","No Stimulation Condition or Sham Condition","Stimulation Condition","Stimulation Condition","No Stimulation Condition or Sham Condition","No Stimulation Condition or Sham Condition","Stimulation Condition","Stimulation Condition",No,,Complete,"2026-07-01 12:10:02",Absent,,,Absent,,,Mild,"None (not related)",,Absent,,,Mild,Probable,,Absent,,,Mild,Remote,,Mild,Remote,,Absent,,,Absent,,,Complete,"2026-07-01 12:12:32",Yes,2026-07-01,"James Rapine Jr",signature_2026-07-01_1211.png,2026-07-01,,"716 Beech Ct, Bridgeport, PA 19405",jim.506@pm.me,"Ryan Gephart",05578754,Yes,24,"12 SEPTA regional rail here and back",Complete,,,,,,,,,,,,,,Incomplete,,,,,,,,,,,,,Incomplete,,,,,,Incomplete,,,Incomplete
11439,,Yes,1538.283,,2026-06-09,1961-08-03,64.85,"Jeff ","Bullard ","Jeff ",Male,,"(267) 670-5587",phillybrarian@gmail.com,Male,White,,"Not Hispanic or Latino",,"6139 W Oxford St","Philadelphia ",PA,19151,2016-08-15,Oswego,Incomplete,,"(267) 670-5587",phillybrarian@gmail.com,"Jeff ","Does not need to be recontacted",Payment,2026-07-08,,2026-06-11,RDR,,2026-06-11,RDR,,2026-06-11,RDR,,2026-06-11,RDR,,2026-07-03,RG,,,,,2026-07-07,RDR,,2026-07-08,RG,Incomplete,,,Yes,No,No,"2026-07-07 10:00",Complete,"2026-07-07 10:06:38",Yes,Yes,Yes,Yes,Yes,signature_2026-07-07_1005.png,"Jeff Bullard",2026-07-07,signature_2026-07-07_1006.png,"Rebecca Reyes",2026-07-07,Complete,"2026-07-07 10:30:33",23:00,09:00,"Less than 15","More than 7 hours","Less than once a week","Very good",Complete,"2026-07-07 10:39:34",,,,,"Not much at all",,,,"Not much at all",,,,"Not much at all",,,"Very much","Very much","Very much",,,,"Very much",,,"Very much",,,,Complete,"2026-07-07 10:43:14",.10,"5 minutes",47,3,15,20,Complete,"2026-07-07 10:45:57","Very often, or always true","Sometimes true","Sometimes true","Rarely true","Often true","Very often, or always true","Sometimes true","Rarely true","Rarely true","Rarely true","Very often, or always true","Sometimes true","Sometimes true","Sometimes true","Sometimes true",Complete,"2026-07-07 10:48:59","Somewhat Untrue","Very Untrue","Somewhat True","Very Untrue","Somewhat True","Very Untrue","Very Untrue","Very Untrue","Somewhat True","Somewhat Untrue","Somewhat True","Very Untrue","Very Untrue","Very Untrue","Somewhat Untrue","Very Untrue","Somewhat Untrue","Somewhat True","Very Untrue","Very Untrue",Complete,,RDR,DS,CK,2026-07-07,A,Large,2538,7839,9873,1285,9764,2204,10790,13578,,,,,,,,,,,,,,,,,,,,,,,,,,,,,,,,,,,,,,,,,,,Incomplete,"2026-07-07 12:02:29",Absent,,,Absent,,,Absent,,,Absent,,,Mild,Definite,,Absent,,,Mild,Probable,,Absent,,,Absent,,,Absent,,,Complete,,,,,,,,,,,,,,,Incomplete,"2026-07-07 12:04:15",Yes,2026-07-07,"Jeff Bullard",signature_2026-07-07_1203.png,1961-08-03,"6139 W Oxford Street, Philadelphia, PA 19151",phillybrarian@gmail.com,"Rebecca Reyes",35583253,No,,,Complete,,,,,,,,,,,,,Incomplete,,,,,,Incomplete,,,Incomplete
11440,,Yes,1436.78,,2026-05-22,1961-07-29,64.81,Joseph,Dennis,Joseph,Male,,"(267) 853-4042",joseph.dennis729@yahoo.com,Male,"Black or African American",,"Not Hispanic or Latino",,"1216 E.Chelten Avenue ","Philadelphia ","Pennsylvania ",19138,1977-10-27,"Philadelphia ",Incomplete,,"(267) 853-4042",joseph.dennis729@yahoo.com,Joseph,"Does not need to be recontacted",Payment,2026-06-07,,2026-05-28,RG,,2026-06-02,AD,,2026-06-02,AD,,2026-06-02,AD,,2026-06-04,JS,,,,,2026-06-09,RG,,2026-06-09,RG,Incomplete,,,Yes,No,No,"2026-06-08 13:00",Complete,"2026-06-08 13:11:12",Yes,Yes,Yes,Yes,Yes,signature_2026-06-08_1308.png,"Joseph LDennis",2026-05-08,signature_2026-06-08_1310.png,"Joseph LDennis",2026-05-08,Complete,"2026-06-08 13:36:52",23:00,08:05,"15 to 30 minutes","More than 7 hours","Not during the past month","Fairly good",Complete,"2026-06-08 13:46:30","Not much at all","Very much","Very much",,,"Very much",,,"Very much",,"Very much",,,,"Very much","Very much","Very much","Very much","Very much","Very much",,,"Very much",,"Very much","Very much",,,Complete,"2026-06-08 13:52:49","95 cent",100,24,6,1,30,Complete,"2026-06-08 13:55:34","Often true","Often true","Never, or very rarely true","Rarely true","Sometimes true","Never, or very rarely true","Never, or very rarely true","Never, or very rarely true","Rarely true","Often true","Often true","Very often, or always true","Never, or very rarely true","Rarely true","Often true",Complete,"2026-06-08 13:59:49","Somewhat True","Very Untrue","Very Untrue","Neither Untrue nor True","Somewhat Untrue","Neither Untrue nor True","Somewhat Untrue","Very Untrue","Somewhat True","Somewhat True","Somewhat Untrue","Somewhat True","Somewhat True","Somewhat True","Somewhat Untrue","Somewhat Untrue","Very Untrue","Very Untrue","Very Untrue","Somewhat Untrue",Complete,,,,LS,2026-06-08,,,5930,8429,14386,5470,7790,2368,3965,,3432,6524,7169,869,4564,572,1886,,,,,,,,,,,,,,,,,,,,,,,,,,,,,,,,,,,,Incomplete,,Absent,,,Absent,,,Absent,,,Absent,,,Absent,,,Absent,,,Mild,"None (not related)","i dont think it was related to tES.",Mild,"None (not related)",,Absent,,,Absent,,,Incomplete,"2026-06-08 15:22:35",Yes,2026-06-08,"Joseph LDennis",signature_2026-06-08_1522.png,1961-07-29,,"1216 E.Chelten Avenue Philadelphia Pa,19138",joseph.dennis729@yahoo.com,"Jenelle Scholl",95581018,Yes,$6,Septa,Complete,,,,,,,,,,,,,,Incomplete,,,,,,,,,,,,,Incomplete,,,,,,Incomplete,8,3,Incomplete
11443,,Yes,1188.264,Small,2026-01-20,1967-12-28,58.07,"Avis ","Foster ",Avis,Female,,"(267) 776-5415",fosternichole043@gmail.com,Female,"Black or African American",,"Not Hispanic or Latino",,"608 Chester Pike Apt C ",Norwood,Pa,19074,2021-06-09,PHILADELPHIA,Complete,,"(267) 776-5415",fosternichole043@gmail.com,"Avis ","Does not need to be recontacted","Visit Reminder (4 days before)",2026-01-29,,2026-01-21,DS,,2026-01-23,PS,,2026-01-23,PS,,2026-01-23,PS,,,,,,,,,AD,,,AD,Complete,,"Braids ",,No,No,"2026-01-27 11:54",Complete,"2026-02-02 12:17:53",Yes,Yes,Yes,Yes,Yes,signature_2026-02-02_1217.png,"Avis Foster",2026-02-02,signature_2026-02-02_1217.png,"Abraham Dachs ",2026-02-02,Complete,"2026-02-02 12:23:03",12:18,22:00,"15 to 30 minutes","More than 7 hours","Once or twice a week","Very good",Complete,"2026-02-02 12:28:42",,,,,,,,,,,,,,"Very much",,,,,,,,,,,,,,,Complete,"2026-02-02 12:32:09",1.10,500.00,68,120,30,180,Complete,"2026-02-02 12:34:57","Very often, or always true","Very often, or always true","Sometimes true","Rarely true","Often true","Often true","Sometimes true","Sometimes true","Rarely true","Very often, or always true","Very often, or always true","Sometimes true","Sometimes true","Sometimes true","Sometimes true",Complete,,,,,,,,,,,,,,,,,,,,,,Incomplete,,,,,,A,,,,,,,,,,,,,,,,,,,,,,,,,,,,,,,,,,,,,,,,,,,,,,,,,,,,Incomplete,,,,,,,,,,,,,,,,,,,,,,,,,,,,,,,,Incomplete,,,,,,,,,fosternichole043@gmail.com,,,Yes,55,"$27 uber here and back",Incomplete,,,,,,,,,,,,,,Incomplete,3,https://customer.ngcecodes.com/r/pb9sdPhx1rU6y9hpgTnXdVpAxIbqOZFuQzRebyiBNpFOwR3aUsJ8nOh6UMG5OfEw,https://egift.activationspot.com/?tid=657Q0RGVTJTZKC50AW2P8STYQC&gcm=y&gs=n&gw=n&eid=B5Q96PX5Q1P28PKX8BRQRDY0VH,https://customer.ngcecodes.com/r/7huDOkX2Z6LlsAgtYQB618DrXH5jBmmBGlyBWvNmgpUEUdUQA3C8ZjQsdmDbIfEc,,100,50,5,,,Complete,"Amazon E-Codes",Complete,"2026-02-02 18:32:55","Reveal Compensation",2026-02-02,signature_2026-02-02_1232.png,"Avis foster ",Complete,,,Incomplete
11461,,Yes,1449.563,,2026-06-18,1950-04-11,76.19,alfonso,Montague,alfonso,Male,,"(835) 239-8784",alfonsomontague@comcast.net,Male,"Black or African American",,"Not Hispanic or Latino",,"4991 parksideAVE N apt1904-13",Philadelphia,pa,19131,2011-03-01,Philadelphia,Incomplete,,"(835) 239-8784",alfonsomontague@comcast.net,alfonso,"Does not need to be recontacted",Payment,2026-07-02,,2026-06-23,RDR,,2026-06-23,RDR,,2026-06-24,DS,,2026-06-24,DS,,2026-06-26,RG,,,,,2026-07-02,RG,,2026-07-02,RG,Complete,,,Yes,No,No,"2026-07-02 10:00",Complete,"2026-07-02 10:05:52",Yes,Yes,Yes,Yes,Yes,signature_2026-07-02_1005.png,"Alfonso montague",2026-07-02,signature_2026-07-02_1005.png,"Avi Dachs",2026-07-02,Complete,"2026-07-02 10:07:21",23:00,08:00,"30 to 60 minutes","Between 5 and 6 hours","Not during the past month","Fairly good",Complete,"2026-07-02 10:17:37","Very much",,,,,,,,"Very much",,"Very much","Very much",,,,,"Very much",,"Very much","Very much","Very much","Very much","Very much","Very much","Very much","Very much",,"Very much",Complete,"2026-07-02 10:23:51","10 cents","100 minutes",24,"three elves",30,15-20,Complete,"2026-07-02 10:28:11","Often true","Rarely true","Never, or very rarely true","Sometimes true","Rarely true","Very often, or always true","Often true","Rarely true","Sometimes true","Never, or very rarely true","Often true","Rarely true","Never, or very rarely true","Sometimes true","Sometimes true",Complete,"2026-07-02 10:32:26","Somewhat True","Somewhat True","Neither Untrue nor True","Very True","Very Untrue","Somewhat True","Very True","Very Untrue","Somewhat True","Neither Untrue nor True","Very Untrue","Somewhat True","Very Untrue","Very Untrue","Very Untrue","Somewhat True","Somewhat True","Very Untrue","Somewhat True","Very Untrue",Complete,"Participant had no hair and an oddly shaped head. fCZ was giving us issues but if I added any more gel it out have spread to other regions. We decided to run it at11895 - AD    Gel was running down the side of the cap after the visit.",AD,RSG,,2026-07-02,A,Medium,3626,10412,15198,7049,12298,4483,8723,11098,2880,9753,14035,5860,11147,3790,7787,9852,1757,9163,11895,4060,9767,2699,6325,8409,,,,,,,,,,,,,,,,,,,,,,,,,No,,Incomplete,"2026-07-02 12:15:18",Absent,,,Absent,,,Absent,,,Absent,,,Absent,,,Absent,,,Mild,"None (not related)",,Absent,,,Absent,,,Absent,,,Complete,"2026-07-02 12:21:35",Yes,2026-07-02,"Alfonzo montague",signature_2026-07-02_1221.png,1950-04-11,,"4991 Parkside Ave n apt 19131",alfonsomontague@comcast.net,"Ryan Gephart",95599864,Yes,30,"Lyft to and from visit ($22/each)",Complete,,,,,,,,,,,,,,Incomplete,,,,,,,,,,,,,Incomplete,,,,,,Incomplete,,,Incomplete
11462,,Yes,1598.866,,2026-06-09,1955-08-09,70.84,haiying,xi,haiying,Male,,"(215) 475-0470",global_sale@hotmail.com,Male,Asian,,"Not Hispanic or Latino",,"4639 Walnut St",Philadelphia,PA,19139,2017-04-01,hangzhou,Incomplete,,"(215) 475-0470",global_sale@hotmail.com,haiying,"Does not need to be recontacted","Schedule Phone Screener",2026-07-10,,2026-06-11,RDR,,,,,,,,,,,,,,,,,,,,,,Incomplete,,,,,,,Incomplete,,,,,,,,,,,,,Incomplete,,,,,,,,Incomplete,,,,,,,,,,,,,,,,,,,,,,,,,,,,,,Incomplete,,,,,,,,Incomplete,,,,,,,,,,,,,,,,,Incomplete,,,,,,,,,,,,,,,,,,,,,,Incomplete,,,,,,,,,,,,,,,,,,,,,,,,,,,,,,,,,,,,,,,,,,,,,,,,,,,,,,,,,,Incomplete,,,,,,,,,,,,,,,,,,,,,,,,,,,,,,,,Incomplete,,,,,,,,,,,,,,,Incomplete,,,,,,,,,,,,,,Incomplete,,,,,,,,,,,,,Incomplete,,,,,,Incomplete,,,Incomplete
11472,,Yes,1457.781,,2026-06-09,1967-06-08,59,sheldon,"Murray ",sheldon,Male,,"(267) 269-4641",sheldonmurray6867@gmail.com,Male,"Black or African American",,"Not Hispanic or Latino",,"1406 n. corlies ","Philadelphia ","Pennsylvania ",19121,1970-02-18,"Philadelphia ",Incomplete," -phone screener was scheduled for 10 AM 6/15, no  answer","(267) 269-4641",sheldonmurray6867@gmail.com,sheldon,"Does not need to be recontacted",Payment,2026-06-27,,2026-06-11,RDR,,2026-06-16,JS,,2026-06-16,JS,,2026-06-18,JS,,2026-06-22,KMR,,2026-06-25,JS,,2026-06-26,RDR,,2026-06-26,RG,Incomplete,,,Yes,No,No,"2026-06-26 14:00",Incomplete,"2026-06-26 14:09:41",Yes,Yes,Yes,Yes,Yes,signature_2026-06-26_1408.png,"Sheldon Murray ",2026-06-26,signature_2026-06-26_1409.png,"Rebecca Reyes ",2026-06-26,Complete,"2026-06-26 14:29:45",02:30,10:00,"15 to 30 minutes","Between 6 and 7 hours","Not during the past month","Fairly good",Complete,"2026-06-26 14:42:01",,,,,,,,,,,,,,,,,,,,,,,,,,,,,Complete,"2026-06-26 14:47:51","10 cent","1hour 40 min","24 days",6,30,20,Complete,"2026-06-26 14:51:48","Very often, or always true","Often true","Rarely true","Rarely true","Often true","Rarely true","Rarely true","Never, or very rarely true","Rarely true","Sometimes true","Often true","Often true","Rarely true","Rarely true","Often true",Complete,"2026-06-26 14:55:59","Very Untrue","Very Untrue","Very Untrue","Somewhat Untrue","Very Untrue","Neither Untrue nor True","Somewhat Untrue","Somewhat Untrue","Very Untrue","Somewhat True","Very Untrue","Very True","Very Untrue","Somewhat True","Very Untrue","Somewhat True","Very Untrue","Neither Untrue nor True","Very Untrue","Neither Untrue nor True",Complete,,RDR,JS,,2026-06-26,A,Medium,3684,6424,9603,1461,5488,1202,2201,4508,3689,5624,6170,688,4718,838,1782,3288,,,,,,,,,,,,,,,,,,,,,,,,,"Stimulation Condition","No Stimulation Condition or Sham Condition","Stimulation Condition","No Stimulation Condition or Sham Condition","Stimulation Condition","No Stimulation Condition or Sham Condition","Stimulation Condition","No Stimulation Condition or Sham Condition",No,,Incomplete,"2026-06-26 16:18:19",Absent,,,Mild,Possible,,Absent,,,Absent,,,Mild,Possible,,Absent,,,Absent,,,Mild,Possible,,Mild,Probable,,Absent,,,Complete,"2026-06-26 16:16:00",Yes,2026-06-26,"Sheldon Murray",signature_2026-06-26_1615.png,1967-06-08,,"1406 n. Corlies st",sheldonmurray6867@gmail.com,"Rebecca Reyes ",85572407,Yes,10,"Cost of bus here and back",Complete,,,,,,,,,,,,,,Incomplete,,,,,,,,,,,,,Incomplete,,,,,,Incomplete,,,Incomplete
11492,,Yes,1610.634,,2026-05-22,1976-07-06,49.88,Michael,Beachem,Michael,Male,,"(215) 850-3175",beach_grad@hotmail.com,Male,White,,"Not Hispanic or Latino",,"Box 30","Old Bridge","New Jersey",08857,1976-07-06,"N/A (Too Personal)",Incomplete,,"(215) 850-3175",beach_grad@hotmail.com,Michael,"Does not need to be recontacted","Check for Visit Completion",2026-07-20,,2026-06-04,JS,,,,,2026-06-12,RDR,,2026-06-12,RDR,,2026-07-15,DS,,2026-07-17,RG,,2026-07-19,RG,,2026-07-19,RG,Complete,,,Yes,No,No,"2026-07-19 09:00",Complete,"2026-07-19 09:44:13",Yes,Yes,No,Yes,Yes,signature_2026-07-19_0943.png,"Michael Beachem",2026-07-19,signature_2026-07-19_0944.png,"Ryan Gephart",2026-07-19,Complete,"2026-07-19 10:08:05",01:00,09:00,"Less than 15","Between 5 and 6 hours","Not during the past month","Fairly good",Complete,"2026-07-19 10:12:43",,,,,,,,,,,,,,,,,,,,,,,,,,,,,Complete,"2026-07-19 10:16:34",.10,"1 hour and 40 minutes or 100 minutes",24,6,15,30,Complete,"2026-07-19 10:17:36","Often true","Often true","Rarely true","Never, or very rarely true","Rarely true","Sometimes true","Sometimes true","Rarely true","Rarely true","Sometimes true","Often true","Often true","Rarely true","Rarely true","Sometimes true",Complete,"2026-07-19 10:18:59","Somewhat True","Somewhat Untrue","Somewhat Untrue","Somewhat Untrue","Somewhat Untrue","Somewhat True","Somewhat Untrue","Somewhat Untrue","Somewhat True","Somewhat Untrue","Somewhat True","Somewhat Untrue","Somewhat Untrue","Somewhat Untrue","Somewhat Untrue","Very Untrue","Somewhat Untrue","Somewhat True","Somewhat Untrue","Very Untrue",Complete,,RSG,,,2026-07-19,A,Medium,2691,7302,14404,5622,15630,7828,20728,13978,1951,6923,12743,4274,14405,6758,17292,13397,495,6546,10657,2448,11967,4680,13262,12379,,,,,,,,,,,,,,,,,,,,,,,,,,,Incomplete,"2026-07-19 11:39:16",Absent,,,Absent,,,Absent,,,Absent,,,Mild,Possible,"Just felt it a bit during what I recall as the second set, thought I would have felt it a bit more throughout the other sets but did not.",Absent,,,Absent,,,Mild,"None (not related)",,Absent,,,Absent,,,Complete,"2026-07-19 11:42:41",Yes,2026-07-19,"Michael Beachem",signature_2026-07-19_1141.png,1976-07-06,06-JUL-1976,"Box 30, Old Bridge, NJ 08857-0030",beach_grad@hotmail.com,"Ryan Gephart",45590600,Yes,20,"Gas to and from visit",Complete,,,,,,,,,,,,,,Incomplete,,,,,,,,,,,,,Incomplete,,,,,,Incomplete,,,Incomplete
11517,,Yes,1384.06,Medium,2026-03-03,2001-10-17,24.38,Jade,"McClinton-Dorley ",,Female,,"(917) 745-5293",jadedorley@gmail.com,Female,"Prefer not to respond",,"Not Hispanic or Latino",,"5840 Kemble Avenue ","Philadelphia ","Pennsylvania ",19141,2024-08-03,"Brooklyn ",Incomplete,"Withdrew from study, set to do not contact (RG)","(917) 745-5293",jadedorley@gmail.com,Jade,"Does not need to be recontacted","Schedule Visit",2026-03-24,,2026-03-12,PS,,2026-03-19,DS,,2026-03-20,PS,,,,,,,,,,,,,,,,Complete,,,Yes,No,No,,Complete,,,,,,,,,,,,,Incomplete,,,,,,,,Incomplete,,,,,,,,,,,,,,,,,,,,,,,,,,,,,,Incomplete,,,,,,,,Incomplete,,,,,,,,,,,,,,,,,Incomplete,,,,,,,,,,,,,,,,,,,,,,Incomplete,,,,,,,,,,,,,,,,,,,,,,,,,,,,,,,,,,,,,,,,,,,,,,,,,,,,,,,,,,Incomplete,,,,,,,,,,,,,,,,,,,,,,,,,,,,,,,,Incomplete,,,,,,,,,,,,,,,Incomplete,,,,,,,,,,,,,,Incomplete,,,,,,,,,,,,,Incomplete,,,,,,Incomplete,,,Incomplete
11518,,Yes,1353.331,,2026-02-17,2003-07-25,22.57,"Khalyse ","Benjamin ","Khalyse ",Female,,"(347) 561-2967",Tuo17951@temple.edu,Female,"Black or African American",,"Not Hispanic or Latino",,"1622 W Jefferson ","Philadelphia ",PA,19131,2023-08-01,"New york",Complete,"If no response by 4/10, set to do not contact","(347) 561-2967",Tuo17951@temple.edu,"Khalyse ","Does not need to be recontacted","Schedule Visit",2026-04-14,,2026-02-19,RG,,2026-02-20,JS,,2026-02-20,JS,,,,,,,,,,,,,,,,Complete,,"She thinks cap would fit. Her hair is an afro and ends a bit above the shoulders. ",Yes,No,No,,Incomplete,,,,,,,,,,,,,Incomplete,,,,,,,,Incomplete,,,,,,,,,,,,,,,,,,,,,,,,,,,,,,Incomplete,,,,,,,,Incomplete,,,,,,,,,,,,,,,,,Incomplete,,,,,,,,,,,,,,,,,,,,,,Incomplete,,,,,,,,,,,,,,,,,,,,,,,,,,,,,,,,,,,,,,,,,,,,,,,,,,,,,,,,,,Incomplete,,,,,,,,,,,,,,,,,,,,,,,,,,,,,,,,Incomplete,,,,,,,,,,,,,,,Incomplete,,,,,,,,,,,,,,Incomplete,,,,,,,,,,,,,Incomplete,,,,,,Incomplete,,,Incomplete
11526,,Yes,1532.61,Large,2026-03-04,2000-08-03,25.58,Karen,Wang,,Female,,"(917) 756-6999",karenguo120345@gmail.com,Female,Asian,,"Not Hispanic or Latino",,"4317 Spruce St, Unit 202",Philadelphia,Pennsylvania,19104,2024-08-01,Brooklyn,Incomplete,"Rescheduled 3/29 appointment, needs new dates (RG)","(917) 756-6999",karenguo120345@gmail.com,Karen,"Does not need to be recontacted",Payment,2026-04-10,,2026-03-10,MW,,2026-03-10,MW,,2026-03-13,JS,,2026-03-13,JS,,2026-03-25,DS,,2026-03-27,PS,,2026-04-11,RG,,2026-04-11,RG,Complete,,,Yes,No,No,"2026-04-11 09:00",Complete,"2026-04-11 09:09:28",Yes,Yes,Yes,Yes,Yes,signature_2026-04-11_0909.png,"Karen Wang",2026-04-11,signature_2026-04-11_0909.png,"Ryan Gephart",2026-04-11,Complete,"2026-04-11 09:26:32",23:00,05:30,"Less than 15","Less than 7 hours","Not during the past month","Fairly good",Complete,"2026-04-11 09:30:49",,,,,,,,,,,,,,,,,,,,,,,,,,,,,Complete,"2026-04-11 09:34:33",0.05,5,47,3,30,15,Complete,"2026-04-11 09:36:02","Rarely true","Sometimes true","Sometimes true","Rarely true","Often true","Never, or very rarely true","Sometimes true","Sometimes true","Rarely true","Often true","Sometimes true","Sometimes true","Sometimes true","Rarely true","Often true",Complete,"2026-04-11 09:37:16","Very True","Very Untrue","Somewhat True","Somewhat Untrue","Somewhat True","Very Untrue","Somewhat True","Somewhat Untrue","Very True","Somewhat True","Somewhat True","Somewhat Untrue","Neither Untrue nor True","Somewhat True","Neither Untrue nor True","Somewhat Untrue","Somewhat True","Somewhat Untrue","Very True","Very Untrue",Complete,,RSG,JMS,,2026-04-11,B,,2612,6548,8183,493,,,,,,,,,,,,,,,,,,,,,,,,,,,,,,,,,,,,,"No Stimulation Condition or Sham Condition","Stimulation Condition","Stimulation Condition","No Stimulation Condition or Sham Condition","No Stimulation Condition or Sham Condition","Stimulation Condition","No Stimulation Condition or Sham Condition","Stimulation Condition",No,,Incomplete,,Absent,,,Absent,,,Mild,Probable,,Absent,,,Moderate,Definite,,Absent,,,Mild,"None (not related)",,Mild,"None (not related)",,Absent,,,Absent,,,Incomplete,"2026-04-11 10:54:30",Yes,2026-04-11,"Karen Wang",signature_2026-04-11_1054.png,2000-08-03,,"4417 Spruce St, Philadelphia PA 19104",karenguo120345@gmail.com,"Ryan Gephart",65593197,Yes,6,"SEPTA Subway",Complete,,,,,,,,,,,,,,Incomplete,,,,,,,,,,,,,Incomplete,,,,,,Incomplete,,,Incomplete
11527,,Yes,1442.762,Medium,2026-03-01,2002-10-28,23.34,Jeremiah,Butts,Jeremiah,Male,,"(484) 620-4452",Jeremiah.butts070@gmail.com,Male,"Black or African American",,"Not Hispanic or Latino",,"207 b South MacDade",Glenolden,"Pennsylvania ",19036,2003-01-22,Glenolden,Incomplete,"if no response by 4/14, set to do not contact","(484) 620-4452",Jeremiah.butts070@gmail.com,Jeremiah,"Does not need to be recontacted","Schedule Phone Screener",2026-04-14,,2026-03-10,MW,,,,,,,,,,,,,,,,,,,,,,Incomplete,,,,,,,Incomplete,,,,,,,,,,,,,Incomplete,,,,,,,,Incomplete,,,,,,,,,,,,,,,,,,,,,,,,,,,,,,Incomplete,,,,,,,,Incomplete,,,,,,,,,,,,,,,,,Incomplete,,,,,,,,,,,,,,,,,,,,,,Incomplete,,,,,,,,,,,,,,,,,,,,,,,,,,,,,,,,,,,,,,,,,,,,,,,,,,,,,,,,,,Incomplete,,,,,,,,,,,,,,,,,,,,,,,,,,,,,,,,Incomplete,,,,,,,,,,,,,,,Incomplete,,,,,,,,,,,,,,Incomplete,,,,,,,,,,,,,Incomplete,,,,,,Incomplete,,,Incomplete
11529,,Yes,1528.826,Large,2026-03-01,2002-11-27,23.26,Evyn,Appel,,Female,,"(215) 350-1133",,,Asian,,"Not Hispanic or Latino",,,,,,,,Incomplete,"Wanted us to stop contacting","(215) 350-1133",,Evyn,"Does not need to be recontacted","Schedule Phone Screener",2026-04-02,,2026-03-11,PS,,,,,,,,,,,,,,,,,,,,,,Incomplete,,,,,,,Incomplete,,,,,,,,,,,,,Incomplete,,,,,,,,Incomplete,,,,,,,,,,,,,,,,,,,,,,,,,,,,,,Incomplete,,,,,,,,Incomplete,,,,,,,,,,,,,,,,,Incomplete,,,,,,,,,,,,,,,,,,,,,,Incomplete,,,,,,,,,,,,,,,,,,,,,,,,,,,,,,,,,,,,,,,,,,,,,,,,,,,,,,,,,,Incomplete,,,,,,,,,,,,,,,,,,,,,,,,,,,,,,,,Incomplete,,,,,,,,,,,,,,,Incomplete,,,,,,,,,,,,,,Incomplete,,,,,,,,,,,,,Incomplete,,,,,,Incomplete,,,Incomplete
11534,,Yes,1527.448,Large,2026-03-01,2002-05-21,23.78,Dylan,Wickramasinha,,Male,,"(302) 217-8956",Wick.ramasinha521@gmail.com,Male,Asian,,"Not Hispanic or Latino",,"4902 chestnut st",Philadelphia,PA,19139,2024-07-31,Portage,Incomplete,"Attempted call went straight to voicemail. - 3/27/2026","(302) 217-8956",Wick.ramasinha521@gmail.com,Dylan,"Does not need to be recontacted","Schedule Phone Screener",2026-04-14,,2026-03-17,RG,,2026-03-25,PS,,,,,,,,,,,,,,,,,,,Complete,,,,,,,Incomplete,,,,,,,,,,,,,Incomplete,,,,,,,,Incomplete,,,,,,,,,,,,,,,,,,,,,,,,,,,,,,Incomplete,,,,,,,,Incomplete,,,,,,,,,,,,,,,,,Incomplete,,,,,,,,,,,,,,,,,,,,,,Incomplete,,,,,,,,,,,,,,,,,,,,,,,,,,,,,,,,,,,,,,,,,,,,,,,,,,,,,,,,,,Incomplete,,,,,,,,,,,,,,,,,,,,,,,,,,,,,,,,Incomplete,,,,,,,,,,,,,,,Incomplete,,,,,,,,,,,,,,Incomplete,,,,,,,,,,,,,Incomplete,,,,,,Incomplete,,,Incomplete
11539,,Yes,1666.396,,2026-06-18,1997-05-19,29.08,Birat,Kafle,Birat,Male,,"(215) 842-8464",birat.kafle@temple.edu,Male,Asian,,"Not Hispanic or Latino",,"3566 Indian Queen Lane ",Philadelphia,"Pennsylvania ",19129,2024-08-18,"Kathmandu ",Incomplete,,"(215) 842-8464",birat.kafle@temple.edu,Birat,"Does not need to be recontacted","Check for Visit Completion",2026-07-17,,2026-06-23,RDR,,2026-06-26,RG,,2026-06-29,KMR,,2026-06-29,KMR,,2026-07-13,JS,,2026-07-16,DS,,2026-07-17,RG,,2026-07-17,RG,Incomplete,,,Yes,No,No,"2026-07-17 13:00",Complete,"2026-07-17 11:55:14",Yes,Yes,Yes,Yes,Yes,signature_2026-07-17_1153.png,"BIRAT RAJ KAFLE",1997-05-19,signature_2026-07-17_1155.png,"Katie Rodman",2026-07-17,Complete,"2026-07-17 12:08:54",11:29,07:00,"15 to 30 minutes","Between 6 and 7 hours","Less than once a week","Fairly good",Complete,"2026-07-17 12:18:35","Very much",,,,,,,,,,,,,"Not much at all",,,,,,,,,,,,,,"Not much at all",Complete,"2026-07-17 12:24:32",.10,"20 minutes","24 days","3 elves",15,20,Complete,"2026-07-17 12:27:16","Often true","Sometimes true","Rarely true","Rarely true","Often true","Often true","Sometimes true","Rarely true","Never, or very rarely true","Often true","Often true","Often true","Rarely true","Sometimes true","Often true",Complete,"2026-07-17 12:30:27","Neither Untrue nor True","Very Untrue","Neither Untrue nor True","Somewhat Untrue","Somewhat True","Somewhat Untrue","Somewhat True","Somewhat Untrue","Somewhat True","Neither Untrue nor True","Somewhat True","Neither Untrue nor True","Somewhat Untrue","Somewhat Untrue","Very Untrue","Very Untrue","Neither Untrue nor True","Somewhat Untrue","Neither Untrue nor True","Somewhat Untrue",Complete,,RDR,KMR,,2026-07-17,B,Medium,93,7094,11026,3043,8502,3466,5993,7461,1359,5439,6173,1438,4736,1386,3573,3873,,,,,,,,,,,,,,,,,,,,,,,,,"No Stimulation Condition or Sham Condition","No Stimulation Condition or Sham Condition","Stimulation Condition","No Stimulation Condition or Sham Condition","No Stimulation Condition or Sham Condition","Stimulation Condition","No Stimulation Condition or Sham Condition","No Stimulation Condition or Sham Condition",No,,Incomplete,"2026-07-17 13:55:36",Absent,,,Absent,,,Absent,,,Absent,,,Mild,Possible,"Slight stings ",Absent,,,Mild,Definite,"May be due to repeated task",Absent,,,Absent,,,Absent,,,Complete,,,,,,,,,,,,,,,Incomplete,"2026-07-17 13:58:12",Yes,2026-07-17,"BIRAT RAJ KAFLE ",signature_2026-07-17_1358.png,1997-05-19,"3344 Tilden street",birat.kafle@temple.edu,"Rebecca Reyes",25581385,Yes,$12,Train,Complete,,,,,,,,,,,,,Incomplete,,,,,,Incomplete,,,Incomplete
11542,,Yes,1552.553,,2026-06-09,,,Patrick,DiGiacomo,,Male,,"(610) 755-7783",Underdogg99@yahoo.com,,,,,,,,,,,,Incomplete,,"(610) 755-7783",Underdogg99@yahoo.com,Patrick,"Does not need to be recontacted",Payment,2026-06-26,,2026-06-12,RDR,,2026-06-23,RG,,2026-06-23,RG,,2026-06-23,RG,,2026-06-23,RG,,,,,2026-06-25,RG,,2026-06-25,RG,Complete,,,Yes,No,No,"2026-06-25 10:00",Complete,"2026-06-25 10:09:14",Yes,Yes,Yes,Yes,Yes,signature_2026-06-25_1008.png,"Patrick A DiGiacomo ",2026-06-25,signature_2026-06-25_1009.png,"Abraham Dachs",2026-06-25,Complete,"2026-06-25 10:27:23",01:00,09:00,"30 to 60 minutes","Less than 7 hours","Once or twice a week","Fairly good",Complete,"2026-06-25 10:34:58",,"Not much at all",,,,,,,,,,,,,,"Very much","Very much",,,,,,"Very much",,,,"Very much","Very much",Complete,"2026-06-25 10:38:59",.05,5,47,3,29,15,Complete,"2026-06-25 10:40:54","Sometimes true","Sometimes true","Sometimes true","Never, or very rarely true","Rarely true","Often true","Sometimes true","Sometimes true","Never, or very rarely true","Never, or very rarely true","Sometimes true","Sometimes true","Sometimes true","Never, or very rarely true","Never, or very rarely true",Complete,"2026-06-25 10:43:09","Somewhat True","Very Untrue","Very True","Somewhat True","Very True","Very Untrue","Very Untrue","Somewhat Untrue","Very True","Somewhat True","Very True","Very Untrue","Neither Untrue nor True","Somewhat True","Somewhat True","Very Untrue","Somewhat Untrue","Somewhat True","Somewhat True","Very Untrue",Complete,,RSG,AD,,2026-06-25,A,Medium,2798,7106,7287,1261,6458,983,4940,7347,2655,5606,4965,491,3794,280,4406,5386,,,,,,,,,,,,,,,,,,,,,,,,,,,,,,,,,,,Incomplete,"2026-06-25 12:02:07",Absent,,,Absent,,,Absent,,,Absent,,,Mild,Probable,"Occasionally felt slight tingling/itching under one particular electrode on the left side",Mild,Possible,"My face's complexion is almost always reddish",Absent,,,Mild,Remote,"Intermittent - no more than usual, I think",Absent,,,Absent,,,Complete,"2026-06-25 12:06:39",Yes,2026-06-25,"Patrick DiGiacomo ",signature_2026-06-25_1203.png,1963-09-20,,"4423 Baltimore Ave #4, Philadelphia PA 19104",Patrick.a.digiacomo@gmail.com,"Ryan Gephart",55573677,Yes,30,"Uber to and from visit",Complete,,,,,,,,,,,,,,Incomplete,,,,,,,,,,,,,Incomplete,,,,,,Incomplete,,,Incomplete
11551,,Yes,1429.695,,2026-06-10,1959-10-15,66.65,"Cynthia ","Nelson ","Cindy ",Female,,"(484) 574-7770",Cindyburntmill@gmail.com,Female,White,,"Not Hispanic or Latino",,"401 burnt mill re","Chadds ford ",Pa,19317,2005-09-05,"College park",Incomplete,,"(484) 574-7770",Cindyburntmill@gmail.com,"Cynthia ","Does not need to be recontacted","Schedule Visit",2026-07-20,,2026-06-11,JS,,2026-06-23,RG,,2026-06-23,RG,,2026-06-30,JS,,2026-07-03,RG,,,,,,,,,,Incomplete,,,Yes,No,No,"2026-07-07 14:00",Complete,,,,,,,,,,,,,Incomplete,,,,,,,,Incomplete,,,,,,,,,,,,,,,,,,,,,,,,,,,,,,Incomplete,,,,,,,,Incomplete,,,,,,,,,,,,,,,,,Incomplete,,,,,,,,,,,,,,,,,,,,,,Incomplete,,,,,,,,,,,,,,,,,,,,,,,,,,,,,,,,,,,,,,,,,,,,,,,,,,,,,,,,,,Incomplete,,,,,,,,,,,,,,,,,,,,,,,,,,,,,,,,Incomplete,,,,,,,,,,,,,,,Incomplete,,,,,,,,,,,,,,Incomplete,,,,,,,,,,,,,Incomplete,,,,,,Incomplete,,,Incomplete
11563,,Yes,1526.337,Large,2026-01-20,1970-03-03,55.89,Michael,"Piotrowski ","Michael ",Male,,"(609) 425-2350",mpio363@hotmail.com,Male,White,,"Not Hispanic or Latino",,"1008 12th Avenue ","Prospect Park ",Pa,19076,2012-01-01,"Philadelphia ",Complete,,"(609) 425-2350",mpio363@hotmail.com,Michael,"Does not need to be recontacted",Payment,2026-03-24,,2026-01-20,AD,,2026-02-04,PS,,2026-02-04,PS,,2026-03-12,DS,,2026-03-18,PS,,,,,,,,,,Complete,,,,No,No,,Complete,"2026-03-22 11:07:45",Yes,Yes,Yes,Yes,Yes,signature_2026-03-22_1106.png,"Michael Piotrowski ",2026-03-22,signature_2026-03-22_1107.png,"Ryan Gephart",2026-03-22,Complete,"2026-03-22 11:21:51",21:00,04:30,"15 to 30 minutes","Between 6 and 7 hours","Not during the past month","Fairly good",Complete,"2026-03-22 11:29:03","Very much","Not much at all",,"Not much at all",,,"Not much at all",,,"Not much at all",,,"Not much at all","Not much at all",,,,"Very much","Very much","Very much",,,,,,"Very much",,,Complete,"2026-03-22 11:31:23",.10,500,24,6,15,20,Complete,"2026-03-22 11:33:09","Very often, or always true","Often true","Never, or very rarely true","Never, or very rarely true","Sometimes true","Sometimes true","Rarely true","Never, or very rarely true","Never, or very rarely true","Sometimes true","Very often, or always true","Often true","Never, or very rarely true","Never, or very rarely true","Sometimes true",Complete,"2026-03-22 11:35:07","Very Untrue","Neither Untrue nor True","Somewhat Untrue","Neither Untrue nor True","Very True","Neither Untrue nor True","Very Untrue","Very True","Somewhat True","Very True","Somewhat Untrue","Very True","Very Untrue","Neither Untrue nor True","Very Untrue","Somewhat Untrue","Very Untrue","Neither Untrue nor True","Neither Untrue nor True","Neither Untrue nor True",Complete,"3654  6745  6571  1819",RSG,AD,,2026-03-22,A,Large,3993,8805,11079,2242,,,,,2894,7096,7577,1249,,,,,,,,,,,,,,,,,,,,,,,,,,,,,"No Stimulation Condition or Sham Condition","Stimulation Condition","Stimulation Condition","Stimulation Condition","No Stimulation Condition or Sham Condition","No Stimulation Condition or Sham Condition","Stimulation Condition","Stimulation Condition",No,,Complete,,Absent,,,Absent,,,Absent,,,Absent,,,Mild,Possible,,Absent,,,Absent,,,Absent,,,Absent,,,Absent,,,Incomplete,"2026-03-22 13:01:16",Yes,2026-03-22,"Michael Piotrowski ",signature_2026-03-22_1300.png,1970-03-03,,"1008 12th Ave, Prospect Park Pa 19076",mpio363@hotmail.com,"Ryan Gephart",15585843,No,,,Complete,,,,,,,,,,,,,,Incomplete,,,,,,,,,,,,,Incomplete,,,,,,Incomplete,,,Incomplete
11565,,Yes,1377.455,,2026-06-18,1964-03-17,62.25,Dionne,Spears-Graham,Dionne,Female,,"(215) 459-8697",dspearsgraham@aol.com,Female,"Black or African American",,"Not Hispanic or Latino",,"2525 Garrett Rd ","Drexel Hill",Pennsylvania,19026,2020-03-20,Chicago,Incomplete,,"(215) 459-8697",dspearsgraham@aol.com,Dionne,"Does not need to be recontacted","Schedule Phone Screener",2026-06-25,,2026-06-22,KMR,,,,,,,,,,,,,,,,,,,,,,Incomplete,,"Participant unable to have gel applied to scalp due to hairstyle ",,,,,Incomplete,,,,,,,,,,,,,Incomplete,,,,,,,,Incomplete,,,,,,,,,,,,,,,,,,,,,,,,,,,,,,Incomplete,,,,,,,,Incomplete,,,,,,,,,,,,,,,,,Incomplete,,,,,,,,,,,,,,,,,,,,,,Incomplete,,,,,,,,,,,,,,,,,,,,,,,,,,,,,,,,,,,,,,,,,,,,,,,,,,,,,,,,,,Incomplete,,,,,,,,,,,,,,,,,,,,,,,,,,,,,,,,Incomplete,,,,,,,,,,,,,,,Incomplete,,,,,,,,,,,,,,Incomplete,,,,,,,,,,,,,Incomplete,,,,,,Incomplete,,,Incomplete
11570,,Yes,1718.691,,2026-05-22,1983-11-18,42.51,Garrett,O'Dwyer,Garrett,Male,,"(267) 902-4573",Garrettodwyer@gmail.com,Male,White,,"Not Hispanic or Latino",,"1904 E Passyunk Ave",Philadelphia,PA,19148,2022-01-08,Glenside,Incomplete,,"(267) 902-4573",Garrettodwyer@gmail.com,Garrett,"Does not need to be recontacted",Payment,2026-06-22,,2026-05-26,RG,,2026-06-02,JS,,2026-06-05,JS,,2026-06-05,JS,,2026-06-15,JS,,2026-06-18,JS,,2026-06-23,RG,,2026-06-23,RG,Incomplete,,,Yes,No,No,"2026-06-19 11:00",Incomplete,,Yes,Yes,Yes,Yes,Yes,signature_2026-06-19_1109.png,"Garrett O'Dwyer",2026-06-19,signature_2026-06-19_1110.png,"Jacob Stanley",2026-06-19,Complete,"2026-06-19 11:29:39",00:00,07:00,"15 to 30 minutes","Between 5 and 6 hours","Three or more times a week","Fairly bad",Complete,"2026-06-19 11:37:31",,"Not much at all",,,"Not much at all",,"Not much at all","Not much at all","Not much at all","Not much at all",,"Not much at all",,"Not much at all",,,,,,,,,,,,"Very much",,"Very much",Complete,"2026-06-19 11:41:29",$0.05,"1 minute","47 days",3,29,15,Complete,"2026-06-19 11:43:10","Very often, or always true","Very often, or always true","Sometimes true","Rarely true","Often true","Often true","Never, or very rarely true","Never, or very rarely true","Never, or very rarely true","Sometimes true","Very often, or always true","Very often, or always true","Never, or very rarely true","Sometimes true","Rarely true",Complete,"2026-06-19 11:45:09","Very Untrue","Somewhat True","Somewhat Untrue","Somewhat True","Somewhat True","Very Untrue","Somewhat True","Very Untrue","Somewhat True","Very Untrue","Very True","Somewhat Untrue","Very Untrue","Very Untrue","Very Untrue","Very Untrue","Very Untrue","Neither Untrue nor True","Somewhat True","Somewhat Untrue",Complete,"EOG1 check 1: 5912  EOG2 check 2: 4314",JMS,JacobMS,,2026-06-19,A,"Extra Large",3152,7289,9827,1258,8008,362,3427,,3696,6361,7578,290,6454,470,2273,,,,,,,,,,,,,,,,,,,,,,,,,,"Stimulation Condition","No Stimulation Condition or Sham Condition","Stimulation Condition","No Stimulation Condition or Sham Condition","Stimulation Condition","No Stimulation Condition or Sham Condition","Stimulation Condition","No Stimulation Condition or Sham Condition",No,,Incomplete,"2026-06-19 12:57:24",Absent,,,Absent,,,Mild,Definite,"Slight burning sensation at nodes when they seemed to be active",Absent,,,Mild,Definite,"See above",Absent,,,Absent,,,Absent,,,Mild,"None (not related)","Related to game itself",Absent,,,Complete,"2026-06-19 12:59:48",Yes,2026-06-19,"Garrett O'Dwyer",signature_2026-06-19_1259.png,1983-11-18,,"1222 Fitzgerald, Philadelphia, 19148",Garrettodwyer@gmail.com,"Jenelle Scholl",35586711,Yes,10,Septa,Complete,,,,,,,,,,,,,,Incomplete,,,,,,,,,,,,,Incomplete,,,,,,Incomplete,,,Incomplete
11606,,Yes,1458.827,,2026-06-10,1966-04-14,60.16,Janet,Hazzard,Julie,Female,,"(610) 513-0019",Barriejulieruth@comcast.net,Female,White,,"Not Hispanic or Latino",,"332 S. Broad st.","Kennett Square",PA,19348,2018-08-20,Philadelphia,Incomplete,,"(610) 513-0019",Barriejulieruth@comcast.net,Janet,"Does not need to be recontacted",Payment,2026-06-27,,2026-06-11,JS,,2026-06-11,JS,,2026-06-12,RG,,2026-06-12,RG,,2026-06-22,KMR,,2026-06-25,JS,,2026-06-26,RG,,2026-06-26,RG,Complete,,,No,No,No,"2026-06-26 10:00",Complete,"2026-06-26 10:00:55",Yes,Yes,Yes,Yes,Yes,signature_2026-06-26_1000.png,"Julie Hazzard",2026-06-26,signature_2026-06-26_1000.png,"Rebecca Reyes",2026-06-26,Complete,"2026-06-26 10:32:08",11:00,08:00,"30 to 60 minutes","Between 6 and 7 hours","Three or more times a week","Fairly bad",Complete,"2026-06-26 10:38:09",,,,,,,,,"Not much at all",,"Not much at all",,"Not much at all",,,,,,,,,,,,,,,,Complete,"2026-06-26 10:41:09",.10,"100 minutes","24 days",3,1,20,Complete,"2026-06-26 10:42:25","Often true","Often true","Sometimes true","Never, or very rarely true","Never, or very rarely true","Often true","Rarely true","Sometimes true","Rarely true","Often true","Often true","Often true","Sometimes true","Rarely true","Sometimes true",Complete,"2026-06-26 10:43:52","Neither Untrue nor True","Very Untrue","Somewhat True","Neither Untrue nor True","Somewhat Untrue","Very Untrue","Somewhat Untrue","Very Untrue","Somewhat True","Neither Untrue nor True","Somewhat Untrue","Somewhat Untrue","Somewhat Untrue","Very Untrue","Neither Untrue nor True","Very Untrue","Very Untrue","Very Untrue","Somewhat Untrue","Very Untrue",Complete,,RSG,RDR,,2026-06-26,A,Medium,9029,12432,23545,14104,23099,16566,17453,19540,7082,11114,18566,9464,19400,11297,14171,16522,5170,9481,14468,5475,16045,8739,12266,14583,3470,8951,12119,3434,13173,7786,10316,12664,2121,8413,10404,1512,11464,7406,10249,12596,"No Stimulation Condition or Sham Condition","No Stimulation Condition or Sham Condition","No Stimulation Condition or Sham Condition","No Stimulation Condition or Sham Condition","Stimulation Condition","Stimulation Condition","No Stimulation Condition or Sham Condition","No Stimulation Condition or Sham Condition",No,,Complete,"2026-06-26 12:05:02",Mild,Remote,,Absent,,,Absent,,,Absent,,,Absent,,,Absent,,,Mild,Remote,,Absent,,,Absent,,,Absent,,,Complete,"2026-06-26 12:06:59",Yes,2026-06-26,"Julie Hazzard",signature_2026-06-26_1206.png,1966-04-14,,"332 S. Broad St., Kennett Square, PA 19348",Barriejulieruth@comcast.net,"Ryan Gephart",65573193,No,,,Complete,,,,,,,,,,,,,,Incomplete,,,,,,,,,,,,,Incomplete,,,,,,Incomplete,,,Incomplete
11622,,Yes,1176.663,,2026-06-10,1956-12-01,69.52,Murdock,"Murdock-Ullah ","Jeanette ",Female,,"(267) 615-7879",ducktail2009@gmail.com,Female,"Black or African American",,"Not Hispanic or Latino",,"1300 Lindley Ave",Philadelphia,"Pennsylvania ",19141,2022-06-25,PHILADELPHIA,Incomplete,,"(267) 615-7879",ducktail2009@gmail.com,Murdock,"Does not need to be recontacted",Payment,2026-07-06,,2026-06-15,JS,,2026-06-22,RG,,2026-06-22,RG,,2026-06-24,RG,,2026-06-29,JS,,2026-07-02,KMR,,2026-07-03,RG,,2026-07-03,RG,Incomplete,,"black, hits the back, loose",Yes,No,No,"2026-07-03 15:30",Complete,"2026-07-03 12:31:22",Yes,Yes,Yes,Yes,Yes,signature_2026-07-03_1227.png,"Jeanette Murdock-Ullah",2026-07-03,signature_2026-07-03_1231.png,"Katie Rodman",2026-07-03,Complete,"2026-07-03 12:54:57",22:00,06:00,"Less than 15","Between 6 and 7 hours","Once or twice a week","Fairly good",Complete,"2026-07-03 13:08:49",,,"Very much","Very much","Very much",,"Very much","Very much","Very much","Very much","Very much","Very much","Very much","Very much","Very much","Very much","Very much","Very much","Very much",,"Very much","Very much","Very much","Very much","Very much","Very much","Very much","Very much",Complete,"2026-07-03 13:14:47",2.00,200,96,8,30,30,Complete,"2026-07-03 13:17:56","Sometimes true","Very often, or always true","Sometimes true","Very often, or always true","Sometimes true","Rarely true","Sometimes true","Sometimes true","Very often, or always true","Rarely true","Very often, or always true","Sometimes true","Very often, or always true","Rarely true","Sometimes true",Complete,"2026-07-03 13:21:03","Neither Untrue nor True","Very True","Very True","Very True","Neither Untrue nor True","Very Untrue","Very True","Very Untrue","Very Untrue","Neither Untrue nor True","Neither Untrue nor True","Somewhat True","Neither Untrue nor True","Neither Untrue nor True","Neither Untrue nor True","Neither Untrue nor True","Neither Untrue nor True","Neither Untrue nor True","Somewhat True","Very Untrue",Complete,,RSG,KMR,,2026-07-03,A,Medium,2611,4884,5952,675,5306,2137,4749,10293,2616,4717,5161,282,4486,1255,3471,9021,,,,,,,,,,,,,,,,,,,,,,,,,"No Stimulation Condition or Sham Condition","Stimulation Condition","Stimulation Condition","No Stimulation Condition or Sham Condition",,,,,,,Incomplete,"2026-07-03 14:44:17",Absent,,,Mild,"None (not related)",,Absent,,,Absent,,,Absent,,,Absent,,,Mild,"None (not related)",,Absent,,,Absent,,,Absent,,,Complete,"2026-07-03 14:48:11",Yes,2026-07-03,"Jeanette Murdock-Ullah",signature_2026-07-03_1448.png,1956-12-01,,"1300 Lindley Ave Avenue Philadelphia, Pa 19141",jmurdock56@icloud.com,"Ryan Gephart",65582364,No,,,Complete,,,,,,,,,,,,,,Incomplete,,,,,,,,,,,,,Incomplete,,,,,,Incomplete,,,Incomplete
11628,,Yes,1365.533,Medium,2026-01-20,1970-01-02,56.05,Stephanie,Foster,Stephanie,Female,,"(805) 757-3657",journey88@hotmail.com,Female,"Black or African American",,"Not Hispanic or Latino",,"222 Heartleaf Ln",Magnolia,DE,19962,2010-07-11,Lynn,Complete," -visit was scheduled for 2/13, paid her $25 for her time and she completed the surveys but nothing else was complete due to issues with python  -needs to be rescheduled","(805) 757-3657",journey88@hotmail.com,Stephanie,"Does not need to be recontacted",Payment,2026-03-16,,2026-01-21,DS,,2026-01-25,PS,,2026-01-26,AD,,2026-02-17,FS,,2026-03-12,JS,,,,,,,,2026-03-19,JW,Incomplete,,"not that long  1c",Yes,No,No,"2026-03-16 10:00",Complete,,Yes,Yes,Yes,Yes,No,signature_2026-02-13_0823.png,"Stephanie Foster",2026-02-13,signature_2026-02-13_0824.png,"Puja Saha",2026-02-13,Complete,"2026-03-16 10:33:50",17:30,05:00,"15 to 30 minutes","Less than 7 hours","Once or twice a week","Fairly good",Complete,"2026-03-16 10:35:30",,,,,,,,,,,,,,"Very much",,,,,,,,,,,,,,,Complete,,.10,"20 min","24 days",6,30,20,Complete,,"Sometimes true","Sometimes true","Rarely true","Never, or very rarely true","Very often, or always true","Often true","Sometimes true","Rarely true","Never, or very rarely true","Never, or very rarely true","Sometimes true","Sometimes true","Sometimes true","Never, or very rarely true","Sometimes true",Complete,"2026-03-16 10:32:01","Very Untrue","Very Untrue","Somewhat True","Somewhat Untrue","Very True","Neither Untrue nor True","Somewhat Untrue","Somewhat Untrue","Somewhat Untrue","Somewhat Untrue","Somewhat True","Neither Untrue nor True","Somewhat Untrue","Neither Untrue nor True","Somewhat Untrue","Somewhat Untrue","Somewhat Untrue","Neither Untrue nor True","Somewhat Untrue","Neither Untrue nor True",Complete,,,,,2026-03-16,A,Medium,12333,19945,16011,6960,,,,,8073,17223,12102,6402,,,,,4026,14990,9830,5464,,,,,2225,13213,9134,4974,,,,,,,,,,,,,"Stimulation Condition","No Stimulation Condition or Sham Condition","No Stimulation Condition or Sham Condition","No Stimulation Condition or Sham Condition","Stimulation Condition","Stimulation Condition","Stimulation Condition","No Stimulation Condition or Sham Condition",No,,Incomplete,,Absent,,,Absent,,,Absent,,,Absent,,,Absent,,,Absent,,,Mild,Remote,,Absent,,,Absent,,,Absent,,,Incomplete,"2026-02-13 08:59:04",Yes,2026-02-13,"Stephanie Foster",signature_2026-02-13_0857.png,1970-01-02,,"222 Heartleaf Ln Magnolia DE 19961",Journey88@hotmail.com,"Puja Saha",,Yes,30,Gas,Complete,"2026-03-16 12:04:15",Yes,2026-03-16,"Stephanie Foster",signature_2026-03-16_1157.png,1970-01-02,"222 Heartleaf Ln",journey88@hotmail.com,"Abraham Dachs",25593160,Yes,30,"Driving 1:45 here and 1:45 back",Complete,2,https://customer.ngcecodes.com/r/TDw23JjqMPyS8Ez3jUVo1dkemNeFAaQdOtKs2vA9hyVgMgM98F6Z7ZlhhoQdnSuJ],https://egift.activationspot.com/?tid=657Q0RGVTJTZKC50AW2P8STYQC&gcm=y&gs=n&gw=n&eid=L83XYWK77APG0AAR097L30573R,,,5,50,,,,,"Amazon E-Codes",Incomplete,"2026-02-13 21:32:17","Reveal Compensation",2026-02-13,signature_2026-02-13_2131.png,"Stephanie Foster",Complete,,,Incomplete
11631,,Yes,1299.042,Small,2026-01-20,1969-01-31,56.97,Andrea,Kohn,Andrea,Female,,"(215) 704-4392",andrea31kohn@yahoo.com,Female,White,,"Not Hispanic or Latino",,"232 perry st","Elkins Park",PA,19027,2001-08-17,Phila,Complete,,"(215) 704-4392",andrea31kohn@yahoo.com,Andrea,"Does not need to be recontacted",Payment,2026-04-07,,2026-01-20,AD,,2026-01-20,AD,,2026-01-20,JW,,2026-03-27,JW,,,,,,,,2026-04-07,RG,,,,Complete,,"Straight shoulder-length hair",No,No,No,"2026-03-27 12:00",Complete,"2026-04-07 12:55:27",Yes,Yes,Yes,Yes,Yes,signature_2026-04-07_1254.png,"Andrea kohn",2026-04-07,signature_2026-04-07_1255.png,"Farhad Shah",2026-04-07,Complete,"2026-04-07 13:14:48",11:30,08:00,"15 to 30 minutes","More than 7 hours","Less than once a week","Fairly good",Complete,"2026-04-07 13:20:58",,,,,,,,,,,,,,,,,"Very much",,,"Very much",,"Very much",,"Very much",,"Very much","Very much",,Complete,"2026-04-07 13:26:06",.10,"100 minutes","24 days","3 elves","15 students",19,Complete,"2026-04-07 13:27:54","Rarely true","Very often, or always true","Never, or very rarely true","Never, or very rarely true","Very often, or always true","Sometimes true","Never, or very rarely true","Sometimes true","Never, or very rarely true","Often true","Sometimes true","Very often, or always true","Sometimes true","Never, or very rarely true","Often true",Complete,"2026-04-07 13:30:10","Somewhat Untrue","Neither Untrue nor True","Somewhat Untrue","Neither Untrue nor True","Very Untrue","Very Untrue","Somewhat Untrue","Very Untrue","Somewhat Untrue","Neither Untrue nor True","Very Untrue","Somewhat True","Very Untrue","Neither Untrue nor True","Very Untrue","Neither Untrue nor True","Very Untrue","Neither Untrue nor True","Very Untrue","Neither Untrue nor True",Complete,,FS,DDS,,2026-04-07,A,Medium,6357,9708,8194,493,,,,,305,8624,6578,2035,,,,,,,,,,,,,,,,,,,,,,,,,,,,,"No Stimulation Condition or Sham Condition","No Stimulation Condition or Sham Condition","Stimulation Condition","No Stimulation Condition or Sham Condition","No Stimulation Condition or Sham Condition","Stimulation Condition","No Stimulation Condition or Sham Condition","No Stimulation Condition or Sham Condition",No,,Complete,,Absent,,,Absent,,,Absent,,,Absent,,,Absent,,,Absent,,,Absent,,,Absent,,,Absent,,,Absent,,,Incomplete,"2026-04-07 14:54:38",Yes,2026-04-07,"Andrea kohn",signature_2026-04-07_1452.png,1969-01-31,,"232 Perry st Elkins park Pa 19027",andrea31kohn@yahoo.com,Farhad,35586857,Yes,10,"Drove here",Complete,,,2026-04-07,,,1969-01-31,,andrea31kohn@yahoo.com,,,,,,Incomplete,,,,,,,,,,,,,Incomplete,,,,,,Incomplete,,,Incomplete
11660,,,,,2026-03-16,,,,,,,,,,,,,,,,,,,,,Incomplete,,,,,,,,,,,,,,,,,,,,,,,,,,,,,,,,Incomplete,,,,,,,Incomplete,,,,,,,,,,,,,Incomplete,,,,,,,,Incomplete,,,,,,,,,,,,,,,,,,,,,,,,,,,,,,Incomplete,,,,,,,,Incomplete,,,,,,,,,,,,,,,,,Incomplete,,,,,,,,,,,,,,,,,,,,,,Incomplete,,,,,,,,,,,,,,,,,,,,,,,,,,,,,,,,,,,,,,,,,,,,,,,,,,,,,,,,,,Incomplete,,,,,,,,,,,,,,,,,,,,,,,,,,,,,,,,Incomplete,,,,,,,,,,,,,,,Incomplete,,,,,,,,,,,,,,Incomplete,,,,,,,,,,,,,Incomplete,,,,,,Incomplete,,,Incomplete
11674,,Yes,1573.291,,2026-06-09,1968-12-27,57.45,Desmond,Ryan,Desmond,Male,,"(484) 686-7564",desmond_ryan@verizon.net,Male,White,,"Not Hispanic or Latino",,"2146 E County Line Rd",Atdmore,PA,19003,2003-01-15,Narberth,Incomplete,"wants to review safety guide before deciding (6/29, RG)","(484) 686-7564",desmond_ryan@verizon.net,Desmond,"Does not need to be recontacted","Check Eligibility",2026-07-20,,2026-06-12,RDR,,2026-06-29,RG,,2026-06-29,RG,,,,,,,,,,,,,,,,Incomplete,"Send paper",,Yes,No,No,,Unverified,,,,,,,,,,,,,Incomplete,,,,,,,,Incomplete,,,,,,,,,,,,,,,,,,,,,,,,,,,,,,Incomplete,,,,,,,,Incomplete,,,,,,,,,,,,,,,,,Incomplete,,,,,,,,,,,,,,,,,,,,,,Incomplete,,,,,,,,,,,,,,,,,,,,,,,,,,,,,,,,,,,,,,,,,,,,,,,,,,,,,,,,,,Incomplete,,,,,,,,,,,,,,,,,,,,,,,,,,,,,,,,Incomplete,,,,,,,,,,,,,,,Incomplete,,,,,,,,,,,,,,Incomplete,,,,,,,,,,,,,Incomplete,,,,,,Incomplete,,,Incomplete
11681,,Yes,1479.347,,2026-05-22,1965-02-09,61.28,Douglas,Cohen,Doug,Male,,"(856) 816-5113",Cohen.doug@comcast.net,Male,White,,"Not Hispanic or Latino",,"11 Hollybrook Way",Voorhees,NJ,08043,2002-01-19,"River Edge",Incomplete,,"(856) 816-5113",Cohen.doug@comcast.net,Douglas,"Does not need to be recontacted",Payment,2026-06-16,,2026-05-26,RG,,2026-06-02,JS,,2026-06-05,JS,,2026-06-05,JS,,2026-06-11,JS,,,,,2026-06-15,RG,,2026-06-15,RG,Incomplete,,,Yes,No,No,"2026-06-15 11:00",Incomplete,"2026-06-15 11:02:08",Yes,Yes,Yes,Yes,Yes,signature_2026-06-15_1101.png,"Douglas S. Cohen",2026-06-15,signature_2026-06-15_1102.png,"Katie Rodman",2026-06-15,Complete,"2026-06-15 11:18:03",23:00,05:00,"15 to 30 minutes","Between 5 and 6 hours","Once or twice a week","Fairly bad",Complete,"2026-06-15 11:25:22",,"Not much at all",,,,"Not much at all",,,"Not much at all",,,,,"Not much at all",,,"Very much",,,,,,,,,,,,Complete,"2026-06-15 11:27:34",$.05,"5 minutes","47 days",3,29,15,Complete,"2026-06-15 11:29:13","Sometimes true","Sometimes true","Rarely true","Rarely true","Often true","Rarely true","Sometimes true","Rarely true","Sometimes true","Often true","Often true","Sometimes true","Rarely true","Sometimes true","Often true",Complete,"2026-06-15 11:31:50","Somewhat Untrue","Somewhat True","Somewhat Untrue","Very True","Somewhat True","Somewhat Untrue","Somewhat True","Very Untrue","Very True","Somewhat Untrue","Neither Untrue nor True","Somewhat Untrue","Neither Untrue nor True","Very Untrue","Somewhat Untrue","Somewhat Untrue","Neither Untrue nor True","Very Untrue","Somewhat True","Somewhat Untrue",Complete,"EOG1: 9678    EOG1 second check: 6545",JMS,KMR,,2026-06-15,B,Medium,2024,7306,8834,2665,4160,1393,3969,,3156,5493,5330,671,2791,100,2140,,,,,,,,,,,,,,,,,,,,,,,,,,"No Stimulation Condition or Sham Condition","No Stimulation Condition or Sham Condition","Stimulation Condition","Stimulation Condition","No Stimulation Condition or Sham Condition","No Stimulation Condition or Sham Condition","Stimulation Condition","No Stimulation Condition or Sham Condition",No,,Complete,"2026-06-15 12:43:41",Absent,,,Absent,,,Absent,,,Absent,,,Absent,,,Absent,,,Mild,Remote,"Probably tired when I came in, so difficult to say.",Absent,,,Absent,,,Absent,,,Complete,"2026-06-15 12:47:07",Yes,2026-06-15,"Doug Cohen",signature_2026-06-15_1246.png,1965-02-09,,"11 Hollybrook Way, Voorhees, NJ 08043",Cohen.doug@comcast.net,"Jenelle Scholl",65589105,Yes,12,"Septa, patco ",Complete,,,,,,,,,,,,,,Incomplete,,,,,,,,,,,,,Incomplete,,,,,,Incomplete,,,Incomplete
11722,,Yes,1344.803,Small,2026-01-20,1969-12-12,56.11,Mary,Miller,Mary,Female,,"(267) 795-8518",Marymiller33@gmail.com,Female,White,,"Not Hispanic or Latino",,"52 Rotterdam Rd East",Holland,PA,18966,2005-10-15,Holland,Incomplete,"She said the payment wasn't enough to justify coming in - AD 1/26/2026","(267) 795-8518",Marymiller33@gmail.com,Mary,"Does not need to be recontacted","Schedule Phone Screener",2026-01-26,,2026-01-20,AD,,,,,,,,,,,,,,,,,,,,,,Incomplete,,,,,,,Incomplete,,,,,,,,,,,,,Incomplete,,,,,,,,Incomplete,,,,,,,,,,,,,,,,,,,,,,,,,,,,,,Incomplete,,,,,,,,Incomplete,,,,,,,,,,,,,,,,,Incomplete,,,,,,,,,,,,,,,,,,,,,,Incomplete,,,,,,,,,,,,,,,,,,,,,,,,,,,,,,,,,,,,,,,,,,,,,,,,,,,,,,,,,,Incomplete,,,,,,,,,,,,,,,,,,,,,,,,,,,,,,,,Incomplete,,,,,,,,,,,,,,,Incomplete,,,,,,,,,,,,,,Incomplete,,,,,,,,,,,,,Incomplete,,,,,,Incomplete,,,Incomplete
11723,,Yes,1390.783,Medium,2026-01-20,1969-02-26,56.9,Gregory,Lattanzi,Gregory,Male,,"(215) 970-4132",gregory.lattanzi@temple.edu,Male,White,,"Not Hispanic or Latino",,"61 E Mermaid Ln","Philadelphia ",PA,19118,2016-03-01,Bellmore,Complete,"Call at 3:00pm on 1/22/26 ","(215) 970-4132",gregory.lattanzi@temple.edu,Gregory,"Does not need to be recontacted","Schedule Visit",2026-01-26,,2026-01-21,PS,,2026-01-23,AD,,2026-01-26,PS,,,,,,,,,,,,,,,,Incomplete,,"1C; very short on sides and back ",,Yes,No,,Complete,,,,,,,,,,,,,Incomplete,,,,,,,,Incomplete,,,,,,,,,,,,,,,,,,,,,,,,,,,,,,Incomplete,,,,,,,,Incomplete,,,,,,,,,,,,,,,,,Incomplete,,,,,,,,,,,,,,,,,,,,,,Incomplete,,,,,,,,,,,,,,,,,,,,,,,,,,,,,,,,,,,,,,,,,,,,,,,,,,,,,,,,,,Incomplete,,,,,,,,,,,,,,,,,,,,,,,,,,,,,,,,Incomplete,,,,,,,,,,,,,,,Incomplete,,,,,,,,,,,,,,Incomplete,,,,,,,,,,,,,Incomplete,,,,,,Incomplete,,,Incomplete
11726,,,,,2026-02-27,,,,,,,,,,,,,,,,,,,,,Incomplete,"Not sure how this person ended up in QUO but they don't have a sub-ID or record for RF1, possibly a typo in the sub-ID? Scheduled the phone screener for them for between 2 and 5 on Monday 3/9, maybe we can get it squared away then if we can't dig up info before then",,,,"Does not need to be recontacted","Phone Screener",2026-03-09,,,,,2026-03-05,JW,,,,,,,,,,,,,,,,,,,Incomplete,,,,,,,Incomplete,,,,,,,,,,,,,Incomplete,,,,,,,,Incomplete,,,,,,,,,,,,,,,,,,,,,,,,,,,,,,Incomplete,,,,,,,,Incomplete,,,,,,,,,,,,,,,,,Incomplete,,,,,,,,,,,,,,,,,,,,,,Incomplete,,,,,,,,,,,,,,,,,,,,,,,,,,,,,,,,,,,,,,,,,,,,,,,,,,,,,,,,,,Incomplete,,,,,,,,,,,,,,,,,,,,,,,,,,,,,,,,Incomplete,,,,,,,,,,,,,,,Incomplete,,,,,,,,,,,,,,Incomplete,,,,,,,,,,,,,Incomplete,,,,,,Incomplete,,,Incomplete
11773,,Yes,1434.529,Medium,2026-01-20,1969-08-20,56.42,Anne,Crew,Anne,Female,,"(610) 772-7287",annecrew@comcast.net,Female,White,,"Not Hispanic or Latino",,"1488 Stratford Court","Pottstown ",PA,19465,1998-05-15,Duryea,Complete,,"(610) 772-7287",annecrew@comcast.net,Anne,"Does not need to be recontacted",Payment,2026-02-05,,2026-01-21,PS,,2026-01-23,AD,,2026-01-26,AD,,2026-01-26,MW,,2026-02-03,MW,,2026-02-04,PS,,,,,,,Complete,,"shoulder length, and curly, not super dense. ",No,No,No,,Complete,"2026-02-05 12:06:12",Yes,Yes,Yes,Yes,Yes,signature_2026-02-05_1204.png,"Anne V Crew",2026-02-05,signature_2026-02-05_1205.png,"Ryan Gephart",2026-02-05,Complete,"2026-02-05 12:30:12",21:30,05:00,"Less than 15","Less than 7 hours","Three or more times a week","Fairly good",Complete,"2026-02-05 12:37:36",,"Not much at all","Not much at all",,,"Not much at all",,,"Not much at all",,,"Not much at all",,"Not much at all",,,,,,"Very much",,,,,,,,,Complete,"2026-02-05 12:41:49",.10,100,47,3,29,20,Complete,"2026-02-05 12:44:03","Sometimes true","Often true","Rarely true","Never, or very rarely true","Often true","Never, or very rarely true","Rarely true","Sometimes true","Never, or very rarely true","Often true","Sometimes true","Rarely true","Sometimes true","Rarely true","Often true",Complete,,,,,,,,,,,,,,,,,,,,,,Incomplete,"REDCap counterbalance randomizer was not working, used CB B    Halfway Impedance Check:  F3: 1900  FP1: 8227  CZ: 8419  FT7: 304",,,,2026-02-05,B,Medium,3061,11351,12184,3525,,,,,100,9360,10259,1494,,,,,264,9133,9843,1161,,,,,,,,,,,,,,,,,,,,,"No Stimulation Condition or Sham Condition","Stimulation Condition","No Stimulation Condition or Sham Condition","Stimulation Condition","Stimulation Condition","Stimulation Condition","Stimulation Condition","No Stimulation Condition or Sham Condition",,,Incomplete,,Absent,,,Absent,,,Absent,,,Absent,,,Absent,,,Absent,,,Mild,"None (not related)",,Absent,,,Absent,,,Absent,,,Incomplete,,,,,,,,,annecrew@comcast.net,,,Yes,15,"Regional rail here and back",Incomplete,,,,,,,,,,,,,,Incomplete,3,https://egift.activationspot.com/?tid=657Q0RGVTJTZKC50AW2P8STYQC&gcm=y&gs=n&gw=n&eid=BQCAV3TL0L6AHAV9VNLLVN79XM,https://egift.activationspot.com/?tid=657Q0RGVTJTZKC50AW2P8STYQC&gcm=y&gs=n&gw=n&eid=MJG0PGWP44MDJGGJRB6436YN6C,https://egift.activationspot.com/?tid=657Q0RGVTJTZKC50AW2P8STYQC&gcm=y&gs=n&gw=n&eid=P4K22Y7Q6D2YGX3VAHCJP4DZ00,,50,50,20,,,,"Amazon E-Codes",Complete,"2026-02-05 17:51:32","Reveal Compensation",2026-02-05,signature_2026-02-05_1750.png,"Anne V Crew",Complete,,,Incomplete
11815,,Yes,,,2026-05-22,1961-12-10,64.45,"Robert ","Goldberg ","Bob ",Male,,"(215) 850-9179",Goldbergbob@comcast.net,Male,White,,"Not Hispanic or Latino",,"856 Bell Lane","Maple Glen ",Pa,19002,2010-12-01,Ca,Incomplete,,"(215) 850-9179",Goldbergbob@comcast.net,"Robert ","Does not need to be recontacted","Schedule Phone Screener",2026-06-15,,2026-05-27,RDR,,,,,,,,,,,,,,,,,,,,,,Incomplete,,,,,,,Incomplete,,,,,,,,,,,,,Incomplete,,,,,,,,Incomplete,,,,,,,,,,,,,,,,,,,,,,,,,,,,,,Incomplete,,,,,,,,Incomplete,,,,,,,,,,,,,,,,,Incomplete,,,,,,,,,,,,,,,,,,,,,,Incomplete,,,,,,,,,,,,,,,,,,,,,,,,,,,,,,,,,,,,,,,,,,,,,,,,,,,,,,,,,,Incomplete,,,,,,,,,,,,,,,,,,,,,,,,,,,,,,,,Incomplete,,,,,,,,,,,,,,,Incomplete,,,,,,,,,,,,,,Incomplete,,,,,,,,,,,,,Incomplete,,,,,,Incomplete,,,Incomplete
11829,,Yes,1254.68,,2026-01-20,1969-02-27,56.9,Jeannie,"Gross ","Jeannie ",Female,,"(609) 553-1070",angel2earth@comcast.net,Female,White,,"Not Hispanic or Latino",,"407 Maple Ave","Delanco ",NJ,08075,1995-08-01,"cinnaminson ",Complete,,"(609) 553-1070",angel2earth@comcast.net,Jeannie,"Does not need to be recontacted","Visit Reminder (4 days before)",2026-02-12,,2026-01-21,PS,,2026-01-21,PS,,2026-01-21,PS,,,?,,,,,,,,,,,,,Complete,,"Past shoulder blades     Thin hair; curly ",,Yes,No,,Incomplete,,,,,,,,,,,,,Incomplete,,,,,,,,Incomplete,,,,,,,,,,,,,,,,,,,,,,,,,,,,,,Incomplete,,,,,,,,Incomplete,,,,,,,,,,,,,,,,,Incomplete,,,,,,,,,,,,,,,,,,,,,,Incomplete,,,,,,,,,,,,,,,,,,,,,,,,,,,,,,,,,,,,,,,,,,,,,,,,,,,,,,,,,,Incomplete,,,,,,,,,,,,,,,,,,,,,,,,,,,,,,,,Incomplete,,,,,,,,,,,,,,,Incomplete,,,,,,,,,,,,,,Incomplete,,,,,,,,,,,,,Incomplete,,,,,,Incomplete,,,Incomplete
11837,,Yes,,,2026-06-10,1969-09-15,56.73,Tracey,Heckstall,Tracey,Female,,"(267) 266-9315",firststepstlh69@gmail.com,Female,"Black or African American",,"Not Hispanic or Latino",,"1407 N. 7th Street","Philadelphia ",PA,19122,2010-10-20,Philadelphia,Incomplete,,"(267) 266-9315",firststepstlh69@gmail.com,Tracey,"Does not need to be recontacted","Schedule Phone Screener",2026-06-17,,2026-06-15,JS,,,,,,,,,,,,,,,,,,,,,,Incomplete,," -hair prevents participation",,,,,Incomplete,,,,,,,,,,,,,Incomplete,,,,,,,,Incomplete,,,,,,,,,,,,,,,,,,,,,,,,,,,,,,Incomplete,,,,,,,,Incomplete,,,,,,,,,,,,,,,,,Incomplete,,,,,,,,,,,,,,,,,,,,,,Incomplete,,,,,,,,,,,,,,,,,,,,,,,,,,,,,,,,,,,,,,,,,,,,,,,,,,,,,,,,,,Incomplete,,,,,,,,,,,,,,,,,,,,,,,,,,,,,,,,Incomplete,,,,,,,,,,,,,,,Incomplete,,,,,,,,,,,,,,Incomplete,,,,,,,,,,,,,Incomplete,,,,,,Incomplete,,,Incomplete
11853,,Yes,,,2026-05-22,1961-05-21,65,June,"Lewandowski ",June,Female,,"(267) 987-2212",Mrsjlew@gmail.com,Female,White,,"Not Hispanic or Latino",,"1342 Oxford valley road",Yardley,Pa,19067,1986-03-01,"Feasterville ",Incomplete,"Wanted to schedule visit in September, just waiting for confirmation if they can schedule in early July (6/11, DS)","(267) 987-2212",Mrsjlew@gmail.com,June,"Does not need to be recontacted","Schedule Visit",2026-06-25,,2026-06-08,RG,,2026-06-08,AL,,,,,,,,,,,,,,,,,,,Incomplete,,,Yes,No,No,,Complete,,,,,,,,,,,,,Incomplete,,,,,,,,Incomplete,,,,,,,,,,,,,,,,,,,,,,,,,,,,,,Incomplete,,,,,,,,Incomplete,,,,,,,,,,,,,,,,,Incomplete,,,,,,,,,,,,,,,,,,,,,,Incomplete,,,,,,,,,,,,,,,,,,,,,,,,,,,,,,,,,,,,,,,,,,,,,,,,,,,,,,,,,,Incomplete,,,,,,,,,,,,,,,,,,,,,,,,,,,,,,,,Incomplete,,,,,,,,,,,,,,,Incomplete,,,,,,,,,,,,,,Incomplete,,,,,,,,,,,,,Incomplete,,,,,,Incomplete,,,Incomplete
11854,,Yes,,,2026-06-09,1954-07-15,71.9,Rajagopalan,Srinivasan,Rajagopalan,Male,,"(774) 254-4916",s@srin.me,Male,Asian,,"Not Hispanic or Latino",,"65 S Merion Ave","Bryn Mawr",PA,19010,2021-04-21,"Erode India",Incomplete,,"(774) 254-4916",s@srin.me,Rajagopalan,"Does not need to be recontacted",Payment,2026-07-16,,2026-06-12,RDR,,2026-06-18,JS,,2026-06-25,JS,,2026-07-07,JS,,2026-07-10,RG,,2026-07-14,JS,,2026-07-17,RG,,2026-07-17,AD,Complete,,,Yes,No,No,"2026-07-15 10:00",Complete,"2026-07-15 14:05:26",Yes,Yes,Yes,Yes,Yes,signature_2026-07-15_1404.png,"Rajagopalan Srinivasan ",2026-07-15,signature_2026-07-15_1405.png,"Abraham Dachs",2026-07-15,Complete,"2026-07-15 14:30:15",21:00,05:30,"Less than 15","Between 5 and 6 hours","Once or twice a week","Fairly good",Complete,"2026-07-15 14:36:40",,,,,,,,,,,,,,"Not much at all","Very much",,,,"Very much","Very much",,,"Very much",,,,"Very much",,Complete,"2026-07-15 14:39:57",.05,100,47,3,29,15,Complete,"2026-07-15 14:41:57","Very often, or always true","Often true","Sometimes true","Sometimes true","Sometimes true","Often true","Rarely true","Rarely true","Sometimes true","Sometimes true","Sometimes true","Sometimes true","Sometimes true","Sometimes true","Rarely true",Complete,"2026-07-15 14:44:51","Neither Untrue nor True","Very Untrue","Somewhat True","Neither Untrue nor True","Somewhat True","Somewhat Untrue","Somewhat Untrue","Very Untrue","Somewhat Untrue","Somewhat True","Very True","Neither Untrue nor True","Neither Untrue nor True","Neither Untrue nor True","Neither Untrue nor True","Very Untrue","Somewhat Untrue","Very Untrue","Neither Untrue nor True","Somewhat Untrue",Complete,"Impedance was recorded but the data erased somehow - AD",DDS,AD,YH,2026-07-15,B,,,,,,,,,,,,,,,,,,,,,,,,,,,,,,,,,,,,,,,,,,,,,,,,,,,,Incomplete,,,,,,,,,,,,,,,,,,,,,,,,,,,,,,,,Incomplete,"2026-07-15 11:53:46",Yes,2026-07-15,"Rajagopalan srinivasan",signature_2026-07-15_1152.png,1954-07-15,15-JUL-1954,"65 S Merion Ave, Bryn Mawr, PA 19010",s@srin.me,"Abraham Dachs",25563749,No,,,Complete,,,,,,,,,,,,,,Incomplete,,,,,,,,,,,,,Incomplete,,,,,,Incomplete,,,Incomplete
11861,,Yes,1362.696,,2026-06-10,1999-12-23,26.46,Emily,Gunkel,Emil,Male,,"(484) 987-4907",ermherm@yahoo.com,Female,Asian,,"Not Hispanic or Latino",,"4209 Baltimore Ave",Philadelphia,PA,19121,2024-08-26,Leesport,Incomplete,,"(484) 987-4907",ermherm@yahoo.com,Emily,"Does not need to be recontacted",Payment,2026-06-24,,2026-06-16,JS,,2026-06-16,JS,,2026-06-16,RDR,,2026-06-16,RDR,,2026-06-19,RDR,,2026-06-23,RDR,,2026-06-24,RG,,2026-06-24,RG,Incomplete,,,Yes,No,No,"2026-06-24 12:00",Complete,"2026-06-24 12:10:36",Yes,Yes,Yes,Yes,Yes,signature_2026-06-24_1210.png,"Emil Gunkel",2026-06-24,signature_2026-06-24_1210.png,"Jenelle Scholl",2026-06-24,Complete,"2026-06-24 12:26:09",02:00,09:00,"30 to 60 minutes","More than 7 hours","Not during the past month","Fairly good",Complete,"2026-06-24 12:33:54",,,,,,,,,,,,,,,,,,,,,,,,,,,,,Complete,"2026-06-24 12:37:29",0.10,5,47,3,30,15,Complete,"2026-06-24 12:39:31","Often true","Sometimes true","Often true","Often true","Rarely true","Sometimes true","Very often, or always true","Sometimes true","Often true","Rarely true","Sometimes true","Rarely true","Often true","Often true","Rarely true",Complete,"2026-06-24 12:41:20","Neither Untrue nor True","Somewhat Untrue","Somewhat True","Neither Untrue nor True","Somewhat True","Very Untrue","Very True","Neither Untrue nor True","Very True","Somewhat True","Very True","Neither Untrue nor True","Neither Untrue nor True","Somewhat True","Very True","Very Untrue","Somewhat True","Somewhat True","Somewhat True","Somewhat Untrue",Complete,,DS,JS,,2026-06-24,A,Small,1349,7109,6268,5457,5105,6121,5322,4015,100,3439,2806,4244,2706,2893,2998,3113,,,,,,,,,,,,,,,,,,,,,,,,,"No Stimulation Condition or Sham Condition","No Stimulation Condition or Sham Condition","Stimulation Condition","Stimulation Condition","No Stimulation Condition or Sham Condition","No Stimulation Condition or Sham Condition","Stimulation Condition","Stimulation Condition",No,,Incomplete,"2026-06-24 14:00:59",Absent,,,Absent,,,Absent,,,Absent,,,Absent,,,Absent,,,Mild,"None (not related)",,Mild,"None (not related)",,Absent,,,Absent,,,Complete,"2026-06-24 14:02:40",Yes,2026-06-24,"Emil Gunkel",signature_2026-06-24_1401.png,1999-12-23,,"924 Farragut Ter, Philadelphia PA 19143",ermherm@yahoo.com,"Dilver Diljit Singh",35580120,Yes,$6,Septa,Complete,,,,,,,,,,,,,,Incomplete,,,,,,,,,,,,,Incomplete,,,,,,Incomplete,,,Incomplete
11867,,Yes,1392.01,,2026-05-22,2000-03-15,26.19,Benjamin,Smith,Ben,Male,,"(215) 354-7070",benjaminjsmith2000@gmail.com,Male,"Two or more races, or race not described (other)",,"Not Hispanic or Latino",,"124 Meadowbrook Dr.","Huntingdon Valley",PA,19006,2024-06-17,N\A,Incomplete,"participant rescheduled 6/23 visit (-RG)","(215) 354-7070",benjaminjsmith2000@gmail.com,Benjamin,"Does not need to be recontacted","Schedule Visit",2026-07-20,,2026-06-08,AL,,,,,2026-06-12,RDR,,2026-06-12,RDR,,2026-06-19,RDR,,2026-06-22,KMR,,,,,,,Incomplete,,,Yes,No,No,"2026-06-23 17:00",Complete,,,,,,,,,,,,,Incomplete,,,,,,,,Incomplete,,,,,,,,,,,,,,,,,,,,,,,,,,,,,,Incomplete,,,,,,,,Incomplete,,,,,,,,,,,,,,,,,Incomplete,,,,,,,,,,,,,,,,,,,,,,Incomplete,,,,,,,,,,,,,,,,,,,,,,,,,,,,,,,,,,,,,,,,,,,,,,,,,,,,,,,,,,Incomplete,,,,,,,,,,,,,,,,,,,,,,,,,,,,,,,,Incomplete,,,,,,,,,,,,,,,Incomplete,,,,,,,,,,,,,,Incomplete,,,,,,,,,,,,,Incomplete,,,,,,Incomplete,,,Incomplete
11885,,Yes,,,2026-06-10,1968-08-29,57.78,Monica,Butler,Monica,Female,,"(215) 266-2586",Monicaybutler@gmaol.com,Female,"Black or African American",,"Not Hispanic or Latino",,"7024 woolston ave",Phila,Pa,19138,1995-02-02,Philadelphua,Incomplete,,"(215) 266-2586",Monicaybutler@gmaol.com,Monica,"Does not need to be recontacted",Payment,2026-07-01,,2026-06-16,JS,,2026-06-16,RDR,,2026-06-18,DS,,2026-06-18,DS,,2026-06-26,RG,,2026-06-29,JS,,2026-06-30,RG,,2026-06-30,RG,Complete,,,Yes,No,No,,Incomplete,"2026-06-30 16:15:25",Yes,Yes,Yes,Yes,Yes,signature_2026-06-30_1614.png,"Monica Butler",2026-06-30,signature_2026-06-30_1615.png,"Ryan Gephart",2026-06-30,Complete,"2026-06-30 16:45:01",21:00,03:00,"15 to 30 minutes","Less than 7 hours","Three or more times a week","Very bad",Complete,"2026-06-30 16:49:39",,"Not much at all",,,,,,"Not much at all",,,,,,"Not much at all",,,,,,,,,,,,"Very much","Very much","Very much",Complete,"2026-06-30 16:51:47",.1,500,96,2,31,20,Complete,"2026-06-30 16:52:56","Often true","Very often, or always true","Rarely true","Sometimes true","Often true","Often true","Never, or very rarely true","Sometimes true","Sometimes true","Sometimes true","Often true","Very often, or always true","Sometimes true","Sometimes true","Sometimes true",Complete,"2026-06-30 16:54:29","Very Untrue","Very Untrue","Very Untrue","Neither Untrue nor True","Neither Untrue nor True","Somewhat Untrue","Somewhat Untrue","Very Untrue","Neither Untrue nor True","Somewhat Untrue","Somewhat Untrue","Neither Untrue nor True","Very Untrue","Neither Untrue nor True","Somewhat Untrue","Very Untrue","Somewhat Untrue","Somewhat Untrue","Very Untrue","Very Untrue",Complete,,RDR,RSG,CAK,2026-06-30,A,Medium,19179,23777,36854,26672,46712,37013,32220,29729,15982,21363,33531,23712,39696,30231,28239,27880,9639,16801,21715,12597,29625,20877,22017,23996,7290,14141,12293,9062,26928,18172,20925,23096,6308,14593,92200,8316,25004,16475,19956,22104,,,,,,,,,,,Incomplete,"2026-06-30 18:26:38",Mild,Possible,,Absent,,,Absent,,,Absent,,,Mild,Possible,,Absent,,,Absent,,,Absent,,,Absent,,,Absent,,,Complete,,,,,,,,,,,,,,,Incomplete,"2026-06-30 18:28:57",Yes,2026-06-30,"Monica butler",signature_2026-06-30_1827.png,1968-08-29,"7024 woolston Ave Phila pa 19138",Monicaybutler@gmaol.com,"Rebecca Reyes",45568457,Yes,30,Parking,Complete,,,,,,,,,,,,,Incomplete,,,,,,Incomplete,,,Incomplete
11900,,Yes,,,2026-06-10,1964-07-12,61.91,Heather,Ronca,Heather,Female,,"(610) 329-4688",Hronca@verizon.net,Female,White,,"Not Hispanic or Latino",,"322 Highland Ave",Ambler,PA,19002,2021-05-15,"Bala Cynwyd",Incomplete," -visit needs rescheduled","(610) 329-4688",Hronca@verizon.net,Heather,"Does not need to be recontacted","Check for Visit Completion",2026-07-10,,2026-06-16,JS,,2026-06-16,JS,,2026-06-16,RDR,,2026-07-02,KMR,,2026-07-07,JS,,,,,2026-07-10,RG,,2026-07-10,RG,Incomplete,,,Yes,No,No,"2026-07-10 11:00",Complete,"2026-07-10 10:18:03",Yes,Yes,Yes,Yes,Yes,signature_2026-07-10_1017.png,"Heather Ronca",2026-07-10,signature_2026-07-10_1017.png,"Labib Sheikh",2026-07-10,Complete,"2026-07-10 10:21:33",22:00,06:00,"Less than 15","Between 6 and 7 hours","Three or more times a week","Fairly good",Complete,"2026-07-10 10:28:00",,,,,,,,,,,"Not much at all",,,,"Very much",,,,,,"Very much","Very much","Very much",,,,,,Complete,"2026-07-10 10:39:46",.10,100,47,3,29,45,Complete,"2026-07-10 10:41:34","Sometimes true","Rarely true","Often true","Sometimes true","Sometimes true","Often true","Rarely true","Sometimes true","Sometimes true","Rarely true","Very often, or always true","Often true","Sometimes true","Sometimes true","Rarely true",Complete,"2026-07-10 10:43:30","Somewhat Untrue","Somewhat Untrue","Somewhat Untrue","Somewhat True","Somewhat True","Very Untrue","Somewhat Untrue","Very Untrue","Very True","Somewhat True","Neither Untrue nor True","Very Untrue","Somewhat Untrue","Somewhat Untrue","Very Untrue","Neither Untrue nor True","Somewhat Untrue","Very Untrue","Very True","Very Untrue",Complete,,JMS,LS,,2026-07-10,A,Medium,2359,8425,6146,2229,15589,11399,16433,18625,2608,8033,5750,2609,11750,8118,11859,14163,2789,7857,5361,2794,10330,5390,8441,10940,,,,,,,,,,,,,,,,,,,,,,,,,,,Incomplete,"2026-07-10 12:30:03",Absent,,,Absent,,,Absent,,,Absent,,,Mild,Probable,"Only felt tingling on my scalp during some of the runs.",Absent,,,Mild,Probable,"Probably due to the repetitiveness of the tasks.",Absent,,,Absent,,,Absent,,,Complete,"2026-07-10 12:31:59",Yes,2026-07-10,"Heather Ronca",signature_2026-07-10_1231.png,1964-07-12,12-JUL-1964,"322 Highland Ave, Ambler, PA 19002",Hronca@verizon.net,"Jenelle Scholl",55574626,Yes,$14,"parking lot",Complete,,,,,,,,,,,,,,Incomplete,,,,,,,,,,,,,Incomplete,,,,,,Incomplete,,,Incomplete
11909,,,,,2026-03-13,,,,,,,,,,,,,,,,,,,,,Incomplete,"Someone reached out to him before he finished his RF1 Scan. His scan is scheduled for 3/23 and he leaves Philly on 4/9. I told him we'd reach out after his scan and get him scheduled for TACS - AD 3/13/2026",,,,,"Schedule Phone Screener",2026-03-24,,2026-03-13,?,,,,,,,,,,,,,,,,,,,,,,Complete,,,,,,,Incomplete,,,,,,,,,,,,,Incomplete,,,,,,,,Incomplete,,,,,,,,,,,,,,,,,,,,,,,,,,,,,,Incomplete,,,,,,,,Incomplete,,,,,,,,,,,,,,,,,Incomplete,,,,,,,,,,,,,,,,,,,,,,Incomplete,,,,,,,,,,,,,,,,,,,,,,,,,,,,,,,,,,,,,,,,,,,,,,,,,,,,,,,,,,Incomplete,,,,,,,,,,,,,,,,,,,,,,,,,,,,,,,,Incomplete,,,,,,,,,,,,,,,Incomplete,,,,,,,,,,,,,,Incomplete,,,,,,,,,,,,,Incomplete,,,,,,Incomplete,,,Incomplete
11913,,,,,2026-03-26,,,,,,,,,,,,,,,,,,,,,Incomplete,,,,,,,,,,,,,,,,,,,,,,,,,,,,,,,,Incomplete,,,,,,,Incomplete,,,,,,,,,,,,,Incomplete,,,,,,,,Incomplete,,,,,,,,,,,,,,,,,,,,,,,,,,,,,,Incomplete,,,,,,,,Incomplete,,,,,,,,,,,,,,,,,Incomplete,,,,,,,,,,,,,,,,,,,,,,Incomplete,,,,,,,,,,,,,,,,,,,,,,,,,,,,,,,,,,,,,,,,,,,,,,,,,,,,,,,,,,Incomplete,,,,,,,,,,,,,,,,,,,,,,,,,,,,,,,,Incomplete,,,,,,,,,,,,,,,Incomplete,,,,,,,,,,,,,,Incomplete,,,,,,,,,,,,,Incomplete,,,,,,Incomplete,,,Incomplete
11914,,Yes,,,2026-06-09,1964-04-23,62.13,"Christopher ","Churylo ","Christopher ",Male,,"(304) 989-1685",strangecreek@mac.com,Male,White,,"Not Hispanic or Latino",,"131 E Bates ave",Villas,Nj,08251,2005-06-01,"Philadelphia ",Incomplete,,"(304) 989-1685",strangecreek@mac.com,"Christopher ","Does not need to be recontacted","Visit Reminder (1 day before)",2026-06-17,,2026-06-12,RDR,,2026-06-12,RG,,2026-06-12,RG,,2026-06-12,RG,,2026-06-15,KR,,,,,,,,,,Incomplete,"Send paper",,Yes,No,No,"2026-06-18 12:00",Complete,,,,,,,,,,,,,Incomplete,,,,,,,,Incomplete,,,,,,,,,,,,,,,,,,,,,,,,,,,,,,Incomplete,,,,,,,,Incomplete,,,,,,,,,,,,,,,,,Incomplete,,,,,,,,,,,,,,,,,,,,,,Incomplete,,,,,,,,,,,,,,,,,,,,,,,,,,,,,,,,,,,,,,,,,,,,,,,,,,,,,,,,,,Incomplete,,,,,,,,,,,,,,,,,,,,,,,,,,,,,,,,Incomplete,,,,,,,,,,,,,,,Incomplete,,,,,,,,,,,,,,Incomplete,,,,,,,,,,,,,Incomplete,,,,,,Incomplete,,,Incomplete
11919,,,,,2026-04-09,,,,,,,,,,,,,,,,,,,,,Incomplete,,,,,,,,,,,,,,,,,,,,,,,,,,,,,,,,Incomplete,,,,,,,Incomplete,,,,,,,,,,,,,Incomplete,,,,,,,,Incomplete,,,,,,,,,,,,,,,,,,,,,,,,,,,,,,Incomplete,,,,,,,,Incomplete,,,,,,,,,,,,,,,,,Incomplete,,,,,,,,,,,,,,,,,,,,,,Incomplete,,,,,,,,,,,,,,,,,,,,,,,,,,,,,,,,,,,,,,,,,,,,,,,,,,,,,,,,,,Incomplete,,,,,,,,,,,,,,,,,,,,,,,,,,,,,,,,Incomplete,,,,,,,,,,,,,,,Incomplete,,,,,,,,,,,,,,Incomplete,,,,,,,,,,,,,Incomplete,,,,,,Incomplete,,,Incomplete
11920,,Yes,,,2026-06-09,1970-03-25,56.21,"Michael ","Johnson ","Michael ",Male,,"(484) 501-7944",efil4raggen@gmail.com,Male,"Black or African American",,"Not Hispanic or Latino",,"600 E.Lurzerne st","Philadelphia ",pa,19124,2025-01-21,"Hatfield ",Incomplete,,"(484) 501-7944",efil4raggen@gmail.com,"Michael ","Does not need to be recontacted",Payment,2026-06-24,,2026-06-12,RDR,,2026-06-12,RG,,2026-06-12,RG,,2026-06-12,RG,,2026-06-19,RDR,,2026-06-22,KMR,,2026-06-23,RG,,2026-06-23,RG,Incomplete,,,Yes,No,No,"2026-06-23 13:00",Complete,"2026-06-23 13:06:32",Yes,Yes,Yes,Yes,Yes,signature_2026-06-23_1305.png,"Michael Johnson ",2026-06-23,signature_2026-06-23_1306.png,"Ryan Gephart",2026-06-23,Complete,"2026-06-23 13:30:40",11:30,07:30,"15 to 30 minutes","Between 5 and 6 hours","Once or twice a week","Fairly bad",Complete,"2026-06-23 13:35:54","Very much","Very much",,,"Very much","Very much","Not much at all",,"Very much","Very much","Very much","Very much","Very much","Very much","Very much","Very much","Not much at all",,"Very much","Very much","Not much at all",,,"Very much","Very much","Very much","Very much","Very much",Complete,"2026-06-23 13:39:07",10,2.5,24,3,13,0,Complete,"2026-06-23 13:41:00","Sometimes true","Very often, or always true","Sometimes true","Often true","Rarely true","Very often, or always true","Rarely true","Very often, or always true","Often true","Sometimes true","Sometimes true","Very often, or always true","Sometimes true","Sometimes true","Rarely true",Complete,"2026-06-23 13:43:34","Somewhat True","Very Untrue","Somewhat Untrue","Very Untrue","Neither Untrue nor True","Somewhat True","Somewhat Untrue","Neither Untrue nor True","Somewhat Untrue","Neither Untrue nor True","Very Untrue","Somewhat True","Very Untrue","Neither Untrue nor True","Somewhat Untrue","Neither Untrue nor True","Very Untrue","Very True","Somewhat Untrue","Neither Untrue nor True",Complete,"Ran run 6 twice instead of running run 7",DS,RSG,,2026-06-23,A,Medium,3603,8055,12797,2848,8888,8347,11466,8125,1975,5275,6162,2051,3796,7174,9822,5867,,,,,,,,,,,,,,,,,,,,,,,,,"Stimulation Condition","No Stimulation Condition or Sham Condition","No Stimulation Condition or Sham Condition","Stimulation Condition","Stimulation Condition","No Stimulation Condition or Sham Condition","No Stimulation Condition or Sham Condition","Stimulation Condition",No,,Complete,"2026-06-23 15:00:19",Absent,,,Absent,,,Absent,,,Absent,,,Absent,,,Absent,,,Mild,Remote,,Mild,Remote,,Mild,Possible,,Absent,,,Complete,"2026-06-23 15:03:27",Yes,2026-06-23,"Michael Johnson ",signature_2026-06-23_1502.png,1970-03-25,,"600 east lurzene street Philadelphia,Pa 19124",efil4raggen@gmail.com,"Ryan Gephart",05576181,Yes,15,"Gas to and from visit",Complete,,,,,,,,,,,,,,Incomplete,,,,,,,,,,,,,Incomplete,,,,,,Incomplete,,,Incomplete
11928,,Yes,,,2026-06-10,1960-12-21,65.47,Cynthia,Froggatt,Cindy,Female,,"(917) 734-2568",cindy.froggatt@gmail.com,Female,White,,"Not Hispanic or Latino",,"350 W Mt Airy Ave",Philadelphia,PA,19119,2013-08-01,Philadelphia,Incomplete,"decided not to participate (7/10, RG)","(917) 734-2568",cindy.froggatt@gmail.com,Cynthia,"Does not need to be recontacted","Schedule Visit",2026-07-10,,2026-06-16,JS,,2026-06-24,RG,,2026-06-24,RG,,,,,,,,,,,,,,,,Incomplete,,,Yes,No,No,,Unverified,,,,,,,,,,,,,Incomplete,,,,,,,,Incomplete,,,,,,,,,,,,,,,,,,,,,,,,,,,,,,Incomplete,,,,,,,,Incomplete,,,,,,,,,,,,,,,,,Incomplete,,,,,,,,,,,,,,,,,,,,,,Incomplete,,,,,,,,,,,,,,,,,,,,,,,,,,,,,,,,,,,,,,,,,,,,,,,,,,,,,,,,,,Incomplete,,,,,,,,,,,,,,,,,,,,,,,,,,,,,,,,Incomplete,,,,,,,,,,,,,,,Incomplete,,,,,,,,,,,,,,Incomplete,,,,,,,,,,,,,Incomplete,,,,,,Incomplete,,,Incomplete
cb2,,,,,,,,,,,,,,,,,,,,,,,,,,Incomplete,,,,,,,,,,,,,,,,,,,,,,,,,,,,,,,,Incomplete,,,,,,,Incomplete,,,,,,,,,,,,,Incomplete,,,,,,,,Incomplete,,,,,,,,,,,,,,,,,,,,,,,,,,,,,,Incomplete,,,,,,,,Incomplete,,,,,,,,,,,,,,,,,Incomplete,,,,,,,,,,,,,,,,,,,,,,Incomplete,,,,,,A,,,,,,,,,,,,,,,,,,,,,,,,,,,,,,,,,,,,,,,,,,,,,,,,,,,,Incomplete,,,,,,,,,,,,,,,,,,,,,,,,,,,,,,,,Incomplete,,,,,,,,,,,,,,,Incomplete,,,,,,,,,,,,,,Incomplete,,,,,,,,,,,,,Incomplete,,,,,,Incomplete,,,Incomplete
cb3,,,,,,,,,,,,,,,,,,,,,,,,,,Incomplete,,,,,,,,,,,,,,,,,,,,,,,,,,,,,,,,Incomplete,,,,,,,Incomplete,,,,,,,,,,,,,Incomplete,,,,,,,,Incomplete,,,,,,,,,,,,,,,,,,,,,,,,,,,,,,Incomplete,,,,,,,,Incomplete,,,,,,,,,,,,,,,,,Incomplete,,,,,,,,,,,,,,,,,,,,,,Incomplete,,,,,,A,,,,,,,,,,,,,,,,,,,,,,,,,,,,,,,,,,,,,,,,,,,,,,,,,,,,Incomplete,,,,,,,,,,,,,,,,,,,,,,,,,,,,,,,,Incomplete,,,,,,,,,,,,,,,Incomplete,,,,,,,,,,,,,,Incomplete,,,,,,,,,,,,,Incomplete,,,,,,Incomplete,,,Incomplete
jimmy-pilot,,,,,2026-08-03,1993-02-13,33.47,James,Wyngaarden,,,,,,,,,,,,,,,,,Incomplete,,,,,,,,,,,,,,,,,,,,,,,,,,,,,,,,Incomplete,,,,,,,Incomplete,"2026-07-31 12:41:33",Yes,Yes,Yes,Yes,Yes,signature_2026-07-31_1236.png,"James Wyngaarden",2026-07-31,signature_2026-07-31_1241.png,"Ryan Gephart",2026-07-31,Complete,,,,,,,,Incomplete,,,,,,,,,,,,,,,,,,,,,,,,,,,,,,Incomplete,,,,,,,,Incomplete,,,,,,,,,,,,,,,,,Incomplete,,,,,,,,,,,,,,,,,,,,,,Incomplete,"Issue detected in channel 4 due to impedance during the first run.  ",,,,,,,2998,7494,10596,5035,11018,6734,9215,9204,2590,6606,8384,5132,9330,6857,9166,8191,,,,,,,,,,,,,,,,,,,,,,,,,,,,,,,,,,,Incomplete,"2026-07-31 14:01:31",Absent,,,Absent,,,Absent,,,Absent,,,Absent,,,Absent,,,Absent,,,Absent,,,Absent,,,Absent,,,Complete,,Yes,2026-08-03,"James Wyngaarden",signature_2026-08-03_1210.png,2026-07-31,13-FEB-1993,"438 Prospect Ave, Brooklyn, NY 11215",james.wyngaarden@gmail.com,"Ryan Gephart",15597544,No,,,Complete,,,,,,,,,,,,,,Incomplete,,,,,,,,,,,,,Incomplete,,,,,,Incomplete,,,Incomplete
"randomization test",,,,,,,,,,,,,,,,,,,,,,,,,,Incomplete,,,,,,,,,,,,,,,,,,,,,,,,,,,,,,,,Incomplete,,,,,,,Incomplete,,,,,,,,,,,,,Incomplete,,,,,,,,Incomplete,,,,,,,,,,,,,,,,,,,,,,,,,,,,,,Incomplete,,,,,,,,Incomplete,,,,,,,,,,,,,,,,,Incomplete,,,,,,,,,,,,,,,,,,,,,,Incomplete,,,,,,A,,,,,,,,,,,,,,,,,,,,,,,,,,,,,,,,,,,,,,,,,,,,,,,,,,,,Incomplete,,,,,,,,,,,,,,,,,,,,,,,,,,,,,,,,Incomplete,,,,,,,,,,,,,,,Incomplete,,,,,,,,,,,,,,Incomplete,,,,,,,,,,,,,Incomplete,,,,,,Incomplete,,,Incomplete
"Ryan-pilot for tacs3",,,,,,,,,,,,,,,,,,,,,,,,,,Incomplete,,,,,,,,,,,,,,,,,,,,,,,,,,,,,,,,Incomplete,,,,,,,Incomplete,"2026-08-06 17:30:51",Yes,Yes,Yes,Yes,Yes,signature_2026-08-06_1730.png,"Ryan Gephart",2026-08-06,signature_2026-08-06_1730.png,"Abraham Dachs",2026-08-06,Complete,,,,,,,,Incomplete,,,,,,,,,,,,,,,,,,,,,,,,,,,,,,Incomplete,,,,,,,,Incomplete,,,,,,,,,,,,,,,,,Incomplete,,,,,,,,,,,,,,,,,,,,,,Incomplete,,,,,,,,,,,,,,,,,,,,,,,,,,,,,,,,,,,,,,,,,,,,,,,,,,,,,,,,,,Incomplete,,,,,,,,,,,,,,,,,,,,,,,,,,,,,,,,Incomplete,,,,,,,,,,,,,,,Incomplete,,,,,,,,,,,,,,Incomplete,,,,,,,,,,,,,Incomplete,,,,,,Incomplete,,,Incomplete
test,,,,,2026-02-02,2002-10-02,23.34,,,,,,,,,,,,,,,,,,,Incomplete,,,,,,,,,,,,,,,,,,,,,,,,,,,,,,,,Incomplete,,,,,,,Incomplete,"[not completed]",,,,,,,,,,,,Incomplete,,,,,,,,Incomplete,,,,,,,,,,,,,,,,,,,,,,,,,,,,,,Incomplete,,,,,,,,Incomplete,,,,,,,,,,,,,,,,,Incomplete,,"Very Untrue","Somewhat Untrue","Neither Untrue nor True","Somewhat True","Somewhat True","Somewhat Untrue","Somewhat Untrue","Neither Untrue nor True","Somewhat True","Somewhat True","Somewhat Untrue","Very Untrue","Somewhat Untrue","Neither Untrue nor True","Neither Untrue nor True","Neither Untrue nor True","Somewhat Untrue","Somewhat True","Very True","Very True",Incomplete,,,,,,A,,,,,,,,,,,,,,,,,,,,,,,,,,,,,,,,,,,,,,,,,,,,,,,,,,,,Incomplete,,,,,,,,,,,,,,,,,,,,,,,,,,,,,,,,Incomplete,,,,,,,,,,,sg,Yes,,,Incomplete,,,,,,,,,,,,,,Incomplete,,,,,,,,,,,,"ClinCard Compensation and Amazon E-Codes",Incomplete,,,,,,Incomplete,,,Incomplete
test2,,,,,,,,,,,,,,,,,,,,,,,,,,Incomplete,,,,,,,,,,,,,,,,,,,,,,,,,,,,,,,,Incomplete,,,,,,,Incomplete,,,,,,,,,,,,,Incomplete,,,,,,,,Incomplete,,,,,,,,,,,,,,,,,,,,,,,,,,,,,,Incomplete,,,,,,,,Incomplete,,,,,,,,,,,,,,,,,Incomplete,,,,,,,,,,,,,,,,,,,,,,Incomplete,,,,,,B,,,,,,,,,,,,,,,,,,,,,,,,,,,,,,,,,,,,,,,,,,,,,,,,,,,,Incomplete,,,,,,,,,,,,,,,,,,,,,,,,,,,,,,,,Incomplete,,,,,,,,,,,,,,,Incomplete,,,,,,,,,,,,,,Incomplete,,,,,,,,,,,,,Incomplete,,,,,,Incomplete,,,Incomplete
