variable,table,domain,description,source,producer,role,status,hypotheses,expected_missing,missing_note,notes,n,n_total,n_missing,dtype,n_unique,min,median,max,detected_missing,consumers,n_consumers,auc_age,p_age,auc_enrollment,p_enrollment,missing_ids
brain_charm,efield,morphometry,Brain volume from charm segmentation (mm3),SimNIBS 4.6 head models (charm) + FEM simulation,simNIBS repo: scripts/extract_intracranial.py,secondary,current,,,,,66,66,0,numeric,66,856852.0,1120941.0,1414308.4942036867,complete,,0,,,,,
charm_dlpfc_n_vert,efield,morphometry,DLPFC vertices in charm surface,SimNIBS 4.6 head models (charm) + FEM simulation,simNIBS repo: scripts/extract_charm_thickness.py,qc,current,,,,,66,66,0,numeric,66,22817.0,27892.5,31904.0,complete,,0,,,,,
charm_dlpfc_thickness,efield,morphometry,DLPFC cortical thickness from charm (mm),SimNIBS 4.6 head models (charm) + FEM simulation,simNIBS repo: scripts/extract_charm_thickness.py,secondary,current,,,,Cross-check on FreeSurfer dlpfc_thickness.,66,66,0,numeric,66,2.6735973358154297,3.0001951456069946,3.295621871948242,complete,efield_results.py,1,,,,,
charm_mean_thickness,efield,morphometry,Whole-hemisphere cortical thickness from charm surfaces (mm),SimNIBS 4.6 head models (charm) + FEM simulation,simNIBS repo: scripts/extract_charm_thickness.py,secondary,current,,,,,66,66,0,numeric,66,2.4175572395324707,2.8278870582580566,3.0976831912994385,complete,efield_results.py,1,,,,,
charm_thickness_sd,efield,morphometry,SD of charm cortical thickness (mm),SimNIBS 4.6 head models (charm) + FEM simulation,simNIBS repo: scripts/extract_charm_thickness.py,qc,current,,,,,66,66,0,numeric,66,0.8165123462677002,0.8792348802089691,0.9471001625061036,complete,,0,,,,,
csf_charm,efield,morphometry,Whole-head CSF volume from charm segmentation (mm3),SimNIBS 4.6 head models (charm) + FEM simulation,simNIBS repo: scripts/extract_intracranial.py,secondary,current,,,,CSF: strongest age relationship (r=+.50).,66,66,0,numeric,66,195838.7003712654,297260.0,447547.9596360326,complete,efield_results.py fig_atrophy_vs_geometry.py qc_paper_variables.py samples.py,4,,,,,
dist_central_dlpfc_min,efield,geometry,"F3-to-central surface distance within DLPFC, nearest vertex (mm)",SimNIBS 4.6 head models (charm) + FEM simulation,simNIBS repo: scripts/extract_scalp_cortex_distance.py,secondary,current,,,,,66,66,0,numeric,66,11.888316333850886,15.722528338882551,20.955215519206178,complete,efield_results.py,1,,,,,
dist_central_dlpfc_p1,efield,geometry,"F3-to-central surface distance within DLPFC, 1st percentile (mm)",SimNIBS 4.6 head models (charm) + FEM simulation,simNIBS repo: scripts/extract_scalp_cortex_distance.py,secondary,current,,,,,66,66,0,numeric,66,14.083314928155875,17.939457205369266,22.829650298396952,complete,efield_results.py,1,,,,,
dist_central_min,efield,geometry,"F3-to-central surface distance, nearest vertex (mm)",SimNIBS 4.6 head models (charm) + FEM simulation,simNIBS repo: scripts/extract_scalp_cortex_distance.py,secondary,current,,,,,66,66,0,numeric,66,11.888316333850886,15.722528338882551,20.955215519206178,complete,,0,,,,,
dist_central_p1,efield,geometry,"F3-to-central surface distance, 1st percentile (mm)",SimNIBS 4.6 head models (charm) + FEM simulation,simNIBS repo: scripts/extract_scalp_cortex_distance.py,secondary,current,,,,,66,66,0,numeric,66,19.576985223749094,23.17098314013066,26.865053456075408,complete,efield_results.py,1,,,,,
dist_pial_dlpfc_min,efield,geometry,"F3-to-pial surface distance within DLPFC, nearest vertex (mm)",SimNIBS 4.6 head models (charm) + FEM simulation,simNIBS repo: scripts/extract_scalp_cortex_distance.py,secondary,current,,,,,66,66,0,numeric,66,10.791080563815862,14.667394911833844,19.920138377131178,complete,efield_results.py,1,,,,,
dist_pial_dlpfc_p1,efield,geometry,"F3-to-pial surface distance within DLPFC, 1st percentile (mm)",SimNIBS 4.6 head models (charm) + FEM simulation,simNIBS repo: scripts/extract_scalp_cortex_distance.py,mechanism,current,,,,Primary geometry measure.,66,66,0,numeric,66,12.849481573045493,16.99217799743058,21.71583438985553,complete,efield_results.py fig_atrophy_vs_geometry.py fig_distance_anatomy.py qc_paper_variables.py samples.py table1.py,6,,,,,
dist_pial_min,efield,geometry,"F3-to-pial surface distance, nearest vertex (mm)",SimNIBS 4.6 head models (charm) + FEM simulation,simNIBS repo: scripts/extract_scalp_cortex_distance.py,secondary,current,,,,,66,66,0,numeric,66,10.791080563815862,14.667394911833844,19.920138377131178,complete,,0,,,,,
dist_pial_p1,efield,geometry,"F3-to-pial surface distance, 1st percentile (mm)",SimNIBS 4.6 head models (charm) + FEM simulation,simNIBS repo: scripts/extract_scalp_cortex_distance.py,secondary,current,,,,,66,66,0,numeric,66,18.988364346227243,22.3495069926241,25.96610616609382,complete,efield_results.py,1,,,,,
f3_x,efield,efield,"F3 electrode position, subject space (x, mm)",SimNIBS 4.6 head models (charm) + FEM simulation,simNIBS repo: scripts/extract_efield_roi.py,qc,current,,,,,66,66,0,numeric,66,-64.6435533904835,-47.376041192788456,-28.56912640644833,complete,,0,,,,,
f3_y,efield,efield,"F3 electrode position, subject space (y, mm)",SimNIBS 4.6 head models (charm) + FEM simulation,simNIBS repo: scripts/extract_efield_roi.py,qc,current,,,,,66,66,0,numeric,66,18.977193008728207,51.61032403554317,92.39610282001787,complete,,0,,,,,
f3_z,efield,efield,"F3 electrode position, subject space (z, mm)",SimNIBS 4.6 head models (charm) + FEM simulation,simNIBS repo: scripts/extract_efield_roi.py,qc,current,,,,,66,66,0,numeric,66,-2.4008772130250264,45.27014086871921,74.91526053446054,complete,,0,,,,,
icv_charm,efield,morphometry,Intracranial volume from charm segmentation (mm3),SimNIBS 4.6 head models (charm) + FEM simulation,simNIBS repo: scripts/extract_intracranial.py,secondary,current,,,,,66,66,0,numeric,66,1118136.0,1420983.5,1741088.3773380518,complete,efield_results.py fig_atrophy_vs_geometry.py samples.py,3,,,,,
layer_csf,efield,skull,CSF thickness along the F3-to-cortex ray (mm),SimNIBS 4.6 head models (charm) + FEM simulation,simNIBS repo: scripts/extract_skull_layers.py,secondary,current,,,,,66,66,0,numeric,66,0.5012955035835132,1.1029270193380083,2.3554974862636007,complete,efield_results.py fig_atrophy_vs_geometry.py fig_skull_layers.py,3,,,,,
layer_diploe,efield,skull,Diploe thickness along the F3-to-cortex ray (mm),SimNIBS 4.6 head models (charm) + FEM simulation,simNIBS repo: scripts/extract_skull_layers.py,secondary,unreliable,,,,Diploe/table split unreliable in charm; report total skull only.,66,66,0,numeric,64,0.0,2.657208655198224,5.218328605466512,complete,efield_results.py fig_atrophy_vs_geometry.py fig_skull_layers.py,3,,,,,
layer_inner_table,efield,skull,Inner table thickness along the F3-to-cortex ray (mm),SimNIBS 4.6 head models (charm) + FEM simulation,simNIBS repo: scripts/extract_skull_layers.py,secondary,unreliable,,,,Diploe/table split unreliable in charm; report total skull only.,66,66,0,numeric,64,0.0,2.305062719266425,4.3575137373602155,complete,efield_results.py fig_skull_layers.py,2,,,,,
layer_other,efield,skull,Other tissue thickness along the F3-to-cortex ray (mm),SimNIBS 4.6 head models (charm) + FEM simulation,simNIBS repo: scripts/extract_skull_layers.py,qc,current,,,,,66,66,0,numeric,54,-5.551115123125783e-17,2.0816681711721685e-15,0.7024318888475996,complete,,0,,,,,
layer_outer_table,efield,skull,Outer table thickness along the F3-to-cortex ray (mm),SimNIBS 4.6 head models (charm) + FEM simulation,simNIBS repo: scripts/extract_skull_layers.py,secondary,unreliable,,,,Diploe/table split unreliable in charm; report total skull only.,66,66,0,numeric,66,1.0026115581964448,2.8108577394944616,7.956289998552569,complete,fig_skull_layers.py,1,,,,,
layer_path,efield,skull,Total path thickness along the F3-to-cortex ray (mm),SimNIBS 4.6 head models (charm) + FEM simulation,simNIBS repo: scripts/extract_skull_layers.py,qc,current,,,,,66,66,0,numeric,66,11.101804207475473,14.96469285977652,20.173856539668925,complete,,0,,,,,
layer_scalp,efield,skull,Scalp thickness along the F3-to-cortex ray (mm),SimNIBS 4.6 head models (charm) + FEM simulation,simNIBS repo: scripts/extract_skull_layers.py,secondary,current,,,,,66,66,0,numeric,66,3.220005492460138,5.813305442258903,9.132945005811663,complete,fig_skull_layers.py,1,,,,,
layer_skull,efield,skull,Total skull thickness along the F3-to-cortex ray (mm),SimNIBS 4.6 head models (charm) + FEM simulation,simNIBS repo: scripts/extract_skull_layers.py,mechanism,current,,,,"Women thicken with age (r=+.67), men do not.",66,66,0,numeric,66,4.230541105992828,7.74318079550211,11.048770067807194,complete,efield_results.py fig_atrophy_vs_geometry.py fig_qc_skull.py fig_skull_layers.py qc_paper_variables.py samples.py skull_circularity.py table1.py,8,,,,,
mean_magnE,efield,efield,Mean |E| in gray matter within 20 mm of F3 (V/m),SimNIBS 4.6 head models (charm) + FEM simulation,simNIBS repo: scripts/extract_efield_roi.py,outcome,current,E-field x age (Fig 1),,,Primary dose measure.,66,66,0,numeric,66,0.0472513492864971,0.10487981675251774,0.1852900181527801,complete,build_data_audit_nb.py build_results_paper_nb.py compare_rl_estimates.py efield_analysis.py efield_results.py fig_atrophy_vs_geometry.py fig_efield_age.py fig_skull_layers.py qc_paper_variables.py samples.py skull_circularity.py table1.py,12,,,,,
median_magnE,efield,efield,Median |E| in ROI (V/m),SimNIBS 4.6 head models (charm) + FEM simulation,simNIBS repo: scripts/extract_efield_roi.py,secondary,current,,,,,66,66,0,numeric,66,0.046738011813128,0.1038709309040734,0.1829666166035305,complete,build_results_paper_nb.py efield_results.py,2,,,,,
n_gm_elements_roi,efield,efield,Gray-matter elements inside ROI sphere,SimNIBS 4.6 head models (charm) + FEM simulation,simNIBS repo: scripts/extract_efield_roi.py,qc,current,,,,,66,66,0,numeric,65,20.0,1475.0,4757.0,complete,build_results_paper_nb.py efield_results.py,2,,,,,
p95_magnE,efield,efield,95th percentile |E| in ROI (V/m),SimNIBS 4.6 head models (charm) + FEM simulation,simNIBS repo: scripts/extract_efield_roi.py,secondary,current,,,,,66,66,0,numeric,66,0.0582287328214457,0.14115550560316265,0.2633031162300462,complete,build_data_audit_nb.py build_results_paper_nb.py efield_results.py,3,,,,,
parcel_mean_magnE,efield,efield,mean |E| over DK40 DLPFC parcel (rostral+caudal MFG),SimNIBS 4.6 head models (charm) + FEM simulation,simNIBS repo: scripts/extract_efield_parcel.py,secondary,current,,,,,66,66,0,numeric,66,0.0394232906401157,0.07251365855336185,0.1174855679273605,complete,efield_results.py,1,,,,,
parcel_median_magnE,efield,efield,median |E| over DK40 DLPFC parcel (rostral+caudal MFG),SimNIBS 4.6 head models (charm) + FEM simulation,simNIBS repo: scripts/extract_efield_parcel.py,secondary,current,,,,,66,66,0,numeric,66,0.0385930128395557,0.07001476734876624,0.1138245165348053,complete,,0,,,,,
parcel_n_vert,efield,efield,Vertices in DLPFC parcel,SimNIBS 4.6 head models (charm) + FEM simulation,simNIBS repo: scripts/extract_efield_parcel.py,qc,current,,,,,66,66,0,numeric,1,10979.0,10979.0,10979.0,complete,,0,,,,,
parcel_p95_magnE,efield,efield,p95 |E| over DK40 DLPFC parcel (rostral+caudal MFG),SimNIBS 4.6 head models (charm) + FEM simulation,simNIBS repo: scripts/extract_efield_parcel.py,secondary,current,,,,,66,66,0,numeric,66,0.0558798871934413,0.10954830050468439,0.1900158822536468,complete,,0,,,,,
peak_magnE,efield,efield,Peak |E| in ROI (V/m),SimNIBS 4.6 head models (charm) + FEM simulation,simNIBS repo: scripts/extract_efield_roi.py,secondary,current,,,,,66,66,0,numeric,66,0.0588376358597487,0.1693931342728509,0.3607869155392225,complete,build_data_audit_nb.py build_results_paper_nb.py efield_results.py,3,,,,,
roi_radius_mm,efield,efield,ROI sphere radius (mm),SimNIBS 4.6 head models (charm) + FEM simulation,simNIBS repo: scripts/extract_efield_roi.py,qc,current,,,,,66,66,0,numeric,1,20.0,20.0,20.0,complete,,0,,,,,
skull_t1_n_rays,efield,skull,Rays contributing to T1 skull estimate,SimNIBS 4.6 head models (charm) + FEM simulation,simNIBS repo: scripts/extract_skull_t1.py,qc,current,,,,,66,66,0,numeric,1,50.0,50.0,50.0,complete,,0,,,,,
skull_t1_outer,efield,skull,Outer skull boundary from T1 profile (mm),SimNIBS 4.6 head models (charm) + FEM simulation,simNIBS repo: scripts/extract_skull_t1.py,qc,current,,,,,66,66,0,numeric,47,1.6,5.300000000000001,9.2,complete,,0,,,,,
skull_t1_span,efield,skull,"Skull thickness from T1 intensity profile, independent of charm (mm)",SimNIBS 4.6 head models (charm) + FEM simulation,simNIBS repo: scripts/extract_skull_t1.py,validation,current,,,,External check on layer_skull: r with |E| = -.23 vs -.78 for charm; mediation 18% vs 89%. Computed by skull_circularity.py.,66,66,0,numeric,58,1.15,7.025,13.6,complete,samples.py skull_circularity.py,2,,,,,
slice_z_mni18,efield,qc,Subject-space z of MNI z=+18 (for Fig 2a slices),SimNIBS 4.6 head models (charm) + FEM simulation,simNIBS repo: scripts/extract_slice_landmark.py,qc,current,,,,,66,66,0,numeric,66,-48.7811279296875,3.2857413291931152,44.35665512084961,complete,fig_atrophy_vs_geometry.py,1,,,,,
slice_z_spread,efield,qc,Spread of the MNI z=+18 mapping across the slice,SimNIBS 4.6 head models (charm) + FEM simulation,simNIBS repo: scripts/extract_slice_landmark.py,qc,current,,,,,66,66,0,numeric,66,0.7858486175537109,4.540313243865967,12.821205139160156,complete,,0,,,,,
std_magnE,efield,efield,SD of |E| in ROI (V/m),SimNIBS 4.6 head models (charm) + FEM simulation,simNIBS repo: scripts/extract_efield_roi.py,secondary,current,,,,,66,66,0,numeric,66,0.0054684228851153,0.0200816582332157,0.0475469511672121,complete,sweep_moderators.py,1,,,,,
subject_id,efield,identifier,Participant ID,SimNIBS 4.6 head models (charm) + FEM simulation,simNIBS repo: scripts/extract_efield_roi.py,identifier,current,,,,,66,66,0,numeric,66,10369.0,11033.5,11920.0,complete,,0,,,,,
t1_only,efield,exclusion,Head model built without FLAIR,SimNIBS 4.6 head models (charm) + FEM simulation,simNIBS repo: scripts/run_pipeline.py -> extract_efield_roi.py,exclusion,current,,,,"7 subjects; excluded everywhere. Differ on CSF (p=.025) and |E| (p=.018), not skull (p=.58).",66,66,0,numeric,2,0.0,0.0,1.0,complete,build_results_paper_nb.py efield_results.py fig_age_effect_maps.py fig_atrophy_vs_geometry.py fig_distance_anatomy.py fig_efield_age.py fig_skull_layers.py qc_paper_variables.py samples.py skull_circularity.py sweep_moderators.py table1.py,12,,,,,
brainseg_not_vent,freesurfer,morphometry,Brain segmentation volume excluding ventricles (mm3),"FreeSurfer 7.3.2 recon-all (FREESURFER_ROOT, 2 deliveries)",freesurfer_morph.run,secondary,current,,,,,66,66,0,numeric,66,843239.0,1136378.5,1436166.0,complete,fig_atrophy_vs_geometry.py,1,,,,,
brainseg_vol,freesurfer,morphometry,Brain segmentation volume (mm3),"FreeSurfer 7.3.2 recon-all (FREESURFER_ROOT, 2 deliveries)",freesurfer_morph.run,secondary,current,,,,,66,66,0,numeric,66,871979.0,1160351.0,1451992.0,complete,,0,,,,,
cortex_vol,freesurfer,morphometry,Cortical gray volume (mm3),"FreeSurfer 7.3.2 recon-all (FREESURFER_ROOT, 2 deliveries)",freesurfer_morph.run,secondary,current,,,,,66,66,0,numeric,66,322659.906078,454960.0947925,594192.366174,complete,efield_results.py fig_atrophy_vs_geometry.py,2,,,,,
dlpfc_gray_vol,freesurfer,morphometry,DLPFC gray volume (= lh),"FreeSurfer 7.3.2 recon-all (FREESURFER_ROOT, 2 deliveries)",freesurfer_morph.run,secondary,current,,,,,66,66,0,numeric,66,13881.0,21198.0,28707.0,complete,,0,,,,,
dlpfc_surf_area,freesurfer,morphometry,DLPFC surface area (= lh),"FreeSurfer 7.3.2 recon-all (FREESURFER_ROOT, 2 deliveries)",freesurfer_morph.run,secondary,current,,,,,66,66,0,numeric,66,6114.0,8200.5,10649.0,complete,,0,,,,,
dlpfc_thickness,freesurfer,morphometry,"DLPFC thickness (= lh, stimulated side)","FreeSurfer 7.3.2 recon-all (FREESURFER_ROOT, 2 deliveries)",freesurfer_morph.run,mechanism,current,,,,"Atrophy measure: r=-.64 with age, but unrelated to |E| once distance is modelled.",66,66,0,numeric,66,1.8634933689286943,2.362649212884505,2.6689875309847517,complete,,0,,,,,
etiv,freesurfer,morphometry,Estimated total intracranial volume (Talairach-derived) (mm3),"FreeSurfer 7.3.2 recon-all (FREESURFER_ROOT, 2 deliveries)",freesurfer_morph.run,secondary,current,,,,"Registration-derived, not measured; normalising by it inherits its bias.",66,66,0,numeric,66,973639.453751,1367644.438669,1875458.920679,complete,efield_results.py sweep_moderators.py,2,,,,,
fs_delivery,freesurfer,qc,Delivery batch folder,"FreeSurfer 7.3.2 recon-all (FREESURFER_ROOT, 2 deliveries)",freesurfer_morph.run,qc,current,,,,,66,66,0,text,2,,,,complete,,0,,,,,
fs_version,freesurfer,qc,recon-all build stamp,"FreeSurfer 7.3.2 recon-all (FREESURFER_ROOT, 2 deliveries)",freesurfer_morph.run,qc,current,,,,Mixed versions abort the build.,66,66,0,text,1,,,,complete,,0,,,,,
lh_cortex_vol,freesurfer,morphometry,Left cortical gray volume (mm3),"FreeSurfer 7.3.2 recon-all (FREESURFER_ROOT, 2 deliveries)",freesurfer_morph.run,secondary,current,,,,,66,66,0,numeric,66,160143.074811,226849.2266925,295544.953842,complete,,0,,,,,
lh_dlpfc_gray_vol,freesurfer,morphometry,Left DLPFC gray volume (mm3),"FreeSurfer 7.3.2 recon-all (FREESURFER_ROOT, 2 deliveries)",freesurfer_morph.run,secondary,current,,,,,66,66,0,numeric,66,13881.0,21198.0,28707.0,complete,,0,,,,,
lh_dlpfc_n_vert,freesurfer,qc,Left DLPFC vertex count,"FreeSurfer 7.3.2 recon-all (FREESURFER_ROOT, 2 deliveries)",freesurfer_morph.run,qc,current,,,,,66,66,0,numeric,66,8991.0,12041.5,16481.0,complete,,0,,,,,
lh_dlpfc_surf_area,freesurfer,morphometry,Left DLPFC surface area (mm2),"FreeSurfer 7.3.2 recon-all (FREESURFER_ROOT, 2 deliveries)",freesurfer_morph.run,secondary,current,,,,,66,66,0,numeric,66,6114.0,8200.5,10649.0,complete,,0,,,,,
lh_dlpfc_thickness,freesurfer,morphometry,"Left DLPFC thickness, vertex-weighted (mm)","FreeSurfer 7.3.2 recon-all (FREESURFER_ROOT, 2 deliveries)",freesurfer_morph.run,secondary,current,,,,,66,66,0,numeric,66,1.8634933689286943,2.362649212884505,2.6689875309847517,complete,efield_results.py fig_atrophy_vs_geometry.py qc_paper_variables.py,3,,,,,
lh_mean_thickness,freesurfer,morphometry,Left hemisphere mean cortical thickness (mm),"FreeSurfer 7.3.2 recon-all (FREESURFER_ROOT, 2 deliveries)",freesurfer_morph.run,secondary,current,,,,,66,66,0,numeric,66,1.85139,2.39285,2.59752,complete,efield_results.py fig_atrophy_vs_geometry.py,2,,,,,
lh_n_parcels,freesurfer,qc,Left DK parcels found (expect 34),"FreeSurfer 7.3.2 recon-all (FREESURFER_ROOT, 2 deliveries)",freesurfer_morph.run,qc,current,,,,,66,66,0,numeric,1,34.0,34.0,34.0,complete,,0,,,,,
lh_white_surf_area,freesurfer,morphometry,Left white surface area (mm2),"FreeSurfer 7.3.2 recon-all (FREESURFER_ROOT, 2 deliveries)",freesurfer_morph.run,secondary,current,,,,,66,66,0,numeric,66,67538.3,87336.65,108697.0,complete,,0,,,,,
mask_vol,freesurfer,morphometry,Brain mask volume (mm3),"FreeSurfer 7.3.2 recon-all (FREESURFER_ROOT, 2 deliveries)",freesurfer_morph.run,secondary,current,,,,,66,66,0,numeric,66,1151326.0,1455326.5,1751809.0,complete,,0,,,,,
rh_cortex_vol,freesurfer,morphometry,Right cortical gray volume (mm3),"FreeSurfer 7.3.2 recon-all (FREESURFER_ROOT, 2 deliveries)",freesurfer_morph.run,secondary,current,,,,,66,66,0,numeric,66,162516.831267,228581.391111,298647.412331,complete,,0,,,,,
rh_dlpfc_gray_vol,freesurfer,morphometry,Right DLPFC gray volume (mm3),"FreeSurfer 7.3.2 recon-all (FREESURFER_ROOT, 2 deliveries)",freesurfer_morph.run,secondary,current,,,,,66,66,0,numeric,66,12828.0,20669.0,31320.0,complete,,0,,,,,
rh_dlpfc_n_vert,freesurfer,qc,Right DLPFC vertex count,"FreeSurfer 7.3.2 recon-all (FREESURFER_ROOT, 2 deliveries)",freesurfer_morph.run,qc,current,,,,,66,66,0,numeric,66,8199.0,11850.0,16781.0,complete,,0,,,,,
rh_dlpfc_surf_area,freesurfer,morphometry,Right DLPFC surface area (mm2),"FreeSurfer 7.3.2 recon-all (FREESURFER_ROOT, 2 deliveries)",freesurfer_morph.run,secondary,current,,,,,66,66,0,numeric,66,5794.0,8315.0,11492.0,complete,,0,,,,,
rh_dlpfc_thickness,freesurfer,morphometry,"Right DLPFC thickness, vertex-weighted (mm)","FreeSurfer 7.3.2 recon-all (FREESURFER_ROOT, 2 deliveries)",freesurfer_morph.run,secondary,current,,,,,66,66,0,numeric,66,1.743526852846402,2.317373209209877,2.6437624684946153,complete,,0,,,,,
rh_mean_thickness,freesurfer,morphometry,Right hemisphere mean cortical thickness (mm),"FreeSurfer 7.3.2 recon-all (FREESURFER_ROOT, 2 deliveries)",freesurfer_morph.run,secondary,current,,,,,66,66,0,numeric,66,1.82812,2.38277,2.60996,complete,,0,,,,,
rh_n_parcels,freesurfer,qc,Right DK parcels found (expect 34),"FreeSurfer 7.3.2 recon-all (FREESURFER_ROOT, 2 deliveries)",freesurfer_morph.run,qc,current,,,,,66,66,0,numeric,1,34.0,34.0,34.0,complete,,0,,,,,
rh_white_surf_area,freesurfer,morphometry,Right white surface area (mm2),"FreeSurfer 7.3.2 recon-all (FREESURFER_ROOT, 2 deliveries)",freesurfer_morph.run,secondary,current,,,,,66,66,0,numeric,66,67688.9,87375.45000000001,110054.0,complete,,0,,,,,
subcort_gray_vol,freesurfer,morphometry,Subcortical gray volume (mm3),"FreeSurfer 7.3.2 recon-all (FREESURFER_ROOT, 2 deliveries)",freesurfer_morph.run,secondary,current,,,,,66,66,0,numeric,66,46681.0,58214.5,70417.0,complete,,0,,,,,
subject_id,freesurfer,identifier,Participant ID,"FreeSurfer 7.3.2 recon-all (FREESURFER_ROOT, 2 deliveries)",freesurfer_morph.run,identifier,current,,,,,66,66,0,numeric,66,10369.0,11033.5,11920.0,complete,,0,,,,,
supratentorial_notvent_vol,freesurfer,morphometry,Supratentorial volume excluding ventricles (mm3),"FreeSurfer 7.3.2 recon-all (FREESURFER_ROOT, 2 deliveries)",freesurfer_morph.run,secondary,current,,,,,66,66,0,numeric,66,752098.0,994168.0,1267457.0,complete,,0,,,,,
supratentorial_vol,freesurfer,morphometry,Supratentorial volume (mm3),"FreeSurfer 7.3.2 recon-all (FREESURFER_ROOT, 2 deliveries)",freesurfer_morph.run,secondary,current,,,,,66,66,0,numeric,66,780838.0,1024587.5,1283407.0,complete,,0,,,,,
surface_holes,freesurfer,morphometry,Surface topological defects before fixing (count),"FreeSurfer 7.3.2 recon-all (FREESURFER_ROOT, 2 deliveries)",freesurfer_morph.run,qc,current,,,,,66,66,0,numeric,25,2.0,13.0,45.0,complete,efield_results.py,1,,,,,
total_gray_vol,freesurfer,morphometry,Total gray matter volume (mm3),"FreeSurfer 7.3.2 recon-all (FREESURFER_ROOT, 2 deliveries)",freesurfer_morph.run,secondary,current,,,,,66,66,0,numeric,66,469813.974743,625084.693135,804353.366174,complete,fig_atrophy_vs_geometry.py,1,,,,,
ventricle_choroid_vol,freesurfer,morphometry,Ventricle + choroid plexus volume (mm3),"FreeSurfer 7.3.2 recon-all (FREESURFER_ROOT, 2 deliveries)",freesurfer_morph.run,secondary,current,,,,Atrophy marker; tested in fig_atrophy_vs_geometry.,66,66,0,numeric,66,6263.0,17899.0,96607.0,complete,fig_atrophy_vs_geometry.py,1,,,,,
white_matter_vol,freesurfer,morphometry,Cerebral white matter volume (mm3),"FreeSurfer 7.3.2 recon-all (FREESURFER_ROOT, 2 deliveries)",freesurfer_morph.run,secondary,current,,,,,66,66,0,numeric,66,357589.0,479815.5,631363.0,complete,,0,,,,,
iaf,itf,eeg,"Individual alpha frequency, posterior channels, 1/f removed (Hz)","EEG resting baseline, run 1 (data/nic)",individual_theta.py -> estimate_subject,secondary,current,,,,"0.5 Hz resolution (2 s Welch windows): 26 of 55 at exactly 10.0 Hz. Four at 12-13 Hz, where the peak may not be alpha.",59,60,1,numeric,59,7.666209626776922,9.942827432630231,12.8696703333034,scattered,build_data_audit_nb.py build_results_paper_nb.py individual_theta.py,3,0.39,0.7999999999999999,0.034,0.1,11885
in_dissertation,itf,qc,In the defended N = 39 sample,"EEG resting baseline, run 1 (data/nic)",individual_theta.py -> estimate_subject,qc,current,,,,,60,60,0,numeric,2,0.0,1.0,1.0,complete,audit_sample.py individual_theta.py stim_verification.py,3,,,,,
itf_distance,itf,eeg,|iTF - 6 Hz|: distance from the stimulation frequency,"EEG resting baseline, run 1 (data/nic)",individual_theta.py -> estimate_subject,moderator,current,7.6 (exploratory),,,Inherits the clipping above: clipped subjects all get 2.0.,59,60,1,numeric,51,0.0156764841295711,1.1303239200306656,2.0,scattered,build_data_audit_nb.py build_results_paper_nb.py individual_theta.py,3,0.39,0.7999999999999999,0.034,0.1,11885
itf_klimesch,itf,eeg,"Individual theta frequency = IAF - 5 Hz, clipped to 4-8 Hz","EEG resting baseline, run 1 (data/nic)",individual_theta.py -> estimate_subject,moderator,current,7.6 (exploratory),,,Clipping: the 5 subjects with IAF < 9 Hz sit at exactly 4.0; the two with IAF 13 Hz at 8.0. Inherits IAF resolution.,59,60,1,numeric,51,4.0,4.9428274326302315,7.8696703333034,scattered,build_data_audit_nb.py build_results_paper_nb.py individual_theta.py,3,0.39,0.7999999999999999,0.034,0.1,11885
max_channels,itf,qc,Channels available,"EEG resting baseline, run 1 (data/nic)",individual_theta.py -> estimate_subject,qc,current,,,,,60,60,0,numeric,2,3.0,3.0,7.0,complete,individual_theta.py,1,,,,,
n_iaf_runs,itf,qc,Runs contributing an IAF,"EEG resting baseline, run 1 (data/nic)",individual_theta.py -> estimate_subject,qc,current,,,,,60,60,0,numeric,4,0.0,4.0,4.0,complete,individual_theta.py,1,,,,,
n_theta_runs,itf,qc,Runs contributing a direct theta peak,"EEG resting baseline, run 1 (data/nic)",individual_theta.py -> estimate_subject,qc,current,,,,,60,60,0,numeric,5,0.0,0.0,4.0,complete,individual_theta.py,1,,,,,
runs_used,itf,qc,Runs requested,"EEG resting baseline, run 1 (data/nic)",individual_theta.py -> estimate_subject,qc,current,,,,,60,60,0,text,2,,,,complete,individual_theta.py,1,,,,,
subject_id,itf,identifier,Participant ID,"EEG resting baseline, run 1 (data/nic)",individual_theta.py -> estimate_subject,identifier,current,,,,,60,60,0,numeric,60,10369.0,11007.0,11920.0,complete,,0,,,,,
theta_peak_fcz,itf,eeg,"Direct frontal-midline theta peak, where recorded (Hz)","EEG resting baseline, run 1 (data/nic)",individual_theta.py -> estimate_subject,secondary,current,,enrollment-gated,"Coverage (11/60) skews to later-enrolled subjects by design, not by chance. FCz is one of the four stimulating electrodes, so it records EEG only under the post-defense protocol and only on non-stimulation runs; dissertation-era subjects have 3 usable channels (F4, P4, P3) throughout. This is a validation-only measure for the Klimesch offset and is not used in any reported test.",,11,60,49,numeric,11,4.250000000000001,7.526374635565027,7.918063735928313,leans enrollment (later present),build_data_audit_nb.py build_results_paper_nb.py individual_theta.py,3,0.551,0.6059826961188011,0.861,0.00021036241596095344,
active_accuracy,master,behaviour_accuracy,Active session: proportion optimal choices,Bandit task behaviour (data/bandit),accuracy_analysis.compute_condition_level_accuracy -> cognitive_merge.build_subject_df,outcome,current,,by-design,Requires both sessions (H2-eligible subjects only).,,57,66,9,numeric,54,0.4054054054054054,0.636986301369863,0.9205298013245032,scattered,age_moderated_stimulation.py audit_sample.py baseline_moderation_diagnostic.py build_data_audit_nb.py build_results_paper_nb.py,5,0.46,0.7086266053216712,0.374,0.23175745875099685,10716 10898 10961 11066 11433 11440 11492 11606 11773
active_alpha,master,behaviour_rl_mle,Active session: RW learning rate (MLE),Bandit task behaviour (data/bandit),rescorla_wagner.fit_rw_by_condition(method=mle) -> cognitive_merge.build_subject_df,outcome,current,,by-design,Requires both sessions (H2-eligible subjects only).,MLE alpha pinned at 0/1 for ~1/3 of subjects; see _hb.,57,66,9,numeric,40,0.001,0.7938574619246423,0.999,scattered,age_moderated_stimulation.py audit_sample.py build_data_audit_nb.py build_results_paper_nb.py config.py hypothesis_tests.py order_effects.py rl_models/run_within_fit.py,8,0.46,0.7086266053216712,0.374,0.23175745875099685,10716 10898 10961 11066 11433 11440 11492 11606 11773
active_alpha_hb,master,behaviour_rl_hb,"Active: RW alpha, hierarchical posterior mean",derivatives/rl_models/rw_within_all_subjects.csv,"rl_models/run_fit.py (fit_within, NumPyro NUTS) -> cognitive_merge.build_subject_df",outcome,current,,by-design,Hierarchical fit restricted to the 55 subjects with both conditions.,,57,66,9,numeric,57,0.025466086,0.73228127,0.986005,scattered,,0,0.46,0.7086266053216712,0.374,0.23175745875099685,10716 10898 10961 11066 11433 11440 11492 11606 11773
active_alpha_sd_hb,master,behaviour_rl_hb,"Active: RW alpha, posterior SD",derivatives/rl_models/rw_within_all_subjects.csv,"rl_models/run_fit.py (fit_within, NumPyro NUTS) -> cognitive_merge.build_subject_df",qc,current,,by-design,As above.,,57,66,9,numeric,57,0.021282727,0.10036886,0.34892556,scattered,,0,0.46,0.7086266053216712,0.374,0.23175745875099685,10716 10898 10961 11066 11433 11440 11492 11606 11773
active_asymptotic_acc,master,behaviour_derived,Active session: proportion correct in the 5 trials before a reversal (stable-contingency performance),Bandit task behaviour (data/bandit),derived_behaviour.compute_derived_behaviour -> build_master_data -> cognitive_merge.build_subject_df,outcome,current,exploratory,,,Trial column recorded from the first session; unused in the pipeline until 2026-09-22.,57,66,9,numeric,13,0.3,0.7,1.0,scattered,,0,0.46,0.7086266053216712,0.374,0.23175745875099685,10716 10898 10961 11066 11433 11440 11492 11606 11773
active_beta,master,behaviour_rl_mle,Active session: RW inverse temperature (MLE),Bandit task behaviour (data/bandit),rescorla_wagner.fit_rw_by_condition(method=mle) -> cognitive_merge.build_subject_df,outcome,current,,by-design,Requires both sessions (H2-eligible subjects only).,MLE and hierarchical beta disagree (active r=.013); see _hb.,57,66,9,numeric,57,0.01,2.614920760093871,50.0,scattered,age_moderated_stimulation.py audit_sample.py build_data_audit_nb.py build_results_paper_nb.py config.py hypothesis_tests.py order_effects.py rl_models/run_within_fit.py,8,0.46,0.7086266053216712,0.374,0.23175745875099685,10716 10898 10961 11066 11433 11440 11492 11606 11773
active_beta_hb,master,behaviour_rl_hb,"Active: RW beta, hierarchical posterior mean",derivatives/rl_models/rw_within_all_subjects.csv,"rl_models/run_fit.py (fit_within, NumPyro NUTS) -> cognitive_merge.build_subject_df",outcome,current,,by-design,Hierarchical fit restricted to the 55 subjects with both conditions.,,57,66,9,numeric,57,0.46477142,2.738677,6.51726,scattered,,0,0.46,0.7086266053216712,0.374,0.23175745875099685,10716 10898 10961 11066 11433 11440 11492 11606 11773
active_beta_sd_hb,master,behaviour_rl_hb,"Active: RW beta, posterior SD",derivatives/rl_models/rw_within_all_subjects.csv,"rl_models/run_fit.py (fit_within, NumPyro NUTS) -> cognitive_merge.build_subject_df",qc,current,,by-design,As above.,,57,66,9,numeric,57,0.24551661,0.5994934,1.6149344,scattered,,0,0.46,0.7086266053216712,0.374,0.23175745875099685,10716 10898 10961 11066 11433 11440 11492 11606 11773
active_guess_stim_rate,master,behaviour_derived,Active session: proportion of runs the participant said they believed they were being stimulated,Bandit task behaviour (data/bandit),derived_behaviour.score_blinding -> build_master_data -> cognitive_merge.build_subject_df,qc,current,blinding check,,,Blinding integrity. delta_guess_stim_rate is the discrimination index (active - sham).,57,66,9,numeric,3,0.0,1.0,1.0,scattered,,0,0.46,0.7086266053216712,0.374,0.23175745875099685,10716 10898 10961 11066 11433 11440 11492 11606 11773
active_lapse_rate,master,behaviour_derived,Active session: proportion of trials with no response,Bandit task behaviour (data/bandit),derived_behaviour.compute_derived_behaviour -> build_master_data -> cognitive_merge.build_subject_df,outcome,current,exploratory,,,Trial column recorded from the first session; unused in the pipeline until 2026-09-22.,57,66,9,numeric,26,0.0,0.0067567567567567,0.0431654676258992,scattered,,0,0.46,0.7086266053216712,0.374,0.23175745875099685,10716 10898 10961 11066 11433 11440 11492 11606 11773
active_n_rt_trials,master,behaviour_derived,Active session: number of trials contributing to the RT measures,Bandit task behaviour (data/bandit),derived_behaviour.compute_derived_behaviour -> build_master_data -> cognitive_merge.build_subject_df,qc,current,exploratory,,,Trial column recorded from the first session; unused in the pipeline until 2026-09-22.,57,66,9,numeric,25,69.0,143.0,155.0,scattered,,0,0.46,0.7086266053216712,0.374,0.23175745875099685,10716 10898 10961 11066 11433 11440 11492 11606 11773
active_p_shift_lose,master,behaviour_wsls,Active session: P(shift | lose),Bandit task behaviour (data/bandit),wsls.compute_wsls_h1_h2 -> cognitive_merge.build_subject_df,outcome,current,,by-design,Requires both sessions (H2-eligible subjects only).,,57,66,9,numeric,56,0.0769230769230769,0.5517241379310345,0.9824561403508772,scattered,age_moderated_stimulation.py audit_sample.py build_data_audit_nb.py build_results_paper_nb.py hypothesis_tests.py order_effects.py,6,0.46,0.7086266053216712,0.374,0.23175745875099685,10716 10898 10961 11066 11433 11440 11492 11606 11773
active_p_stay_win,master,behaviour_wsls,Active session: P(stay | win),Bandit task behaviour (data/bandit),wsls.compute_wsls_h1_h2 -> cognitive_merge.build_subject_df,outcome,current,,by-design,Requires both sessions (H2-eligible subjects only).,,57,66,9,numeric,50,0.453125,0.8918918918918919,1.0,scattered,age_moderated_stimulation.py audit_sample.py build_data_audit_nb.py build_results_paper_nb.py hypothesis_tests.py order_effects.py,6,0.46,0.7086266053216712,0.374,0.23175745875099685,10716 10898 10961 11066 11433 11440 11492 11606 11773
active_persev_errors,master,behaviour_derived,Active session: proportion incorrect in the 5 trials after a reversal (perseveration on the previously-good option),Bandit task behaviour (data/bandit),derived_behaviour.compute_derived_behaviour -> build_master_data -> cognitive_merge.build_subject_df,outcome,current,exploratory,,,Trial column recorded from the first session; unused in the pipeline until 2026-09-22.,57,66,9,numeric,16,0.2,0.5,1.0,scattered,,0,0.46,0.7086266053216712,0.374,0.23175745875099685,10716 10898 10961 11066 11433 11440 11492 11606 11773
active_rt_cv,master,behaviour_derived,Active session: coefficient of variation of response time,Bandit task behaviour (data/bandit),derived_behaviour.compute_derived_behaviour -> build_master_data -> cognitive_merge.build_subject_df,outcome,current,exploratory,,,Trial column recorded from the first session; unused in the pipeline until 2026-09-22.,57,66,9,numeric,57,0.2538083454525244,0.3839112597755584,0.7184017239795898,scattered,,0,0.46,0.7086266053216712,0.374,0.23175745875099685,10716 10898 10961 11066 11433 11440 11492 11606 11773
active_rt_mean,master,behaviour_derived,"Active session: mean response time (ms), trials 200-1990 ms",Bandit task behaviour (data/bandit),derived_behaviour.compute_derived_behaviour -> build_master_data -> cognitive_merge.build_subject_df,outcome,current,H1 baseline; exploratory,,,Trial column recorded from the first session; unused in the pipeline until 2026-09-22.,57,66,9,numeric,57,401.6765919891563,677.0145141915099,1211.046253987985,scattered,,0,0.46,0.7086266053216712,0.374,0.23175745875099685,10716 10898 10961 11066 11433 11440 11492 11606 11773
active_rt_post_error,master,behaviour_derived,"Active session: post-error slowing: mean RT after an incorrect choice minus after a correct one, within run",Bandit task behaviour (data/bandit),derived_behaviour.compute_derived_behaviour -> build_master_data -> cognitive_merge.build_subject_df,outcome,current,exploratory,,,Trial column recorded from the first session; unused in the pipeline until 2026-09-22.,57,66,9,numeric,57,-172.85562345063124,3.755322494810685,146.92726755529884,scattered,,0,0.46,0.7086266053216712,0.374,0.23175745875099685,10716 10898 10961 11066 11433 11440 11492 11606 11773
active_rt_post_loss,master,behaviour_derived,"Active session: post-loss slowing: mean RT after an unrewarded trial minus after a rewarded one, within run",Bandit task behaviour (data/bandit),derived_behaviour.compute_derived_behaviour -> build_master_data -> cognitive_merge.build_subject_df,outcome,current,exploratory,,,Trial column recorded from the first session; unused in the pipeline until 2026-09-22.,57,66,9,numeric,57,-192.52852269926584,15.340328726357257,261.0656530007549,scattered,,0,0.46,0.7086266053216712,0.374,0.23175745875099685,10716 10898 10961 11066 11433 11440 11492 11606 11773
active_rt_sd,master,behaviour_derived,Active session: SD of response time (ms),Bandit task behaviour (data/bandit),derived_behaviour.compute_derived_behaviour -> build_master_data -> cognitive_merge.build_subject_df,outcome,current,exploratory,,,Trial column recorded from the first session; unused in the pipeline until 2026-09-22.,57,66,9,numeric,57,108.94452219439728,270.9973394665293,434.13436593703847,scattered,,0,0.46,0.7086266053216712,0.374,0.23175745875099685,10716 10898 10961 11066 11433 11440 11492 11606 11773
active_switch_rate,master,behaviour_derived,Active session: proportion of consecutive within-run trials on which the choice changed,Bandit task behaviour (data/bandit),derived_behaviour.compute_derived_behaviour -> build_master_data -> cognitive_merge.build_subject_df,outcome,current,exploratory,,,Trial column recorded from the first session; unused in the pipeline until 2026-09-22.,57,66,9,numeric,56,0.0405405405405405,0.3333333333333333,0.5290322580645161,scattered,,0,0.46,0.7086266053216712,0.374,0.23175745875099685,10716 10898 10961 11066 11433 11440 11492 11606 11773
active_ttc,master,behaviour_accuracy,Active session: mean trials to criterion after a reversal,Bandit task behaviour (data/bandit),reversal_analysis.identify_reversals + compute_trials_to_criterion -> build_master_data -> cognitive_merge.build_subject_df,outcome,current,,by-design,Requires both sessions (H2-eligible subjects only).,"Parameters in config (TTC_CRITERION, REVERSAL_WINDOW_*). Moved from notebook-only to the master build 2026-09-22.",57,66,9,numeric,33,0.0,4.0,12.0,scattered,build_results_paper_nb.py config.py,2,0.46,0.7086266053216712,0.374,0.23175745875099685,10716 10898 10961 11066 11433 11440 11492 11606 11773
active_ttc_censored,master,behaviour_accuracy,"Active session: mean trials-to-criterion with unsolved reversals filled with the trials available (a lower bound), removing the survivorship bias in the raw mean",Bandit task behaviour (data/bandit),reversal_analysis.compute_trials_to_criterion -> build_master_data -> cognitive_merge.build_subject_df,outcome,current,H2.1; H2.2,,,Primary under TTC_CENSORING = censored. The raw column averages only solved reversals.,57,66,9,numeric,37,0.5,5.0,13.5,scattered,,0,0.46,0.7086266053216712,0.374,0.23175745875099685,10716 10898 10961 11066 11433 11440 11492 11606 11773
active_ttc_reach_rate,master,behaviour_accuracy,Active session: proportion of reversals on which criterion was reached,Bandit task behaviour (data/bandit),reversal_analysis.compute_trials_to_criterion -> build_master_data -> cognitive_merge.build_subject_df,outcome,current,exploratory,,,The quantity the raw TTC mean was silently conditioning on.,57,66,9,numeric,5,0.25,1.0,1.0,scattered,build_results_paper_nb.py,1,0.46,0.7086266053216712,0.374,0.23175745875099685,10716 10898 10961 11066 11433 11440 11492 11606 11773
active_win_rate,master,behaviour_accuracy,Active session: proportion rewarded trials,Bandit task behaviour (data/bandit),accuracy_analysis.compute_condition_level_accuracy -> cognitive_merge.build_subject_df,outcome,current,,by-design,Requires both sessions (H2-eligible subjects only).,,57,66,9,numeric,54,0.4366197183098591,0.564625850340136,0.7483443708609272,scattered,age_moderated_stimulation.py audit_sample.py baseline_moderation_diagnostic.py build_results_paper_nb.py,4,0.46,0.7086266053216712,0.374,0.23175745875099685,10716 10898 10961 11066 11433 11440 11492 11606 11773
age,master,demographics,Age in years (self-report),REDCap tACS Bandit export (REDCAP_TACS_PATH),cognitive_merge.extract_demographics,predictor,current,"H1.1, H1.2, H2.2, all age models",,,"Self-report calculated field: (Today's Date - birthdate)/365.25, exact for all 152 REDCap records. 11542 recovered from Participant Date of Birth by the same formula (age_source = dob_fallback). TabCAT DOB is wrong for 10606 and 10741; never use it for age.",66,66,0,numeric,66,22.53,48.620000000000005,79.21,complete,accuracy_analysis.py age_moderated_stimulation.py audit_sample.py bandit_main.py bandit_main_theta.py baseline_moderation_diagnostic.py baseline_vs_age.py build_data_audit_nb.py build_results_paper_nb.py compare_composites.py compare_rl_estimates.py correlations.py derived_behaviour.py eeg_theta.py efield_analysis.py efield_results.py fig_age_effect_maps.py fig_atrophy_vs_geometry.py fig_distance_anatomy.py fig_efield_age.py fig_qc_freesurfer.py fig_qc_skull.py fig_skull_layers.py hypothesis_tests.py loseshift_accuracy_diagnostic.py presentation_plots.py qc_cognitive_composite.py qc_paper_variables.py rescorla_wagner_extended.py reversal_analysis.py sample_descriptives.py samples.py skull_circularity.py survey_exploration.py sweep_moderators.py table1.py wsls.py,37,,,,,
age_source,master,demographics,Where age came from: redcap_age (REDCap calculated field) or dob_fallback (same formula from Participant Date of Birth),REDCap tACS Bandit export (REDCAP_TACS_PATH),cognitive_merge.extract_demographics,qc,current,,individual,Missing only where age itself is missing.,,66,66,0,text,2,,,,complete,,0,,,,,
aq_attention_detail,master,survey_exploratory,AQ attention to detail,REDCap RF1 FullScoring export (REDCAP_RF1_PATH),cognitive_merge.load_rf1_exploratory,exploratory,current,,,,,64,66,2,numeric,10,0.0,5.0,9.0,scattered,,0,0.414,0.7048951048951048,0.891,0.059673659673659674,10559 10649
aq_attention_switching,master,survey_exploratory,AQ attention switching,REDCap RF1 FullScoring export (REDCAP_RF1_PATH),cognitive_merge.load_rf1_exploratory,exploratory,current,,,,,64,66,2,numeric,9,1.0,4.0,9.0,scattered,,0,0.414,0.7048951048951048,0.891,0.059673659673659674,10559 10649
aq_communication,master,survey_exploratory,AQ communication,REDCap RF1 FullScoring export (REDCAP_RF1_PATH),cognitive_merge.load_rf1_exploratory,exploratory,current,,,,,64,66,2,numeric,9,0.0,3.0,8.0,scattered,,0,0.414,0.7048951048951048,0.891,0.059673659673659674,10559 10649
aq_imagination,master,survey_exploratory,AQ imagination,REDCap RF1 FullScoring export (REDCAP_RF1_PATH),cognitive_merge.load_rf1_exploratory,exploratory,current,,,,,64,66,2,numeric,8,0.0,3.0,7.0,scattered,,0,0.414,0.7048951048951048,0.891,0.059673659673659674,10559 10649
aq_social_skill,master,survey_exploratory,AQ social skill,REDCap RF1 FullScoring export (REDCAP_RF1_PATH),cognitive_merge.load_rf1_exploratory,exploratory,current,,,,,64,66,2,numeric,10,0.0,3.0,9.0,scattered,,0,0.414,0.7048951048951048,0.891,0.059673659673659674,10559 10649
aq_total,master,survey_exploratory,Autism Quotient total,REDCap RF1 FullScoring export (REDCAP_RF1_PATH),cognitive_merge.load_rf1_exploratory,exploratory,current,,,,,64,66,2,numeric,24,5.0,19.0,34.0,scattered,,0,0.414,0.7048951048951048,0.891,0.059673659673659674,10559 10649
attention_composite,master,cognitive_composite,Legacy attention domain (mean of available z-scores),z-scored cognition columns,cognitive_merge.compute_cognitive_composites,legacy,legacy,,,,Input count varies with age; do not use for new work.,64,66,2,numeric,64,-1.8246311038127776,0.10598246745066905,1.4130889220860952,scattered,correlations.py survey_exploration.py,2,0.43,0.7571095571095571,0.547,0.8391608391608392,10641 11472
attention_n_measures,master,item_count,Inputs behind attention_composite,derived,cognitive_merge.compute_cognitive_composites,qc,legacy,,,,,66,66,0,numeric,4,0.0,2.0,3.0,complete,,0,,,,,
audit_total,master,survey_substance,AUDIT alcohol,REDCap RF1 raw export (REDCAP_RF1_RAW_PATH),cognitive_merge.load_rf1_substance_mood,exploratory,current,,enrollment-gated,Collected for early enrollees only (protocol changed). Not recoverable.,,15,66,51,numeric,10,0.0,4.0,13.0,enrollment-gated (earlier present),audit_sample.py build_data_audit_nb.py build_results_paper_nb.py survey_exploration.py,4,0.633,0.12224698560804109,0.008,8.756375916915132e-09,
bbs_avg,master,survey_other,BBS mean item score,REDCap tACS Bandit export (REDCAP_TACS_PATH),cognitive_merge.score_bbs,exploratory,unavailable,,,,"PENDING: needs a raw (numeric) REDCap export of the tACS BBS fields. The labels export drops every 2-6 response, so old scores (-6/-1/0) used endpoint answers only. score_bbs refuses a labels export. Also: 7 of 14 bias labels match no column.",0,66,66,text,0,,,,,audit_sample.py build_data_audit_nb.py correlations.py survey_exploration.py,4,,,,,
bbs_n_items,master,item_count,Items answered for BBS,REDCap tACS Bandit export (REDCAP_TACS_PATH),cognitive_merge.score_bbs,qc,unavailable,,,,See bbs_avg.,0,66,66,text,0,,,,,,0,,,,,
bpsqi_disturbance,master,survey_sleep,Brief PSQI component: disturbance,REDCap tACS Bandit export (REDCAP_TACS_PATH),cognitive_merge.score_bpsqi,exploratory,current,,,,,65,66,1,numeric,4,0.0,1.0,3.0,scattered,correlations.py survey_exploration.py,2,0.954,0.12121212121212122,0.477,0.9696969696969691,11066
bpsqi_duration,master,survey_sleep,Brief PSQI component: duration,REDCap tACS Bandit export (REDCAP_TACS_PATH),cognitive_merge.score_bpsqi,exploratory,current,,,,,65,66,1,numeric,3,0.0,1.0,2.0,scattered,correlations.py survey_exploration.py,2,0.954,0.12121212121212122,0.477,0.9696969696969691,11066
bpsqi_global,master,survey_sleep,Brief PSQI global score,REDCap tACS Bandit export (REDCAP_TACS_PATH),cognitive_merge.score_bpsqi,exploratory,current,,,,,65,66,1,numeric,10,0.0,3.0,9.0,scattered,audit_sample.py build_data_audit_nb.py build_results_paper_nb.py correlations.py qc_paper_variables.py survey_exploration.py,6,0.954,0.12121212121212122,0.477,0.9696969696969691,11066
bpsqi_latency,master,survey_sleep,Brief PSQI component: latency,REDCap tACS Bandit export (REDCAP_TACS_PATH),cognitive_merge.score_bpsqi,exploratory,current,,,,,65,66,1,numeric,4,0.0,1.0,3.0,scattered,correlations.py survey_exploration.py,2,0.954,0.12121212121212122,0.477,0.9696969696969691,11066
bpsqi_n_items,master,item_count,Items answered for BPSQI,REDCap tACS Bandit export (REDCAP_TACS_PATH),cognitive_merge.score_bpsqi,qc,current,,,,,66,66,0,numeric,2,0.0,4.0,4.0,complete,,0,,,,,
bpsqi_quality,master,survey_sleep,Brief PSQI component: quality,REDCap tACS Bandit export (REDCAP_TACS_PATH),cognitive_merge.score_bpsqi,exploratory,current,,,,,65,66,1,numeric,4,0.0,1.0,3.0,scattered,correlations.py survey_exploration.py,2,0.954,0.12121212121212122,0.477,0.9696969696969691,11066
bsmas_total,master,survey_affect_social,Bergen Social Media Addiction Scale,REDCap RF1 FullScoring export (REDCAP_RF1_PATH),cognitive_merge.load_rf1_extended,exploratory,current,,,,,66,66,0,numeric,17,6.0,12.0,22.0,complete,survey_exploration.py,1,,,,,
bvmt_total,master,cognition,BVMT-R total,REDCap RF1 raw export (REDCAP_RF1_RAW_PATH),cognitive_merge.load_rf1_raw,legacy_composite_input,legacy,,age-gated,"Administered from ~age 56 only (24-28 of 29 aged 56+, 1 of 36 below). Not recoverable.",,30,66,36,numeric,18,3.0,19.0,34.0,age-gated (older present),audit_sample.py build_data_audit_nb.py build_results_paper_nb.py,3,0.999,4.071129101512741e-12,0.604,0.1510383112555848,
crt_n_items,master,item_count,Items answered for CRT,REDCap tACS Bandit export (REDCAP_TACS_PATH),cognitive_merge.score_crt,qc,current,,,,,66,66,0,numeric,1,6.0,6.0,6.0,complete,,0,,,,,
crt_total,master,survey_decision,Cognitive Reflection Test total (tACS REDCap),REDCap tACS Bandit export (REDCAP_TACS_PATH),cognitive_merge.score_crt,exploratory,current,,,,,66,66,0,numeric,7,0.0,2.0,6.0,complete,audit_sample.py build_data_audit_nb.py build_results_paper_nb.py correlations.py qc_paper_variables.py survey_exploration.py,6,,,,,
delta_accuracy,master,behaviour_accuracy,Active minus sham: proportion optimal choices,Bandit task behaviour (data/bandit),accuracy_analysis.compute_condition_level_accuracy -> cognitive_merge.build_subject_df,outcome,current,H2.2,by-design,Requires both sessions (H2-eligible subjects only).,,57,66,9,numeric,57,-0.3711612498880831,-0.0065752128666035,0.1784183872224386,scattered,age_moderated_stimulation.py baseline_moderation_diagnostic.py baseline_vs_age.py build_results_paper_nb.py compare_composites.py presentation_plots.py qc_paper_variables.py samples.py survey_exploration.py sweep_moderators.py,10,0.46,0.7086266053216712,0.374,0.23175745875099685,10716 10898 10961 11066 11433 11440 11492 11606 11773
delta_alpha,master,behaviour_rl_mle,Active minus sham: RW learning rate (MLE),Bandit task behaviour (data/bandit),rescorla_wagner.fit_rw_by_condition(method=mle) -> cognitive_merge.build_subject_df,outcome,current,H2.2,by-design,Requires both sessions (H2-eligible subjects only).,MLE alpha pinned at 0/1 for ~1/3 of subjects; see _hb.,57,66,9,numeric,51,-0.998,0.0,0.9773558199794004,scattered,age_moderated_stimulation.py baseline_vs_age.py build_results_paper_nb.py compare_composites.py config.py hypothesis_tests.py qc_paper_variables.py rl_models/fit_within.py rl_models/models_within.py rl_models/run_within_fit.py rl_models/test_prior_sensitivity.py rl_models/test_recovery_within.py samples.py survey_exploration.py sweep_moderators.py,15,0.46,0.7086266053216712,0.374,0.23175745875099685,10716 10898 10961 11066 11433 11440 11492 11606 11773
delta_alpha_hb,master,behaviour_rl_hb,"Active minus sham RW alpha, hierarchical",derivatives/rl_models/rw_within_all_subjects.csv,"rl_models/run_fit.py (fit_within, NumPyro NUTS) -> cognitive_merge.build_subject_df",outcome,current,,by-design,As above.,,57,66,9,numeric,57,-0.32970503,0.0046548247,0.40427017,scattered,compare_composites.py config.py samples.py,3,0.46,0.7086266053216712,0.374,0.23175745875099685,10716 10898 10961 11066 11433 11440 11492 11606 11773
delta_asymptotic_acc,master,behaviour_derived,Active minus sham: proportion correct in the 5 trials before a reversal (stable-contingency performance),Bandit task behaviour (data/bandit),derived_behaviour.compute_derived_behaviour -> build_master_data -> cognitive_merge.build_subject_df,outcome,current,exploratory,,,Trial column recorded from the first session; unused in the pipeline until 2026-09-22.,57,66,9,numeric,25,-0.35,0.0,0.55,scattered,sweep_moderators.py,1,0.46,0.7086266053216712,0.374,0.23175745875099685,10716 10898 10961 11066 11433 11440 11492 11606 11773
delta_beta,master,behaviour_rl_mle,Active minus sham: RW inverse temperature (MLE),Bandit task behaviour (data/bandit),rescorla_wagner.fit_rw_by_condition(method=mle) -> cognitive_merge.build_subject_df,outcome,current,H2.2,by-design,Requires both sessions (H2-eligible subjects only).,MLE and hierarchical beta disagree (active r=.013); see _hb.,57,66,9,numeric,56,-11.552665415130338,-0.0160514016917217,33.85795951533484,scattered,age_moderated_stimulation.py build_results_paper_nb.py compare_composites.py config.py hypothesis_tests.py qc_paper_variables.py rl_models/fit_within.py rl_models/models_within.py rl_models/run_within_fit.py rl_models/test_prior_sensitivity.py rl_models/test_recovery_within.py samples.py survey_exploration.py sweep_moderators.py,14,0.46,0.7086266053216712,0.374,0.23175745875099685,10716 10898 10961 11066 11433 11440 11492 11606 11773
delta_beta_hb,master,behaviour_rl_hb,"Active minus sham RW beta, hierarchical",derivatives/rl_models/rw_within_all_subjects.csv,"rl_models/run_fit.py (fit_within, NumPyro NUTS) -> cognitive_merge.build_subject_df",outcome,current,,by-design,As above.,,57,66,9,numeric,57,-2.6577058,-0.08684516,2.8277576,scattered,compare_composites.py samples.py,2,0.46,0.7086266053216712,0.374,0.23175745875099685,10716 10898 10961 11066 11433 11440 11492 11606 11773
delta_guess_stim_rate,master,behaviour_derived,Active minus sham: proportion of runs the participant said they believed they were being stimulated,Bandit task behaviour (data/bandit),derived_behaviour.score_blinding -> build_master_data -> cognitive_merge.build_subject_df,qc,current,blinding check,,,Blinding integrity. delta_guess_stim_rate is the discrimination index (active - sham).,57,66,9,numeric,5,-1.0,0.0,1.0,scattered,,0,0.46,0.7086266053216712,0.374,0.23175745875099685,10716 10898 10961 11066 11433 11440 11492 11606 11773
delta_lapse_rate,master,behaviour_derived,Active minus sham: proportion of trials with no response,Bandit task behaviour (data/bandit),derived_behaviour.compute_derived_behaviour -> build_master_data -> cognitive_merge.build_subject_df,outcome,current,exploratory,,,Trial column recorded from the first session; unused in the pipeline until 2026-09-22.,57,66,9,numeric,43,-0.0840617715617715,0.0,0.0431654676258992,scattered,,0,0.46,0.7086266053216712,0.374,0.23175745875099685,10716 10898 10961 11066 11433 11440 11492 11606 11773
delta_n_rt_trials,master,behaviour_derived,Active minus sham: number of trials contributing to the RT measures,Bandit task behaviour (data/bandit),derived_behaviour.compute_derived_behaviour -> build_master_data -> cognitive_merge.build_subject_df,qc,current,exploratory,,,Trial column recorded from the first session; unused in the pipeline until 2026-09-22.,57,66,9,numeric,25,-75.0,-1.0,74.0,scattered,,0,0.46,0.7086266053216712,0.374,0.23175745875099685,10716 10898 10961 11066 11433 11440 11492 11606 11773
delta_p_shift_lose,master,behaviour_wsls,Active minus sham: P(shift | lose),Bandit task behaviour (data/bandit),wsls.compute_wsls_h1_h2 -> cognitive_merge.build_subject_df,outcome,current,H2.2,by-design,Requires both sessions (H2-eligible subjects only).,,57,66,9,numeric,57,-0.257257832710549,-0.0211844005777563,0.2833333333333333,scattered,age_moderated_stimulation.py baseline_vs_age.py build_results_paper_nb.py compare_composites.py hypothesis_tests.py qc_paper_variables.py samples.py survey_exploration.py sweep_moderators.py,9,0.46,0.7086266053216712,0.374,0.23175745875099685,10716 10898 10961 11066 11433 11440 11492 11606 11773
delta_p_stay_win,master,behaviour_wsls,Active minus sham: P(stay | win),Bandit task behaviour (data/bandit),wsls.compute_wsls_h1_h2 -> cognitive_merge.build_subject_df,outcome,current,H2.2,by-design,Requires both sessions (H2-eligible subjects only).,,57,66,9,numeric,57,-0.4661111111111111,0.0060266896254843,0.3614360629286002,scattered,age_moderated_stimulation.py baseline_vs_age.py build_results_paper_nb.py compare_composites.py hypothesis_tests.py qc_paper_variables.py samples.py survey_exploration.py sweep_moderators.py,9,0.46,0.7086266053216712,0.374,0.23175745875099685,10716 10898 10961 11066 11433 11440 11492 11606 11773
delta_persev_errors,master,behaviour_derived,Active minus sham: proportion incorrect in the 5 trials after a reversal (perseveration on the previously-good option),Bandit task behaviour (data/bandit),derived_behaviour.compute_derived_behaviour -> build_master_data -> cognitive_merge.build_subject_df,outcome,current,exploratory,,,Trial column recorded from the first session; unused in the pipeline until 2026-09-22.,57,66,9,numeric,22,-0.35,0.0499999999999999,0.4,scattered,sweep_moderators.py,1,0.46,0.7086266053216712,0.374,0.23175745875099685,10716 10898 10961 11066 11433 11440 11492 11606 11773
delta_rt_cv,master,behaviour_derived,Active minus sham: coefficient of variation of response time,Bandit task behaviour (data/bandit),derived_behaviour.compute_derived_behaviour -> build_master_data -> cognitive_merge.build_subject_df,outcome,current,exploratory,,,Trial column recorded from the first session; unused in the pipeline until 2026-09-22.,57,66,9,numeric,57,-0.1629609907962031,0.0167215818984622,0.3919785459549085,scattered,sweep_moderators.py,1,0.46,0.7086266053216712,0.374,0.23175745875099685,10716 10898 10961 11066 11433 11440 11492 11606 11773
delta_rt_mean,master,behaviour_derived,"Active minus sham: mean response time (ms), trials 200-1990 ms",Bandit task behaviour (data/bandit),derived_behaviour.compute_derived_behaviour -> build_master_data -> cognitive_merge.build_subject_df,outcome,current,H1 baseline; exploratory,,,Trial column recorded from the first session; unused in the pipeline until 2026-09-22.,57,66,9,numeric,57,-273.6873926713721,6.780995691059388,365.4051560379654,scattered,sweep_moderators.py,1,0.46,0.7086266053216712,0.374,0.23175745875099685,10716 10898 10961 11066 11433 11440 11492 11606 11773
delta_rt_post_error,master,behaviour_derived,"Active minus sham: post-error slowing: mean RT after an incorrect choice minus after a correct one, within run",Bandit task behaviour (data/bandit),derived_behaviour.compute_derived_behaviour -> build_master_data -> cognitive_merge.build_subject_df,outcome,current,exploratory,,,Trial column recorded from the first session; unused in the pipeline until 2026-09-22.,57,66,9,numeric,57,-200.82619331492924,-21.047144849767392,283.99136797734604,scattered,sweep_moderators.py,1,0.46,0.7086266053216712,0.374,0.23175745875099685,10716 10898 10961 11066 11433 11440 11492 11606 11773
delta_rt_post_loss,master,behaviour_derived,"Active minus sham: post-loss slowing: mean RT after an unrewarded trial minus after a rewarded one, within run",Bandit task behaviour (data/bandit),derived_behaviour.compute_derived_behaviour -> build_master_data -> cognitive_merge.build_subject_df,outcome,current,exploratory,,,Trial column recorded from the first session; unused in the pipeline until 2026-09-22.,57,66,9,numeric,57,-185.1110032298932,-15.766937562951512,196.11807565307413,scattered,sweep_moderators.py,1,0.46,0.7086266053216712,0.374,0.23175745875099685,10716 10898 10961 11066 11433 11440 11492 11606 11773
delta_rt_sd,master,behaviour_derived,Active minus sham: SD of response time (ms),Bandit task behaviour (data/bandit),derived_behaviour.compute_derived_behaviour -> build_master_data -> cognitive_merge.build_subject_df,outcome,current,exploratory,,,Trial column recorded from the first session; unused in the pipeline until 2026-09-22.,57,66,9,numeric,57,-137.01308658182603,6.146035863020131,285.3354966856251,scattered,,0,0.46,0.7086266053216712,0.374,0.23175745875099685,10716 10898 10961 11066 11433 11440 11492 11606 11773
delta_switch_rate,master,behaviour_derived,Active minus sham: proportion of consecutive within-run trials on which the choice changed,Bandit task behaviour (data/bandit),derived_behaviour.compute_derived_behaviour -> build_master_data -> cognitive_merge.build_subject_df,outcome,current,exploratory,,,Trial column recorded from the first session; unused in the pipeline until 2026-09-22.,57,66,9,numeric,57,-0.2250375375375375,0.0071960297766749,0.3397106249455243,scattered,sweep_moderators.py,1,0.46,0.7086266053216712,0.374,0.23175745875099685,10716 10898 10961 11066 11433 11440 11492 11606 11773
delta_ttc,master,behaviour_accuracy,Active minus sham trials to criterion,Bandit task behaviour (data/bandit),reversal_analysis.identify_reversals + compute_trials_to_criterion -> build_master_data -> cognitive_merge.build_subject_df,outcome,current,"H2.1, H2.2",by-design,Requires both sessions (H2-eligible subjects only).,"Parameters in config (TTC_CRITERION, REVERSAL_WINDOW_*). Moved from notebook-only to the master build 2026-09-22.",57,66,9,numeric,45,-11.5,0.25,6.666666666666667,scattered,build_results_paper_nb.py config.py qc_paper_variables.py reversal_analysis.py samples.py sweep_moderators.py,6,0.46,0.7086266053216712,0.374,0.23175745875099685,10716 10898 10961 11066 11433 11440 11492 11606 11773
delta_ttc_censored,master,behaviour_accuracy,"Active minus sham: mean trials-to-criterion with unsolved reversals filled with the trials available (a lower bound), removing the survivorship bias in the raw mean",Bandit task behaviour (data/bandit),reversal_analysis.compute_trials_to_criterion -> build_master_data -> cognitive_merge.build_subject_df,outcome,current,H1 baseline; H2.1; H2.2,,,Primary under TTC_CENSORING = censored. The raw column averages only solved reversals.,57,66,9,numeric,34,-7.25,0.0,9.5,scattered,samples.py,1,0.46,0.7086266053216712,0.374,0.23175745875099685,10716 10898 10961 11066 11433 11440 11492 11606 11773
delta_ttc_reach_rate,master,behaviour_accuracy,Active minus sham: proportion of reversals on which criterion was reached,Bandit task behaviour (data/bandit),reversal_analysis.compute_trials_to_criterion -> build_master_data -> cognitive_merge.build_subject_df,outcome,current,exploratory,,,The quantity the raw TTC mean was silently conditioning on.,57,66,9,numeric,8,-0.75,0.0,0.75,scattered,build_results_paper_nb.py samples.py sweep_moderators.py,3,0.46,0.7086266053216712,0.374,0.23175745875099685,10716 10898 10961 11066 11433 11440 11492 11606 11773
delta_win_rate,master,behaviour_accuracy,Active minus sham: proportion rewarded trials,Bandit task behaviour (data/bandit),accuracy_analysis.compute_condition_level_accuracy -> cognitive_merge.build_subject_df,outcome,current,H2.2,by-design,Requires both sessions (H2-eligible subjects only).,,57,66,9,numeric,57,-0.1529680365296802,-0.0192068205766835,0.1692044156832889,scattered,age_moderated_stimulation.py baseline_moderation_diagnostic.py compare_composites.py presentation_plots.py qc_paper_variables.py samples.py survey_exploration.py sweep_moderators.py,8,0.46,0.7086266053216712,0.374,0.23175745875099685,10716 10898 10961 11066 11433 11440 11492 11606 11773
digit_span_total,master,cognition,Digit Span total,REDCap RF1 raw export (REDCAP_RF1_RAW_PATH),cognitive_merge.load_rf1_raw,legacy_composite_input,legacy,,age-gated,"Administered from ~age 56 only (24-28 of 29 aged 56+, 1 of 36 below). Not recoverable.",,26,66,40,numeric,8,8.0,12.0,15.0,age-gated (older present),audit_sample.py build_data_audit_nb.py build_results_paper_nb.py,3,0.938,2.454586444498989e-09,0.676,0.016621889414465345,
dudit_total,master,survey_substance,DUDIT drug use,REDCap RF1 raw export (REDCAP_RF1_RAW_PATH),cognitive_merge.load_rf1_substance_mood,exploratory,current,,enrollment-gated,Collected for early enrollees only (protocol changed). Not recoverable.,,15,66,51,numeric,5,0.0,0.0,13.0,enrollment-gated (earlier present),survey_exploration.py,1,0.633,0.12224698560804109,0.008,8.756375916915132e-09,
education_source,master,demographics,"Which source education_years came from: rf1_raw, island_screener or tabcat",derived,cognitive_merge.build_subject_df,qc,current,,individual,Missing only where education itself is missing.,,61,66,5,text,3,,,,scattered,,0,0.548,0.7420446936575968,0.672,0.2147968518936261,10606 10608 10641 10886 11885
education_years,master,demographics,Years of education,RF1 raw -> island screener -> TabCAT (in that order; see education_source),cognitive_merge.build_subject_df,covariate,current,"H1.1, H1.2",,,Sources ranked by agreement: RF1 vs island r=.88; RF1 vs TabCAT r=.35. Unrelated to cognition (r=.07) because of range restriction (63% 16+ y) and an age confound (edu x age r=+.28). VERIFY IN REDCAP: 11885 = 2 y (RF1 and island agree; TabCAT says 18); 10590 = 19 y from RF1 while TabCAT and island both say 7.,61,66,5,numeric,13,12.0,16.0,26.0,scattered,audit_sample.py build_data_audit_nb.py build_results_paper_nb.py compare_composites.py compare_rl_estimates.py correlations.py hypothesis_tests.py presentation_plots.py qc_cognitive_composite.py qc_paper_variables.py table1.py,11,0.548,0.7420446936575968,0.672,0.2147968518936261,10606 10608 10641 10886 11885
ef_composite,master,cognitive_composite,"Legacy executive function (Running Dots, Flanker, Trails B-A)",derived,cognitive_merge.compute_cognitive_composites,legacy,legacy,,,,,65,66,1,numeric,65,-2.506508448433524,0.1009104586756504,1.4130889220860952,scattered,build_results_paper_nb.py correlations.py rescorla_wagner_extended.py survey_exploration.py,4,0.508,0.9999999999999993,0.831,0.36363636363636354,10641
ef_n_measures,master,item_count,Inputs behind ef_composite,derived,cognitive_merge.compute_cognitive_composites,qc,legacy,,,,,66,66,0,numeric,4,0.0,2.0,3.0,complete,,0,,,,,
ef_reduced,master,cognitive_composite,"Uniform executive function domain: Flanker, Set Shifting and Running Dots (inhibition, shifting, updating)",z-scored cognition columns,cognitive_merge.compute_cognitive_composites,covariate_component,current,,,,"Renamed from attention_reduced 2026-09-22: its three tasks are the standard EF components (Miyake et al., 2000). Correlates .91 with the legacy ef_composite.",63,66,3,numeric,63,-1.888022051555583,0.084342375359715,1.345793588325486,scattered,build_results_paper_nb.py qc_cognitive_composite.py qc_paper_variables.py survey_exploration.py table1.py,5,0.291,0.24278846153846156,0.455,0.8165646853146853,10641 11461 11472
ef_reduced_n,master,item_count,Inputs behind ef_reduced,derived,cognitive_merge.compute_cognitive_composites,qc,current,,,,,66,66,0,numeric,3,0.0,3.0,3.0,complete,,0,,,,,
eros_ext_improving,master,survey_affect_social,EROS extrinsic improving,REDCap RF1 FullScoring export (REDCAP_RF1_PATH),cognitive_merge.load_rf1_extended,exploratory,current,,,,,66,66,0,numeric,16,2.33,4.085,5.0,complete,survey_exploration.py,1,,,,,
eros_ext_worsening,master,survey_affect_social,EROS extrinsic worsening,REDCap RF1 FullScoring export (REDCAP_RF1_PATH),cognitive_merge.load_rf1_extended,exploratory,current,,,,,66,66,0,numeric,6,3.0,4.835,5.0,complete,survey_exploration.py,1,,,,,
eros_int_improving,master,survey_affect_social,EROS intrinsic improving,REDCap RF1 FullScoring export (REDCAP_RF1_PATH),cognitive_merge.load_rf1_extended,exploratory,current,,,,,66,66,0,numeric,20,1.33,3.25,4.83,complete,survey_exploration.py,1,,,,,
eros_int_worsening,master,survey_affect_social,EROS intrinsic worsening,REDCap RF1 FullScoring export (REDCAP_RF1_PATH),cognitive_merge.load_rf1_extended,exploratory,current,,,,,66,66,0,numeric,15,2.25,4.75,5.0,complete,survey_exploration.py,1,,,,,
ethnicity,master,demographics,Ethnicity,REDCap tACS Bandit export (REDCAP_TACS_PATH),cognitive_merge.extract_demographics,descriptive,current,,,,,66,66,0,text,3,,,,complete,audit_sample.py build_data_audit_nb.py sweep_moderators.py table1.py,4,,,,,
ffmq_actaware,master,survey_mindfulness,FFMQ facet: actaware,REDCap tACS Bandit export (REDCAP_TACS_PATH),cognitive_merge.score_ffmq,exploratory,current,,,,,65,66,1,numeric,11,1.6666666666666667,3.3333333333333335,5.0,scattered,correlations.py survey_exploration.py,2,0.954,0.12121212121212122,0.477,0.9696969696969691,11066
ffmq_describe,master,survey_mindfulness,FFMQ facet: describe,REDCap tACS Bandit export (REDCAP_TACS_PATH),cognitive_merge.score_ffmq,exploratory,current,,,,,65,66,1,numeric,10,2.0,3.6666666666666665,5.0,scattered,correlations.py survey_exploration.py,2,0.954,0.12121212121212122,0.477,0.9696969696969691,11066
ffmq_n_items,master,item_count,Items answered for FFMQ,REDCap tACS Bandit export (REDCAP_TACS_PATH),cognitive_merge.score_ffmq,qc,current,,,,,66,66,0,numeric,2,0.0,15.0,15.0,complete,,0,,,,,
ffmq_nonjudge,master,survey_mindfulness,FFMQ facet: nonjudge,REDCap tACS Bandit export (REDCAP_TACS_PATH),cognitive_merge.score_ffmq,exploratory,current,,,,,65,66,1,numeric,10,2.0,4.0,5.0,scattered,correlations.py survey_exploration.py,2,0.954,0.12121212121212122,0.477,0.9696969696969691,11066
ffmq_nonreact,master,survey_mindfulness,FFMQ facet: nonreact,REDCap tACS Bandit export (REDCAP_TACS_PATH),cognitive_merge.score_ffmq,exploratory,current,,,,,65,66,1,numeric,5,1.0,4.0,5.0,scattered,correlations.py survey_exploration.py,2,0.954,0.12121212121212122,0.477,0.9696969696969691,11066
ffmq_observe,master,survey_mindfulness,FFMQ facet: observe,REDCap tACS Bandit export (REDCAP_TACS_PATH),cognitive_merge.score_ffmq,exploratory,current,,,,,65,66,1,numeric,10,2.0,4.0,5.0,scattered,correlations.py survey_exploration.py,2,0.954,0.12121212121212122,0.477,0.9696969696969691,11066
ffmq_total,master,survey_mindfulness,FFMQ total,REDCap tACS Bandit export (REDCAP_TACS_PATH),cognitive_merge.score_ffmq,exploratory,current,,,,,65,66,1,numeric,25,2.3333333333333335,3.6666666666666665,4.6,scattered,audit_sample.py build_data_audit_nb.py build_results_paper_nb.py correlations.py qc_paper_variables.py survey_exploration.py,6,0.954,0.12121212121212122,0.477,0.9696969696969691,11066
ffmq_total_no_obs,master,survey_mindfulness,FFMQ total excluding Observe facet,REDCap tACS Bandit export (REDCAP_TACS_PATH),cognitive_merge.score_ffmq,exploratory,current,,,,,65,66,1,numeric,21,2.0833333333333335,3.6666666666666665,4.666666666666667,scattered,correlations.py survey_exploration.py,2,0.954,0.12121212121212122,0.477,0.9696969696969691,11066
flanker_score,master,cognition,TabCAT Flanker total score,TabCAT export (TABCAT_PATH + legacy),cognitive_merge.load_tabcat,composite_input,current,,,,"Ceiling: Shapiro W=.92, p<.001. Uses the raw TabCAT score. Do NOT substitute TabCAT *_Z columns: they are age-normed from the tablet DOB, which is wrong for 10606 (TabCAT 66 vs true 22) and 10741 (28 vs 37).",63,66,3,numeric,49,5.33,9.02,10.0,scattered,audit_sample.py build_data_audit_nb.py build_results_paper_nb.py qc_cognitive_composite.py,4,0.291,0.24278846153846156,0.455,0.8165646853146853,10641 11461 11472
gender,master,demographics,Gender,REDCap tACS Bandit export (REDCAP_TACS_PATH),cognitive_merge.extract_demographics,covariate,current,,,,,66,66,0,text,2,,,,complete,audit_sample.py bandit_main.py bandit_main_theta.py build_data_audit_nb.py build_results_paper_nb.py efield_results.py fig_atrophy_vs_geometry.py fig_qc_skull.py fig_skull_layers.py sweep_moderators.py table1.py,11,,,,,
global_composite,master,cognitive_composite,Legacy global cognition (mean of 3 legacy domains),derived,cognitive_merge.compute_cognitive_composites,legacy,legacy,"H1.1, H1.2, H2.2 as preregistered",,,Memory input count tracks age r=+.90. Set COG_COMPOSITE to use it; compare_composites.py runs both.,66,66,0,numeric,66,-1.693578138376428,0.08637815826261265,1.562848022059226,complete,build_results_paper_nb.py config.py qc_cognitive_composite.py,3,,,,,
global_n_domains,master,item_count,Domains behind global_composite,derived,cognitive_merge.compute_cognitive_composites,qc,legacy,,,,,66,66,0,numeric,2,2.0,3.0,3.0,complete,build_results_paper_nb.py qc_cognitive_composite.py,2,,,,,
global_reduced,master,cognitive_composite,Global cognition: mean of attention/memory/speed _reduced,derived,cognitive_merge.compute_cognitive_composites,covariate,current,"H1.1, H1.2, H2.2 (COG_COMPOSITE)",,,alpha=.79; KBIT r=+.47; r=.96 with global_composite. 1 of 19 models changes vs legacy (see compare_composites.py).,66,66,0,numeric,66,-1.693024226519044,0.07177944207022915,1.5164166534967023,complete,age_moderated_stimulation.py baseline_moderation_diagnostic.py baseline_vs_age.py build_data_audit_nb.py build_results_paper_nb.py compare_composites.py compare_rl_estimates.py config.py correlations.py hypothesis_tests.py loseshift_accuracy_diagnostic.py presentation_plots.py qc_cognitive_composite.py qc_paper_variables.py samples.py survey_exploration.py table1.py,17,,,,,
global_reduced_n,master,item_count,Inputs behind global_reduced (of 6),derived,cognitive_merge.compute_cognitive_composites,qc,current,,,,,66,66,0,numeric,4,3.0,6.0,6.0,complete,qc_cognitive_composite.py,1,,,,,
gti_score,master,survey_exploratory,GTI score,REDCap RF1 FullScoring export (REDCAP_RF1_PATH),cognitive_merge.load_rf1_exploratory,exploratory,current,,enrollment-gated,"Missing for enrollment ranks 1, 2, 5, 7, 8: added to the RF1 protocol after the first eight subjects. Not recoverable.",,61,66,5,numeric,16,1.0,2.67,4.0,enrollment-gated (later present),,0,0.557,0.6892149069568424,0.974,1.3427432782271492e-05,10369 10418 10589 10606 10608
gullibility_insensitivity,master,survey_exploratory,Gullibility: insensitivity,REDCap RF1 FullScoring export (REDCAP_RF1_PATH),cognitive_merge.load_rf1_exploratory,exploratory,current,,,,,66,66,0,numeric,23,1.0,3.085,5.17,complete,,0,,,,,
gullibility_total,master,survey_exploratory,Gullibility total,REDCap RF1 FullScoring export (REDCAP_RF1_PATH),cognitive_merge.load_rf1_exploratory,exploratory,current,,,,,66,66,0,numeric,32,1.0,2.625,4.75,complete,,0,,,,,
har_score,master,cognition,HAR score,REDCap RF1 FullScoring export (REDCAP_RF1_PATH),cognitive_merge.load_rf1_fullscoring,exploratory,current,,,,,66,66,0,numeric,23,5.0,24.5,34.0,complete,survey_exploration.py,1,,,,,
hvlt_total,master,cognition,HVLT-R total recall,REDCap RF1 FullScoring export (REDCAP_RF1_PATH),cognitive_merge.load_rf1_fullscoring,composite_input,current,,,,Sole memory input to global_reduced; no age relationship (r=-.16) and near-orthogonal to Flanker.,66,66,0,numeric,19,12.0,24.0,35.0,complete,audit_sample.py build_data_audit_nb.py build_results_paper_nb.py qc_cognitive_composite.py,4,,,,,
ios_computer,master,survey_exploratory,Inclusion of Other in Self: computer,REDCap RF1 FullScoring export (REDCAP_RF1_PATH),cognitive_merge.load_rf1_exploratory,exploratory,current,,,,,66,66,0,numeric,7,1.0,1.0,7.0,complete,,0,,,,,
ios_friend,master,survey_exploratory,Inclusion of Other in Self: friend,REDCap RF1 FullScoring export (REDCAP_RF1_PATH),cognitive_merge.load_rf1_exploratory,exploratory,current,,,,,66,66,0,numeric,6,2.0,6.0,7.0,complete,,0,,,,,
ios_investment_stranger,master,survey_exploratory,IOS: investment in stranger,REDCap RF1 FullScoring export (REDCAP_RF1_PATH),cognitive_merge.load_rf1_exploratory,exploratory,current,,enrollment-gated,Added mid-study (IDs 10809+). Not recoverable for earlier subjects.,,41,66,25,numeric,9,1.0,2.0,10.0,leans enrollment (later present),,0,0.473,0.721161436915114,0.874,4.131611140492818e-07,
ios_shared_reward_stranger,master,survey_exploratory,IOS: shared reward with stranger,REDCap RF1 FullScoring export (REDCAP_RF1_PATH),cognitive_merge.load_rf1_exploratory,exploratory,current,,enrollment-gated,Added mid-study (IDs 10809+). Not recoverable for earlier subjects.,,41,66,25,numeric,8,1.0,2.0,10.0,leans enrollment (later present),,0,0.473,0.721161436915114,0.874,4.131611140492818e-07,
ios_stranger,master,survey_exploratory,Inclusion of Other in Self: stranger,REDCap RF1 FullScoring export (REDCAP_RF1_PATH),cognitive_merge.load_rf1_exploratory,exploratory,current,,,,,66,66,0,numeric,6,1.0,1.0,6.0,complete,,0,,,,,
kbit_iq,master,cognition,KBIT IQ composite,REDCap RF1 FullScoring export (REDCAP_RF1_PATH),cognitive_merge.load_rf1_fullscoring,validation,current,,,,Independent of global_reduced; convergent validity r=+.47.,64,66,2,numeric,28,74.0,109.0,130.0,scattered,correlations.py qc_cognitive_composite.py qc_paper_variables.py survey_exploration.py table1.py,5,0.391,0.6303030303030301,0.32,0.43076923076923057,11326 11461
loneliness_companionship,master,survey_affect_social,UCLA-3 loneliness: companionship,REDCap RF1 raw export (REDCAP_RF1_RAW_PATH),cognitive_merge.load_rf1_substance_mood,exploratory,current,,age-gated; enrollment-gated,"Present only for ages 57-76 AND enrollment ranks <= 26: part of the older-adult battery, then dropped. Not recoverable.",,13,66,53,numeric,3,1.0,1.0,3.0,age-gated (older present); leans enrollment (earlier present),,0,0.914,4.3268438761062714e-06,0.154,0.0001244176758223796,
loneliness_isolated,master,survey_affect_social,UCLA-3 loneliness: isolated,REDCap RF1 raw export (REDCAP_RF1_RAW_PATH),cognitive_merge.load_rf1_substance_mood,exploratory,current,,age-gated; enrollment-gated,"Present only for ages 57-76 AND enrollment ranks <= 26: part of the older-adult battery, then dropped. Not recoverable.",,13,66,53,numeric,3,1.0,1.0,3.0,age-gated (older present); leans enrollment (earlier present),,0,0.914,4.3268438761062714e-06,0.154,0.0001244176758223796,
loneliness_left_out,master,survey_affect_social,UCLA-3 loneliness: left_out,REDCap RF1 raw export (REDCAP_RF1_RAW_PATH),cognitive_merge.load_rf1_substance_mood,exploratory,current,,age-gated; enrollment-gated,"Present only for ages 57-76 AND enrollment ranks <= 26: part of the older-adult battery, then dropped. Not recoverable.",,13,66,53,numeric,3,1.0,1.0,3.0,age-gated (older present); leans enrollment (earlier present),,0,0.914,4.3268438761062714e-06,0.154,0.0001244176758223796,
loneliness_total,master,survey_affect_social,UCLA-3 loneliness: total,REDCap RF1 raw export (REDCAP_RF1_RAW_PATH),cognitive_merge.load_rf1_substance_mood,exploratory,current,,age-gated; enrollment-gated,"Present only for ages 57-76 AND enrollment ranks <= 26: part of the older-adult battery, then dropped. Not recoverable.",,13,66,53,numeric,6,3.0,4.0,9.0,age-gated (older present); leans enrollment (earlier present),audit_sample.py build_data_audit_nb.py build_results_paper_nb.py,3,0.914,4.3268438761062714e-06,0.154,0.0001244176758223796,
mach_iv_total,master,survey_exploratory,Mach-IV total,REDCap RF1 FullScoring export (REDCAP_RF1_PATH),cognitive_merge.load_rf1_exploratory,exploratory,current,,age-gated; enrollment-gated,"Answered by 11 subjects, mostly older and early-enrolled -- the same early older-adult battery as PNR and loneliness. Not recoverable.",REDCap returns 20 (the minimum) for an unanswered questionnaire; 20 is treated as missing. 11 real scores (56-95).,11,66,55,numeric,11,56.0,87.0,101.0,leans age (older present); leans enrollment (earlier present),,0,0.841,0.0003935074201218785,0.116,6.558702502829127e-05,
memory_composite,master,cognitive_composite,Legacy memory domain (mean of available z-scores),z-scored cognition columns,cognitive_merge.compute_cognitive_composites,legacy,legacy,,,,Input count varies with age; do not use for new work.,66,66,0,numeric,43,-2.4193623489820135,0.07806094042075674,2.4129956059583764,complete,correlations.py survey_exploration.py,2,,,,,
memory_n_measures,master,item_count,Inputs behind memory_composite,derived,cognitive_merge.compute_cognitive_composites,qc,legacy,,,,,66,66,0,numeric,2,1.0,1.0,2.0,complete,qc_cognitive_composite.py,1,,,,,
memory_reduced,master,cognitive_composite,Uniform memory domain (same inputs for every subject),z-scored cognition columns,cognitive_merge.compute_cognitive_composites,covariate_component,current,,,,,66,66,0,numeric,19,-2.4193623489820135,0.1018678883781899,2.4129956059583764,complete,build_results_paper_nb.py qc_cognitive_composite.py qc_paper_variables.py survey_exploration.py table1.py,5,,,,,
memory_reduced_n,master,item_count,Inputs behind memory_reduced,derived,cognitive_merge.compute_cognitive_composites,qc,current,,,,,66,66,0,numeric,1,1.0,1.0,1.0,complete,qc_cognitive_composite.py,1,,,,,
mspss_family,master,survey_affect_social,MSPSS family,REDCap RF1 FullScoring export (REDCAP_RF1_PATH),cognitive_merge.load_rf1_extended,exploratory,current,,enrollment-gated,"Missing for enrollment ranks 1, 2, 5, 7, 8: added to the RF1 protocol after the first eight subjects. Not recoverable.",,61,66,5,numeric,20,1.0,5.5,7.0,enrollment-gated (later present),survey_exploration.py,1,0.557,0.6892149069568424,0.974,1.3427432782271492e-05,10369 10418 10589 10606 10608
mspss_friends,master,survey_affect_social,MSPSS friends,REDCap RF1 FullScoring export (REDCAP_RF1_PATH),cognitive_merge.load_rf1_extended,exploratory,current,,enrollment-gated,"Missing for enrollment ranks 1, 2, 5, 7, 8: added to the RF1 protocol after the first eight subjects. Not recoverable.",,61,66,5,numeric,14,1.5,6.0,7.0,enrollment-gated (later present),survey_exploration.py,1,0.557,0.6892149069568424,0.974,1.3427432782271492e-05,10369 10418 10589 10606 10608
mspss_significant_other,master,survey_affect_social,MSPSS significant other,REDCap RF1 FullScoring export (REDCAP_RF1_PATH),cognitive_merge.load_rf1_extended,exploratory,current,,enrollment-gated,"Missing for enrollment ranks 1, 2, 5, 7, 8: added to the RF1 protocol after the first eight subjects. Not recoverable.",,61,66,5,numeric,19,1.75,6.0,7.0,enrollment-gated (later present),survey_exploration.py,1,0.557,0.6892149069568424,0.974,1.3427432782271492e-05,10369 10418 10589 10606 10608
mspss_total,master,survey_affect_social,MSPSS total,REDCap RF1 FullScoring export (REDCAP_RF1_PATH),cognitive_merge.load_rf1_extended,exploratory,current,,enrollment-gated,"Missing for enrollment ranks 1, 2, 5, 7, 8: added to the RF1 protocol after the first eight subjects. Not recoverable.",,61,66,5,numeric,35,2.0,5.75,7.0,enrollment-gated (later present),survey_exploration.py,1,0.557,0.6892149069568424,0.974,1.3427432782271492e-05,10369 10418 10589 10606 10608
nbs_total,master,survey_affect_social,NBS total,REDCap RF1 FullScoring export (REDCAP_RF1_PATH),cognitive_merge.load_rf1_extended,exploratory,current,,,,,66,66,0,numeric,26,1.5,2.9,4.7,complete,survey_exploration.py,1,,,,,
norc_lifetime,master,survey_affect_social,"NODS/NORC gambling, lifetime",REDCap RF1 FullScoring export (REDCAP_RF1_PATH),cognitive_merge.load_rf1_extended,exploratory,current,,,,,66,66,0,numeric,5,0.0,0.0,5.0,complete,survey_exploration.py,1,,,,,
norc_past_year,master,survey_affect_social,"NODS/NORC gambling, past year",REDCap RF1 FullScoring export (REDCAP_RF1_PATH),cognitive_merge.load_rf1_extended,exploratory,current,,,,,66,66,0,numeric,3,0.0,0.0,2.0,complete,survey_exploration.py,1,,,,,
panas_post_negative,master,survey_exploratory,"PANAS negative, post-session",REDCap RF1 FullScoring export (REDCAP_RF1_PATH),cognitive_merge.load_rf1_exploratory,exploratory,current,,,,,66,66,0,numeric,11,10.0,10.0,31.0,complete,,0,,,,,
panas_post_positive,master,survey_exploratory,"PANAS positive, post-session",REDCap RF1 FullScoring export (REDCAP_RF1_PATH),cognitive_merge.load_rf1_exploratory,exploratory,current,,,,,66,66,0,numeric,29,12.0,29.5,50.0,complete,,0,,,,,
panas_pre_negative,master,survey_exploratory,"PANAS negative, pre-session",REDCap RF1 FullScoring export (REDCAP_RF1_PATH),cognitive_merge.load_rf1_exploratory,exploratory,current,,,,,66,66,0,numeric,13,10.0,11.5,29.0,complete,,0,,,,,
panas_pre_positive,master,survey_exploratory,"PANAS positive, pre-session",REDCap RF1 FullScoring export (REDCAP_RF1_PATH),cognitive_merge.load_rf1_exploratory,exploratory,current,,,,,66,66,0,numeric,25,17.0,31.0,45.0,complete,,0,,,,,
planfulness_cs,master,survey_exploratory,Planfulness: cognitive strategies,REDCap RF1 FullScoring export (REDCAP_RF1_PATH),cognitive_merge.load_rf1_exploratory,exploratory,current,,,,,66,66,0,numeric,19,2.5,3.75,4.6,complete,,0,,,,,
planfulness_mf,master,survey_exploratory,Planfulness: mental focus,REDCap RF1 FullScoring export (REDCAP_RF1_PATH),cognitive_merge.load_rf1_exploratory,exploratory,current,,,,,66,66,0,numeric,23,2.0,3.6500000000000004,4.7,complete,,0,,,,,
planfulness_to,master,survey_exploratory,Planfulness: temporal orientation,REDCap RF1 FullScoring export (REDCAP_RF1_PATH),cognitive_merge.load_rf1_exploratory,exploratory,current,,,,,66,66,0,numeric,20,2.5,3.8,4.7,complete,,0,,,,,
planfulness_total,master,survey_exploratory,Planfulness total,REDCap RF1 FullScoring export (REDCAP_RF1_PATH),cognitive_merge.load_rf1_exploratory,exploratory,current,,,,,66,66,0,numeric,38,2.47,3.7,4.6,complete,,0,,,,,
pnr_negative,master,survey_exploratory,PNR negative,REDCap RF1 FullScoring export (REDCAP_RF1_PATH),cognitive_merge.load_rf1_exploratory,exploratory,current,,age-gated; enrollment-gated,"Present for 9 subjects, 8 of them 59+, all enrollment ranks <= 21. Not recoverable.",,9,66,57,numeric,9,9.0,24.0,51.0,leans age (older present); leans enrollment (earlier present),,0,0.856,0.0006721815716294337,0.125,0.0003338229406976562,
pnr_positive,master,survey_exploratory,PNR positive,REDCap RF1 FullScoring export (REDCAP_RF1_PATH),cognitive_merge.load_rf1_exploratory,exploratory,current,,age-gated; enrollment-gated,"Present for 9 subjects, 8 of them 59+, all enrollment ranks <= 21. Not recoverable.",,9,66,57,numeric,7,46.0,52.0,63.0,leans age (older present); leans enrollment (earlier present),,0,0.856,0.0006721815716294337,0.125,0.0003338229406976562,
present_bias_10wk,master,survey_exploratory,"Present bias, 10-week delay",REDCap RF1 FullScoring export (REDCAP_RF1_PATH),cognitive_merge.load_rf1_exploratory,exploratory,current,,,,,66,66,0,numeric,19,1.0,4.41666666666665,6.0,complete,,0,,,,,
present_bias_14wk,master,survey_exploratory,"Present bias, 14-week delay",REDCap RF1 FullScoring export (REDCAP_RF1_PATH),cognitive_merge.load_rf1_exploratory,exploratory,current,,,,,66,66,0,numeric,23,1.0,3.8333333333333335,6.0,complete,,0,,,,,
present_bias_5wk,master,survey_exploratory,"Present bias, 5-week delay",REDCap RF1 FullScoring export (REDCAP_RF1_PATH),cognitive_merge.load_rf1_exploratory,exploratory,current,,,,,66,66,0,numeric,20,1.0,5.33333333333335,6.0,complete,,0,,,,,
present_bias_9wk,master,survey_exploratory,"Present bias, 9-week delay",REDCap RF1 FullScoring export (REDCAP_RF1_PATH),cognitive_merge.load_rf1_exploratory,exploratory,current,,,,,66,66,0,numeric,19,1.0,4.5,6.0,complete,,0,,,,,
promis_anxiety,master,survey_health,PROMIS: anxiety,REDCap RF1 raw export (REDCAP_RF1_RAW_PATH),cognitive_merge._score_promis,exploratory,current,,enrollment-gated,Collected for early enrollees only (protocol changed). Not recoverable.,,15,66,51,numeric,7,4.0,5.0,12.0,enrollment-gated (earlier present),audit_sample.py build_data_audit_nb.py build_results_paper_nb.py survey_exploration.py,4,0.633,0.12224698560804109,0.008,8.756375916915132e-09,
promis_depression,master,survey_health,PROMIS: depression,REDCap RF1 raw export (REDCAP_RF1_RAW_PATH),cognitive_merge._score_promis,exploratory,current,,enrollment-gated,Collected for early enrollees only (protocol changed). Not recoverable.,,15,66,51,numeric,7,4.0,5.0,13.0,enrollment-gated (earlier present),build_results_paper_nb.py survey_exploration.py,2,0.633,0.12224698560804109,0.008,8.756375916915132e-09,
promis_fatigue,master,survey_health,PROMIS: fatigue,REDCap RF1 raw export (REDCAP_RF1_RAW_PATH),cognitive_merge._score_promis,exploratory,current,,enrollment-gated,Collected for early enrollees only (protocol changed). Not recoverable.,,15,66,51,numeric,7,3.0,7.0,12.0,enrollment-gated (earlier present),survey_exploration.py,1,0.633,0.12224698560804109,0.008,8.756375916915132e-09,
promis_pain,master,survey_health,PROMIS: pain,REDCap RF1 raw export (REDCAP_RF1_RAW_PATH),cognitive_merge._score_promis,exploratory,current,,enrollment-gated,Collected for early enrollees only (protocol changed). Not recoverable.,,15,66,51,numeric,5,1.0,2.0,5.0,enrollment-gated (earlier present),survey_exploration.py,1,0.633,0.12224698560804109,0.008,8.756375916915132e-09,
promis_physical,master,survey_health,PROMIS: physical,REDCap RF1 raw export (REDCAP_RF1_RAW_PATH),cognitive_merge._score_promis,exploratory,current,,enrollment-gated,Collected for early enrollees only (protocol changed). Not recoverable.,,15,66,51,numeric,3,17.0,20.0,20.0,enrollment-gated (earlier present),survey_exploration.py,1,0.633,0.12224698560804109,0.008,8.756375916915132e-09,
promis_sleep,master,survey_health,PROMIS: sleep,REDCap RF1 raw export (REDCAP_RF1_RAW_PATH),cognitive_merge._score_promis,exploratory,current,,enrollment-gated,Collected for early enrollees only (protocol changed). Not recoverable.,,15,66,51,numeric,4,2.0,4.0,5.0,enrollment-gated (earlier present),survey_exploration.py,1,0.633,0.12224698560804109,0.008,8.756375916915132e-09,
promis_social,master,survey_health,PROMIS: social,REDCap RF1 raw export (REDCAP_RF1_RAW_PATH),cognitive_merge._score_promis,exploratory,current,,enrollment-gated,Collected for early enrollees only (protocol changed). Not recoverable.,,14,66,52,numeric,5,4.0,4.0,10.0,enrollment-gated (earlier present),survey_exploration.py,1,0.65,0.08878643634367464,0.027,7.131154075987055e-08,
race,master,demographics,Race,REDCap tACS Bandit export (REDCAP_TACS_PATH),cognitive_merge.extract_demographics,descriptive,current,,,,,66,66,0,text,5,,,,complete,audit_sample.py build_data_audit_nb.py sweep_moderators.py table1.py,4,,,,,
rf1_crt_total,master,survey_exploratory,CRT total (RF1 version),REDCap RF1 FullScoring export (REDCAP_RF1_PATH),cognitive_merge.load_rf1_exploratory,exploratory,current,,enrollment-gated,Collected for early enrollees only (protocol changed). Not recoverable.,,7,66,59,numeric,7,0.1,44.0,127.0,enrollment-gated (earlier present),,0,0.487,0.9188795395068532,0.051,5.84753691575479e-06,
running_dots_score,master,cognition,TabCAT Running Dots trial score,TabCAT export (TABCAT_PATH + legacy),cognitive_merge.load_tabcat,composite_input,current,,task-level,9 missing; absent from the TabCAT export itself (task not completed). Not recoverable from this export.,"Uses the raw TabCAT score. Do NOT substitute TabCAT *_Z columns: they are age-normed from the tablet DOB, which is wrong for 10606 (TabCAT 66 vs true 22) and 10741 (28 vs 37).",57,66,9,numeric,32,17.0,29.5,38.5,scattered,audit_sample.py build_data_audit_nb.py build_results_paper_nb.py qc_cognitive_composite.py,4,0.324,0.0926356493662815,0.425,0.4776840759748866,10589 10641 11075 11116 11326 11440 11461 11472 11885
salthouse_letter,master,cognition,Salthouse letter comparison,REDCap RF1 FullScoring export (REDCAP_RF1_PATH),cognitive_merge.load_rf1_fullscoring,composite_input,current,,,,,65,66,1,numeric,27,19.0,34.0,53.0,scattered,audit_sample.py build_data_audit_nb.py build_results_paper_nb.py qc_cognitive_composite.py,4,0.554,0.9090909090909085,0.738,0.5454545454545452,10741
salthouse_pattern,master,cognition,Salthouse pattern comparison,REDCap RF1 FullScoring export (REDCAP_RF1_PATH),cognitive_merge.load_rf1_fullscoring,composite_input,current,,,,,65,66,1,numeric,27,21.0,43.0,60.0,scattered,audit_sample.py build_data_audit_nb.py build_results_paper_nb.py qc_cognitive_composite.py,4,0.554,0.9090909090909085,0.738,0.5454545454545452,10741
scaared_gad,master,survey_affect_social,SCAARED generalized anxiety,REDCap RF1 FullScoring export (REDCAP_RF1_PATH),cognitive_merge.load_rf1_extended,exploratory,current,,,,,64,66,2,numeric,20,0.0,7.0,22.0,scattered,survey_exploration.py,1,0.414,0.7048951048951048,0.891,0.059673659673659674,10559 10649
scaared_separation,master,survey_affect_social,SCAARED separation,REDCap RF1 FullScoring export (REDCAP_RF1_PATH),cognitive_merge.load_rf1_extended,exploratory,current,,,,,64,66,2,numeric,9,0.0,1.0,10.0,scattered,survey_exploration.py,1,0.414,0.7048951048951048,0.891,0.059673659673659674,10559 10649
scaared_social,master,survey_affect_social,SCAARED social,REDCap RF1 FullScoring export (REDCAP_RF1_PATH),cognitive_merge.load_rf1_extended,exploratory,current,,,,,64,66,2,numeric,14,0.0,4.0,14.0,scattered,survey_exploration.py,1,0.414,0.7048951048951048,0.891,0.059673659673659674,10559 10649
scaared_somatic,master,survey_affect_social,SCAARED somatic/panic,REDCap RF1 FullScoring export (REDCAP_RF1_PATH),cognitive_merge.load_rf1_extended,exploratory,current,,,,,64,66,2,numeric,15,0.0,3.0,25.0,scattered,survey_exploration.py,1,0.414,0.7048951048951048,0.891,0.059673659673659674,10559 10649
scaared_total,master,survey_affect_social,SCAARED total,REDCap RF1 FullScoring export (REDCAP_RF1_PATH),cognitive_merge.load_rf1_extended,exploratory,current,,,,,64,66,2,numeric,36,1.0,18.5,57.0,scattered,survey_exploration.py,1,0.414,0.7048951048951048,0.891,0.059673659673659674,10559 10649
scd_q,master,cognition,Subjective Cognitive Decline Questionnaire,REDCap RF1 FullScoring export (REDCAP_RF1_PATH),cognitive_merge.load_rf1_fullscoring,exploratory,current,,,,,66,66,0,numeric,37,0.0,1.125,4.9,complete,correlations.py qc_paper_variables.py survey_exploration.py table1.py,4,,,,,
set_shifting_score,master,cognition,TabCAT Set Shifting total score,TabCAT export (TABCAT_PATH + legacy),cognitive_merge.load_tabcat,composite_input,current,,,,"Parsed all along but dropped at the composite merge until 2026-09. Uses the raw TabCAT score. Do NOT substitute TabCAT *_Z columns: they are age-normed from the tablet DOB, which is wrong for 10606 (TabCAT 66 vs true 22) and 10741 (28 vs 37).",63,66,3,numeric,57,6.0,8.12,9.84,scattered,qc_cognitive_composite.py,1,0.291,0.24278846153846156,0.455,0.8165646853146853,10641 11461 11472
sham_accuracy,master,behaviour_accuracy,Sham session: proportion optimal choices,Bandit task behaviour (data/bandit),accuracy_analysis.compute_condition_level_accuracy -> cognitive_merge.build_subject_df,outcome,current,,,,,61,66,5,numeric,59,0.4485294117647059,0.6458333333333334,0.8397435897435898,scattered,accuracy_analysis.py age_moderated_stimulation.py audit_sample.py baseline_moderation_diagnostic.py build_data_audit_nb.py build_results_paper_nb.py loseshift_accuracy_diagnostic.py qc_paper_variables.py samples.py survey_exploration.py table1.py,11,0.63,0.3554382445511478,0.374,0.3681135173070657,10961 11066 11433 11440 11492
sham_alpha,master,behaviour_rl_mle,Sham session: RW learning rate (MLE),Bandit task behaviour (data/bandit),rescorla_wagner.fit_rw_by_condition(method=mle) -> cognitive_merge.build_subject_df,outcome,current,,,,MLE alpha pinned at 0/1 for ~1/3 of subjects; see _hb.,61,66,5,numeric,46,0.001,0.8273360171533771,0.999,scattered,age_moderated_stimulation.py audit_sample.py baseline_vs_age.py build_data_audit_nb.py build_results_paper_nb.py compare_composites.py config.py correlations.py hypothesis_tests.py order_effects.py presentation_plots.py qc_paper_variables.py rl_models/run_within_fit.py samples.py survey_exploration.py table1.py,16,0.63,0.3554382445511478,0.374,0.3681135173070657,10961 11066 11433 11440 11492
sham_alpha_hb,master,behaviour_rl_hb,"Sham: RW alpha, hierarchical posterior mean",derivatives/rl_models/rw_within_all_subjects.csv,"rl_models/run_fit.py (fit_within, NumPyro NUTS) -> cognitive_merge.build_subject_df",outcome,current,,by-design,Hierarchical fit restricted to the 55 subjects with both conditions.,,57,66,9,numeric,57,0.023906767,0.77006024,0.98542637,scattered,build_results_paper_nb.py samples.py,2,0.46,0.7086266053216712,0.374,0.23175745875099685,10716 10898 10961 11066 11433 11440 11492 11606 11773
sham_alpha_sd_hb,master,behaviour_rl_hb,"Sham: RW alpha, posterior SD",derivatives/rl_models/rw_within_all_subjects.csv,"rl_models/run_fit.py (fit_within, NumPyro NUTS) -> cognitive_merge.build_subject_df",qc,current,,by-design,As above.,,57,66,9,numeric,57,0.020048866,0.10022787,0.37298247,scattered,,0,0.46,0.7086266053216712,0.374,0.23175745875099685,10716 10898 10961 11066 11433 11440 11492 11606 11773
sham_asymptotic_acc,master,behaviour_derived,Sham session: proportion correct in the 5 trials before a reversal (stable-contingency performance),Bandit task behaviour (data/bandit),derived_behaviour.compute_derived_behaviour -> build_master_data -> cognitive_merge.build_subject_df,outcome,current,exploratory,,,Trial column recorded from the first session; unused in the pipeline until 2026-09-22.,61,66,5,numeric,14,0.35,0.7,1.0,scattered,,0,0.63,0.3554382445511478,0.374,0.3681135173070657,10961 11066 11433 11440 11492
sham_beta,master,behaviour_rl_mle,Sham session: RW inverse temperature (MLE),Bandit task behaviour (data/bandit),rescorla_wagner.fit_rw_by_condition(method=mle) -> cognitive_merge.build_subject_df,outcome,current,H1.1.1,,,MLE and hierarchical beta disagree (active r=.013); see _hb.,61,66,5,numeric,61,0.01,2.851763938596989,50.0,scattered,age_moderated_stimulation.py audit_sample.py baseline_vs_age.py build_data_audit_nb.py build_results_paper_nb.py compare_composites.py config.py correlations.py hypothesis_tests.py order_effects.py presentation_plots.py qc_paper_variables.py rl_models/run_within_fit.py samples.py survey_exploration.py table1.py,16,0.63,0.3554382445511478,0.374,0.3681135173070657,10961 11066 11433 11440 11492
sham_beta_hb,master,behaviour_rl_hb,"Sham: RW beta, hierarchical posterior mean",derivatives/rl_models/rw_within_all_subjects.csv,"rl_models/run_fit.py (fit_within, NumPyro NUTS) -> cognitive_merge.build_subject_df",outcome,current,,by-design,Hierarchical fit restricted to the 55 subjects with both conditions.,,57,66,9,numeric,57,1.0188714,2.7234058,6.99172,scattered,samples.py,1,0.46,0.7086266053216712,0.374,0.23175745875099685,10716 10898 10961 11066 11433 11440 11492 11606 11773
sham_beta_sd_hb,master,behaviour_rl_hb,"Sham: RW beta, posterior SD",derivatives/rl_models/rw_within_all_subjects.csv,"rl_models/run_fit.py (fit_within, NumPyro NUTS) -> cognitive_merge.build_subject_df",qc,current,,by-design,As above.,,57,66,9,numeric,57,0.26094627,0.66235036,1.6128483,scattered,,0,0.46,0.7086266053216712,0.374,0.23175745875099685,10716 10898 10961 11066 11433 11440 11492 11606 11773
sham_guess_stim_rate,master,behaviour_derived,Sham session: proportion of runs the participant said they believed they were being stimulated,Bandit task behaviour (data/bandit),derived_behaviour.score_blinding -> build_master_data -> cognitive_merge.build_subject_df,qc,current,blinding check,,,Blinding integrity. delta_guess_stim_rate is the discrimination index (active - sham).,61,66,5,numeric,3,0.0,0.5,1.0,scattered,,0,0.63,0.3554382445511478,0.374,0.3681135173070657,10961 11066 11433 11440 11492
sham_lapse_rate,master,behaviour_derived,Sham session: proportion of trials with no response,Bandit task behaviour (data/bandit),derived_behaviour.compute_derived_behaviour -> build_master_data -> cognitive_merge.build_subject_df,outcome,current,exploratory,,,Trial column recorded from the first session; unused in the pipeline until 2026-09-22.,61,66,5,numeric,29,0.0,0.0068027210884353,0.1048951048951049,scattered,,0,0.63,0.3554382445511478,0.374,0.3681135173070657,10961 11066 11433 11440 11492
sham_n_rt_trials,master,behaviour_derived,Sham session: number of trials contributing to the RT measures,Bandit task behaviour (data/bandit),derived_behaviour.compute_derived_behaviour -> build_master_data -> cognitive_merge.build_subject_df,qc,current,exploratory,,,Trial column recorded from the first session; unused in the pipeline until 2026-09-22.,61,66,5,numeric,25,70.0,145.0,156.0,scattered,,0,0.63,0.3554382445511478,0.374,0.3681135173070657,10961 11066 11433 11440 11492
sham_p_shift_lose,master,behaviour_wsls,Sham session: P(shift | lose),Bandit task behaviour (data/bandit),wsls.compute_wsls_h1_h2 -> cognitive_merge.build_subject_df,outcome,current,"H1.1, H1.2",,,,61,66,5,numeric,60,0.2,0.5217391304347826,1.0,scattered,age_moderated_stimulation.py audit_sample.py baseline_vs_age.py build_data_audit_nb.py build_results_paper_nb.py compare_composites.py compare_rl_estimates.py correlations.py hypothesis_tests.py loseshift_accuracy_diagnostic.py order_effects.py presentation_plots.py qc_paper_variables.py samples.py survey_exploration.py table1.py,16,0.63,0.3554382445511478,0.374,0.3681135173070657,10961 11066 11433 11440 11492
sham_p_stay_win,master,behaviour_wsls,Sham session: P(stay | win),Bandit task behaviour (data/bandit),wsls.compute_wsls_h1_h2 -> cognitive_merge.build_subject_df,outcome,current,"H1.1, H1.2",,,,61,66,5,numeric,59,0.4225352112676056,0.9036144578313252,1.0,scattered,age_moderated_stimulation.py audit_sample.py baseline_vs_age.py build_data_audit_nb.py build_results_paper_nb.py compare_composites.py correlations.py hypothesis_tests.py loseshift_accuracy_diagnostic.py order_effects.py qc_paper_variables.py samples.py survey_exploration.py table1.py,14,0.63,0.3554382445511478,0.374,0.3681135173070657,10961 11066 11433 11440 11492
sham_persev_errors,master,behaviour_derived,Sham session: proportion incorrect in the 5 trials after a reversal (perseveration on the previously-good option),Bandit task behaviour (data/bandit),derived_behaviour.compute_derived_behaviour -> build_master_data -> cognitive_merge.build_subject_df,outcome,current,exploratory,,,Trial column recorded from the first session; unused in the pipeline until 2026-09-22.,61,66,5,numeric,15,0.15,0.5,1.0,scattered,,0,0.63,0.3554382445511478,0.374,0.3681135173070657,10961 11066 11433 11440 11492
sham_rt_cv,master,behaviour_derived,Sham session: coefficient of variation of response time,Bandit task behaviour (data/bandit),derived_behaviour.compute_derived_behaviour -> build_master_data -> cognitive_merge.build_subject_df,outcome,current,exploratory,,,Trial column recorded from the first session; unused in the pipeline until 2026-09-22.,61,66,5,numeric,61,0.243846156961174,0.3905976147441797,0.6289145459260546,scattered,,0,0.63,0.3554382445511478,0.374,0.3681135173070657,10961 11066 11433 11440 11492
sham_rt_mean,master,behaviour_derived,"Sham session: mean response time (ms), trials 200-1990 ms",Bandit task behaviour (data/bandit),derived_behaviour.compute_derived_behaviour -> build_master_data -> cognitive_merge.build_subject_df,outcome,current,H1 baseline; exploratory,,,Trial column recorded from the first session; unused in the pipeline until 2026-09-22.,61,66,5,numeric,61,350.19884454576595,677.6760528827535,1334.6183071136477,scattered,,0,0.63,0.3554382445511478,0.374,0.3681135173070657,10961 11066 11433 11440 11492
sham_rt_post_error,master,behaviour_derived,"Sham session: post-error slowing: mean RT after an incorrect choice minus after a correct one, within run",Bandit task behaviour (data/bandit),derived_behaviour.compute_derived_behaviour -> build_master_data -> cognitive_merge.build_subject_df,outcome,current,exploratory,,,Trial column recorded from the first session; unused in the pipeline until 2026-09-22.,61,66,5,numeric,61,-180.48908936766088,10.78933127562732,141.75473474095963,scattered,,0,0.63,0.3554382445511478,0.374,0.3681135173070657,10961 11066 11433 11440 11492
sham_rt_post_loss,master,behaviour_derived,"Sham session: post-loss slowing: mean RT after an unrewarded trial minus after a rewarded one, within run",Bandit task behaviour (data/bandit),derived_behaviour.compute_derived_behaviour -> build_master_data -> cognitive_merge.build_subject_df,outcome,current,exploratory,,,Trial column recorded from the first session; unused in the pipeline until 2026-09-22.,61,66,5,numeric,61,-145.16047247233257,18.007315122164187,283.47366588661464,scattered,,0,0.63,0.3554382445511478,0.374,0.3681135173070657,10961 11066 11433 11440 11492
sham_rt_sd,master,behaviour_derived,Sham session: SD of response time (ms),Bandit task behaviour (data/bandit),derived_behaviour.compute_derived_behaviour -> build_master_data -> cognitive_merge.build_subject_df,outcome,current,exploratory,,,Trial column recorded from the first session; unused in the pipeline until 2026-09-22.,61,66,5,numeric,61,117.33752457820458,262.13918148434016,468.8495568284054,scattered,,0,0.63,0.3554382445511478,0.374,0.3681135173070657,10961 11066 11433 11440 11492
sham_switch_rate,master,behaviour_derived,Sham session: proportion of consecutive within-run trials on which the choice changed,Bandit task behaviour (data/bandit),derived_behaviour.compute_derived_behaviour -> build_master_data -> cognitive_merge.build_subject_df,outcome,current,exploratory,,,Trial column recorded from the first session; unused in the pipeline until 2026-09-22.,61,66,5,numeric,59,0.0890410958904109,0.3241379310344827,0.5886075949367089,scattered,,0,0.63,0.3554382445511478,0.374,0.3681135173070657,10961 11066 11433 11440 11492
sham_ttc,master,behaviour_accuracy,Sham session: mean trials after a reversal to reach 3 consecutive correct,Bandit task behaviour (data/bandit),reversal_analysis.identify_reversals + compute_trials_to_criterion -> build_master_data -> cognitive_merge.build_subject_df,outcome,current,H1 baseline,,,"Parameters in config (TTC_CRITERION, REVERSAL_WINDOW_*). Moved from notebook-only to the master build 2026-09-22.",61,66,5,numeric,34,0.5,3.25,13.0,scattered,build_results_paper_nb.py config.py qc_paper_variables.py sweep_moderators.py table1.py,5,0.63,0.3554382445511478,0.374,0.3681135173070657,10961 11066 11433 11440 11492
sham_ttc_censored,master,behaviour_accuracy,"Sham session: mean trials-to-criterion with unsolved reversals filled with the trials available (a lower bound), removing the survivorship bias in the raw mean",Bandit task behaviour (data/bandit),reversal_analysis.compute_trials_to_criterion -> build_master_data -> cognitive_merge.build_subject_df,outcome,current,H1 baseline; H2.1; H2.2,,,Primary under TTC_CENSORING = censored. The raw column averages only solved reversals.,61,66,5,numeric,35,0.5,5.0,14.5,scattered,build_results_paper_nb.py config.py sweep_moderators.py,3,0.63,0.3554382445511478,0.374,0.3681135173070657,10961 11066 11433 11440 11492
sham_ttc_reach_rate,master,behaviour_accuracy,Sham session: proportion of reversals on which criterion was reached,Bandit task behaviour (data/bandit),reversal_analysis.compute_trials_to_criterion -> build_master_data -> cognitive_merge.build_subject_df,outcome,current,exploratory,,,The quantity the raw TTC mean was silently conditioning on.,61,66,5,numeric,4,0.25,1.0,1.0,scattered,build_results_paper_nb.py,1,0.63,0.3554382445511478,0.374,0.3681135173070657,10961 11066 11433 11440 11492
sham_win_rate,master,behaviour_accuracy,Sham session: proportion rewarded trials,Bandit task behaviour (data/bandit),accuracy_analysis.compute_condition_level_accuracy -> cognitive_merge.build_subject_df,outcome,current,,,,,61,66,5,numeric,57,0.4556962025316455,0.5684931506849316,0.6973684210526315,scattered,age_moderated_stimulation.py audit_sample.py baseline_moderation_diagnostic.py build_results_paper_nb.py loseshift_accuracy_diagnostic.py qc_paper_variables.py samples.py survey_exploration.py table1.py,9,0.63,0.3554382445511478,0.374,0.3681135173070657,10961 11066 11433 11440 11492
sogs_total,master,survey_affect_social,South Oaks Gambling Screen,REDCap RF1 FullScoring export (REDCAP_RF1_PATH),cognitive_merge.load_rf1_extended,exploratory,unavailable,,,,PENDING: score from item responses. The REDCap total is 0 for all 347 records in the RF1 project (broken calculated field); item answers exist for 64 of ours and are not all zero.,0,66,66,text,0,,,,,survey_exploration.py,1,,,,,
speed_composite,master,cognitive_composite,Legacy speed domain (mean of available z-scores),z-scored cognition columns,cognitive_merge.compute_cognitive_composites,legacy,legacy,,,,Input count varies with age; do not use for new work.,65,66,1,numeric,63,-1.8182089022600216,0.1029856139344566,1.9751243511659928,scattered,correlations.py survey_exploration.py,2,0.554,0.9090909090909085,0.738,0.5454545454545452,10741
speed_n_measures,master,item_count,Inputs behind speed_composite,derived,cognitive_merge.compute_cognitive_composites,qc,legacy,,,,,66,66,0,numeric,3,0.0,2.0,3.0,complete,,0,,,,,
speed_reduced,master,cognitive_composite,Uniform speed domain (same inputs for every subject),z-scored cognition columns,cognitive_merge.compute_cognitive_composites,covariate_component,current,,,,,65,66,1,numeric,61,-1.8504388964443197,0.0596271040198852,1.9751243511659928,scattered,build_results_paper_nb.py qc_cognitive_composite.py qc_paper_variables.py survey_exploration.py table1.py,5,0.554,0.9090909090909085,0.738,0.5454545454545452,10741
speed_reduced_n,master,item_count,Inputs behind speed_reduced,derived,cognitive_merge.compute_cognitive_composites,qc,current,,,,,66,66,0,numeric,2,0.0,2.0,2.0,complete,,0,,,,,
spsrq_sp,master,survey_reward,SPSRQ Sensitivity to Punishment (sum of 10 items),REDCap tACS Bandit export (REDCAP_TACS_PATH),cognitive_merge.score_spsrq,predictor,current,H1.2,,,,61,66,5,numeric,26,11.0,26.0,42.0,scattered,audit_sample.py build_data_audit_nb.py build_results_paper_nb.py compare_composites.py correlations.py hypothesis_tests.py qc_paper_variables.py survey_exploration.py table1.py,9,0.751,0.06433284457478007,0.511,0.9438411051314278,10656 10886 10998 11066 11773
spsrq_sp_n_items,master,item_count,Items answered for SPSRQ_SP,REDCap tACS Bandit export (REDCAP_TACS_PATH),cognitive_merge.score_spsrq,qc,current,,,,,66,66,0,numeric,2,0.0,10.0,10.0,complete,,0,,,,,
spsrq_sr,master,survey_reward,SPSRQ Sensitivity to Reward (sum of 10 items),REDCap tACS Bandit export (REDCAP_TACS_PATH),cognitive_merge.score_spsrq,predictor,current,H1.2,,,,61,66,5,numeric,22,12.0,25.0,42.0,scattered,audit_sample.py build_data_audit_nb.py build_results_paper_nb.py compare_composites.py correlations.py hypothesis_tests.py qc_paper_variables.py survey_exploration.py table1.py,9,0.751,0.06433284457478007,0.511,0.9438411051314278,10656 10886 10998 11066 11773
spsrq_sr_n_items,master,item_count,Items answered for SPSRQ_SR,REDCap tACS Bandit export (REDCAP_TACS_PATH),cognitive_merge.score_spsrq,qc,current,,,,,66,66,0,numeric,2,0.0,10.0,10.0,complete,,0,,,,,
subject_id,master,identifier,Participant ID (5-digit),SUBJECT_INFO in config.py,cognitive_merge.build_subject_df,identifier,current,,,,,66,66,0,numeric,66,10369.0,11033.5,11920.0,complete,,0,,,,,
susd_depression,master,survey_affect_social,SUSD depression,REDCap RF1 FullScoring export (REDCAP_RF1_PATH),cognitive_merge.load_rf1_extended,exploratory,current,,,,,66,66,0,numeric,15,0.0,3.0,17.0,complete,survey_exploration.py,1,,,,,
susd_mania,master,survey_affect_social,SUSD mania,REDCap RF1 FullScoring export (REDCAP_RF1_PATH),cognitive_merge.load_rf1_extended,exploratory,current,,,,,66,66,0,numeric,12,0.0,3.0,17.0,complete,survey_exploration.py,1,,,,,
tei_emotionality,master,survey_exploratory,TEIQue emotionality,REDCap RF1 FullScoring export (REDCAP_RF1_PATH),cognitive_merge.load_rf1_exploratory,exploratory,current,,enrollment-gated,"Missing for enrollment ranks 3, 4 (early protocol) and 13 (individual).",,63,66,3,numeric,27,2.0,5.38,7.0,enrollment-gated (later present),,0,0.296,0.2554632867132867,0.926,0.0064248251748251755,10541 10559 10649
tei_selfcontrol,master,survey_exploratory,TEIQue self-control,REDCap RF1 FullScoring export (REDCAP_RF1_PATH),cognitive_merge.load_rf1_exploratory,exploratory,current,,enrollment-gated,"Missing for enrollment ranks 3, 4 (early protocol) and 13 (individual).",,63,66,3,numeric,22,3.0,5.33,6.83,enrollment-gated (later present),,0,0.296,0.2554632867132867,0.926,0.0064248251748251755,10541 10559 10649
tei_sociability,master,survey_exploratory,TEIQue sociability,REDCap RF1 FullScoring export (REDCAP_RF1_PATH),cognitive_merge.load_rf1_exploratory,exploratory,current,,enrollment-gated,"Missing for enrollment ranks 3, 4 (early protocol) and 13 (individual).",,63,66,3,numeric,27,2.33,4.83,6.5,enrollment-gated (later present),,0,0.296,0.2554632867132867,0.926,0.0064248251748251755,10541 10559 10649
tei_total,master,survey_exploratory,TEIQue total,REDCap RF1 FullScoring export (REDCAP_RF1_PATH),cognitive_merge.load_rf1_exploratory,exploratory,current,,enrollment-gated,"Missing for enrollment ranks 3, 4 (early protocol) and 13 (individual).",,63,66,3,numeric,44,3.13,5.3,6.67,enrollment-gated (later present),,0,0.296,0.2554632867132867,0.926,0.0064248251748251755,10541 10559 10649
tei_wellbeing,master,survey_exploratory,TEIQue wellbeing,REDCap RF1 FullScoring export (REDCAP_RF1_PATH),cognitive_merge.load_rf1_exploratory,exploratory,current,,enrollment-gated,"Missing for enrollment ranks 3, 4 (early protocol) and 13 (individual).",,63,66,3,numeric,25,2.5,5.83,7.0,enrollment-gated (later present),,0,0.296,0.2554632867132867,0.926,0.0064248251748251755,10541 10559 10649
theta_median,master,eeg,"Theta bursting, median of the within-run normalised 4-8 Hz envelope","derivatives/eeg/theta_subject_metrics.csv (EEG, data/nic)",run_theta_metrics.py -> eeg_theta.run_theta_analysis -> build_master_data.load_theta,secondary,current,,individual,"Missing 7: no EEG recorded for 11030, 11066, 11316, 11433, 11542, 11861; 11606 has EEG but both baseline runs exceed the 10% artifact threshold (32%, 57%)."," Not ""reactivity"": nothing is locked to feedback. Power is normalised by the whole run mean, so this is burstiness relative to the subject’s own average. Not localisable either — F4/P4/P3 correlate at median r = .998 raw, so it is a global measure, not frontal. Validity control: theta_p95_excess.",59,66,7,numeric,59,-88.61065983630083,-49.355205668159115,-32.23255374303378,scattered,audit_sample.py build_data_audit_nb.py eeg_theta.py survey_exploration.py theta_visualization.py,5,0.617,0.32485906074946275,0.283,0.06292974902176382,11030 11066 11316 11433 11542 11606 11861
theta_p75,master,eeg,"Theta bursting, 75th percentile of the within-run normalised 4-8 Hz envelope","derivatives/eeg/theta_subject_metrics.csv (EEG, data/nic)",run_theta_metrics.py -> eeg_theta.run_theta_analysis -> build_master_data.load_theta,secondary,current,,individual,"Missing 7: no EEG recorded for 11030, 11066, 11316, 11433, 11542, 11861; 11606 has EEG but both baseline runs exceed the 10% artifact threshold (32%, 57%)."," Not ""reactivity"": nothing is locked to feedback. Power is normalised by the whole run mean, so this is burstiness relative to the subject’s own average. Not localisable either — F4/P4/P3 correlate at median r = .998 raw, so it is a global measure, not frontal. Validity control: theta_p95_excess.",59,66,7,numeric,59,-30.27915178007401,12.23463359894067,48.87579936440022,scattered,audit_sample.py build_data_audit_nb.py eeg_theta.py survey_exploration.py,4,0.617,0.32485906074946275,0.283,0.06292974902176382,11030 11066 11316 11433 11542 11606 11861
theta_p95,master,eeg,"Theta bursting, 95th percentile of the within-run normalised 4-8 Hz envelope","derivatives/eeg/theta_subject_metrics.csv (EEG, data/nic)",run_theta_metrics.py -> eeg_theta.run_theta_analysis -> build_master_data.load_theta,moderator,current,H2.3 (theta models),individual,"Missing 7: no EEG recorded for 11030, 11066, 11316, 11433, 11542, 11861; 11606 has EEG but both baseline runs exceed the 10% artifact threshold (32%, 57%)."," Not ""reactivity"": nothing is locked to feedback. Power is normalised by the whole run mean, so this is burstiness relative to the subject’s own average. Not localisable either — F4/P4/P3 correlate at median r = .998 raw, so it is a global measure, not frontal. Validity control: theta_p95_excess.",59,66,7,numeric,59,154.0681432275381,243.23303347767617,430.1311362781979,scattered,audit_sample.py build_data_audit_nb.py build_results_paper_nb.py compare_composites.py compare_rl_estimates.py correlations.py eeg_theta.py hypothesis_tests.py qc_paper_variables.py survey_exploration.py table1.py theta_visualization.py,12,0.617,0.32485906074946275,0.283,0.06292974902176382,11030 11066 11316 11433 11542 11606 11861
theta_p95_excess,master,eeg,theta_p95 minus its surrogate: theta bursting beyond what the run’s own power spectrum produces,"derivatives/eeg/theta_subject_metrics.csv (EEG, data/nic)",run_theta_metrics.py -> eeg_theta.run_theta_analysis -> build_master_data.load_theta,qc,current,validity control,individual,"Missing 7: no EEG recorded for 11030, 11066, 11316, 11433, 11542, 11861; 11606 has EEG but both baseline runs exceed the 10% artifact threshold (32%, 57%).","Positive in 92% of runs (t(118) = +9.18, p = 2e-15). Near zero would mean theta_p95 is reporting the spectrum, not bursting.",59,66,7,numeric,59,-42.916331527310035,51.073285179694224,236.9427485295962,scattered,eeg_theta.py,1,0.617,0.32485906074946275,0.283,0.06292974902176382,11030 11066 11316 11433 11542 11606 11861
theta_p95_surrogate,master,eeg,"theta_p95 recomputed on a phase-randomised surrogate of the same run (identical power spectrum, bursting destroyed)","derivatives/eeg/theta_subject_metrics.csv (EEG, data/nic)",run_theta_metrics.py -> eeg_theta.run_theta_analysis -> build_master_data.load_theta,qc,current,validity control,individual,"Missing 7: no EEG recorded for 11030, 11066, 11316, 11433, 11542, 11861; 11606 has EEG but both baseline runs exceed the 10% artifact threshold (32%, 57%).",See eeg_theta.phase_randomised. The recordings carry a stationary 9.767 Hz device comb; this check demonstrates per run that theta_p95 reflects bursting rather than the spectrum.,59,66,7,numeric,59,183.09888985161703,193.31789475542604,203.11137261029936,scattered,eeg_theta.py,1,0.617,0.32485906074946275,0.283,0.06292974902176382,11030 11066 11316 11433 11542 11606 11861
trails_a_time,master,cognition,Trail Making A time (s),REDCap RF1 raw export (REDCAP_RF1_RAW_PATH),cognitive_merge.load_rf1_raw,legacy_composite_input,legacy,,age-gated,"Administered from ~age 56 only (24-28 of 29 aged 56+, 1 of 36 below). Not recoverable.",,28,66,38,numeric,20,16.0,27.5,66.0,age-gated (older present),audit_sample.py build_data_audit_nb.py build_results_paper_nb.py,3,0.955,3.5403864802358436e-10,0.681,0.012505695766234323,
trails_b_time,master,cognition,Trail Making B time (s),REDCap RF1 raw export (REDCAP_RF1_RAW_PATH),cognitive_merge.load_rf1_raw,legacy_composite_input,legacy,,age-gated,"Administered from ~age 56 only (24-28 of 29 aged 56+, 1 of 36 below). Not recoverable.",,27,66,39,numeric,23,37.0,60.0,341.0,age-gated (older present),audit_sample.py build_results_paper_nb.py,2,0.937,1.982325233864779e-09,0.696,0.007217899867334294,
